<?xml version = '1.0' encoding = 'UTF-8'?>
<Diagram class="oracle.dbtools.crest.swingui.logical.DPVLogical" name="Logical" id="A09E005E-B1F1-17AD-28DA-1403B6B4E0D8">
<createdBy>benja</createdBy>
<modifiedBy>benja</modifiedBy>
<createdTime>2026-01-12 20:40:30 UTC</createdTime>
<autoRoute>false</autoRoute>
<boxInbox>false</boxInbox>
<showLegend>false</showLegend>
<showLabels>false</showLabels>
<showRelAttributes>false</showRelAttributes>
<gridEnabled>false</gridEnabled>
<showGrid>false</showGrid>
<diagramColor>-1</diagramColor>
<display>false</display>
<notation>2</notation>
<objectViews>
<OView class="oracle.dbtools.crest.swingui.logical.TVEntity" oid="15511C52-E374-0413-74A6-18002D4F096E" otype="Entity" vid="765B47C5-A9CF-8122-32D9-20B4EEF827B3">
<hideElementsInCurrentOnly>false</hideElementsInCurrentOnly>
<bounds x="560" y="36" width="293" height="186"/>
</OView>
<OView class="oracle.dbtools.crest.swingui.logical.TVEntity" oid="A02ECC14-879A-85F6-7384-1282DBAE652D" otype="Entity" vid="07ED6AFC-AA93-5AB9-3971-A4145DBF3E98">
<hideElementsInCurrentOnly>false</hideElementsInCurrentOnly>
<bounds x="556" y="303" width="300" height="164"/>
</OView>
<OView class="oracle.dbtools.crest.swingui.logical.TVEntity" oid="B344CE25-9A0E-8560-C352-B07545F1C33A" otype="Entity" vid="0C07095E-1AEA-0164-0F85-13DD36C773AB">
<hideElementsInCurrentOnly>false</hideElementsInCurrentOnly>
<bounds x="89" y="43" width="265" height="173"/>
</OView>
<OView class="oracle.dbtools.crest.swingui.logical.TVEntity" oid="D444A9F3-7CAF-66DF-1327-E56692CD5DDB" otype="Entity" vid="97CD083B-401D-7617-321A-36EBB72BD823">
<hideElementsInCurrentOnly>false</hideElementsInCurrentOnly>
<bounds x="87" y="304" width="267" height="161"/>
</OView>
</objectViews>
<connectors>
<Connector class="oracle.dbtools.crest.swingui.logical.TVRelation" oid="7810083D-E91A-B803-8A94-C58154E0A51E" otype="Relation" vid_source="0C07095E-1AEA-0164-0F85-13DD36C773AB" vid_target="765B47C5-A9CF-8122-32D9-20B4EEF827B3">
<hideElementsInCurrentOnly>false</hideElementsInCurrentOnly>
<backgroundColor>-16777216</backgroundColor>
<lineWidth>1</lineWidth>
<points>
<point x="354" y="129"/>
<point x="560" y="129"/>
</points>
</Connector>
<Connector class="oracle.dbtools.crest.swingui.logical.TVRelation" oid="A26332B4-8722-74E0-4278-2C80BF4B2476" otype="Relation" vid_source="07ED6AFC-AA93-5AB9-3971-A4145DBF3E98" vid_target="765B47C5-A9CF-8122-32D9-20B4EEF827B3">
<hideElementsInCurrentOnly>false</hideElementsInCurrentOnly>
<backgroundColor>-16777216</backgroundColor>
<lineWidth>1</lineWidth>
<points>
<point x="706" y="303"/>
<point x="706" y="222"/>
</points>
</Connector>
<Connector class="oracle.dbtools.crest.swingui.logical.TVRelation" oid="E4B9740A-1CCA-147D-A3C0-683829D4A5E2" otype="Relation" vid_source="97CD083B-401D-7617-321A-36EBB72BD823" vid_target="765B47C5-A9CF-8122-32D9-20B4EEF827B3">
<hideElementsInCurrentOnly>false</hideElementsInCurrentOnly>
<backgroundColor>-16777216</backgroundColor>
<lineWidth>1</lineWidth>
<points>
<point x="354" y="314"/>
<point x="560" y="206"/>
</points>
</Connector>
</connectors>
</Diagram>
