<?xml version = '1.0' encoding = 'UTF-8'?>
<Diagram class="oracle.dbtools.crest.swingui.logical.DPVLogical" name="Logical" id="2391CA14-F59A-A8D3-5193-4ED86BC7658A">
<createdBy>benja</createdBy>
<modifiedBy>benja</modifiedBy>
<createdTime>2026-02-02 04:38:35 UTC</createdTime>
<autoRoute>false</autoRoute>
<boxInbox>false</boxInbox>
<showLegend>false</showLegend>
<showLabels>false</showLabels>
<showRelAttributes>false</showRelAttributes>
<gridEnabled>false</gridEnabled>
<showGrid>false</showGrid>
<diagramColor>-1</diagramColor>
<display>false</display>
<notation>1</notation>
<objectViews>
<OView class="oracle.dbtools.crest.swingui.logical.TVEntity" oid="12D32EC8-E605-613C-545B-2F73A24BFAA5" otype="Entity" vid="821E3704-B008-4D9E-A0D2-1DDAAD7A6946">
<hideElementsInCurrentOnly>false</hideElementsInCurrentOnly>
<bounds x="20" y="18" width="230" height="115"/>
</OView>
<OView class="oracle.dbtools.crest.swingui.logical.TVEntity" oid="13EB5C40-0352-19AB-9676-FC36A6041D32" otype="Entity" vid="E3CCB713-EC91-0436-0CC8-0D7C23647547">
<hideElementsInCurrentOnly>false</hideElementsInCurrentOnly>
<bounds x="664" y="482" width="185" height="87"/>
</OView>
<OView class="oracle.dbtools.crest.swingui.logical.TVEntity" oid="403CFBF2-550B-A274-130E-EE5577867C36" otype="Entity" vid="BB76E16C-9082-3261-14A1-065EB60FE0E1">
<hideElementsInCurrentOnly>false</hideElementsInCurrentOnly>
<bounds x="729" y="256" width="233" height="159"/>
</OView>
<OView class="oracle.dbtools.crest.swingui.logical.TVEntity" oid="44059D05-DEA2-95E0-CA97-52C03D7A8A9C" otype="Entity" vid="D6D961A3-F24B-3DCD-ED45-1BA8BF67738F">
<hideElementsInCurrentOnly>false</hideElementsInCurrentOnly>
<bounds x="1132" y="172" width="234" height="119"/>
</OView>
<OView class="oracle.dbtools.crest.swingui.logical.TVEntity" oid="44A7092E-6B9D-29C3-9CCD-C0909A534D05" otype="Entity" vid="DD7212CC-235E-DB2C-B079-E73021BD673A">
<hideElementsInCurrentOnly>false</hideElementsInCurrentOnly>
<bounds x="1133" y="485" width="234" height="119"/>
</OView>
<OView class="oracle.dbtools.crest.swingui.logical.TVEntity" oid="7B82F09D-48E7-568B-0276-D7908D754388" otype="Entity" vid="E0F7A536-B78A-8BCA-5625-325D94B91856">
<hideElementsInCurrentOnly>false</hideElementsInCurrentOnly>
<bounds x="1052" y="328" width="236" height="120"/>
</OView>
<OView class="oracle.dbtools.crest.swingui.logical.TVEntity" oid="823C842B-ECD2-798F-44DE-13AE02D1E791" otype="Entity" vid="3DB2DCC4-4852-C2F7-8B54-856E3DF3CDBB">
<hideElementsInCurrentOnly>false</hideElementsInCurrentOnly>
<bounds x="18" y="315" width="233" height="115"/>
</OView>
<OView class="oracle.dbtools.crest.swingui.logical.TVEntity" oid="8297EB8B-DC98-8392-9FAF-A3C4DD835985" otype="Entity" vid="7FEA43D7-3FCB-82BE-124A-089EB54F68EF">
<hideElementsInCurrentOnly>false</hideElementsInCurrentOnly>
<bounds x="1132" y="2" width="237" height="127"/>
</OView>
<OView class="oracle.dbtools.crest.swingui.logical.TVEntity" oid="87E81143-4BE5-B13D-59BA-406026E5DDA6" otype="Entity" vid="34281DF9-789B-5360-21EC-C5095DD1A1F0">
<hideElementsInCurrentOnly>false</hideElementsInCurrentOnly>
<bounds x="869" y="481" width="185" height="87"/>
</OView>
<OView class="oracle.dbtools.crest.swingui.logical.TVEntity" oid="B605EF7F-BCDF-EEED-7EC2-0CC024A53DB7" otype="Entity" vid="4DF2ED43-15E6-6A36-55DA-BE6CF4B562E0">
<hideElementsInCurrentOnly>false</hideElementsInCurrentOnly>
<bounds x="18" y="169" width="234" height="111"/>
</OView>
<OView class="oracle.dbtools.crest.swingui.logical.TVEntity" oid="B9FFD23B-866D-5541-C47C-BDDA94E29292" otype="Entity" vid="B503E03E-DC58-63E7-67D0-D8E99EF1DA7F">
<hideElementsInCurrentOnly>false</hideElementsInCurrentOnly>
<bounds x="339" y="188" width="274" height="180"/>
</OView>
<OView class="oracle.dbtools.crest.swingui.logical.TVEntity" oid="CAB9C48D-8160-04BB-0C64-02A62B37D43D" otype="Entity" vid="E470412F-D276-780F-3535-006CFB332E5A">
<hideElementsInCurrentOnly>false</hideElementsInCurrentOnly>
<bounds x="19" y="475" width="228" height="116"/>
</OView>
<OView class="oracle.dbtools.crest.swingui.logical.TVEntity" oid="D625F4EE-9B31-9FF5-2180-1B07D0502B31" otype="Entity" vid="45A5CF43-1C95-855B-B9BE-6555B68B25C6">
<hideElementsInCurrentOnly>false</hideElementsInCurrentOnly>
<bounds x="732" y="14" width="231" height="154"/>
</OView>
</objectViews>
<connectors>
<Connector class="oracle.dbtools.crest.swingui.logical.TVRelation" oid="041FA47A-6676-AC1C-20A2-4FA504B20DFB" otype="Relation" vid_source="45A5CF43-1C95-855B-B9BE-6555B68B25C6" vid_target="B503E03E-DC58-63E7-67D0-D8E99EF1DA7F">
<hideElementsInCurrentOnly>false</hideElementsInCurrentOnly>
<backgroundColor>-16777216</backgroundColor>
<lineWidth>1</lineWidth>
<points>
<point x="769" y="168"/>
<point x="769" y="198"/>
<point x="613" y="198"/>
</points>
</Connector>
<Connector class="oracle.dbtools.crest.swingui.logical.TVInheritanceRelation" oid="049CB9AC-A3FA-4744-4146-3F4F1677637C" otype="Hierarchy relation" vid_source="BB76E16C-9082-3261-14A1-065EB60FE0E1" vid_target="34281DF9-789B-5360-21EC-C5095DD1A1F0">
<hideElementsInCurrentOnly>false</hideElementsInCurrentOnly>
<backgroundColor>-65536</backgroundColor>
<lineWidth>1</lineWidth>
<points>
<point x="915" y="415"/>
<point x="915" y="481"/>
</points>
</Connector>
<Connector class="oracle.dbtools.crest.swingui.logical.TVRelation" oid="32C473A2-823A-D160-AE05-15909A82DCD9" otype="Relation" vid_source="45A5CF43-1C95-855B-B9BE-6555B68B25C6" vid_target="7FEA43D7-3FCB-82BE-124A-089EB54F68EF">
<hideElementsInCurrentOnly>false</hideElementsInCurrentOnly>
<backgroundColor>-16777216</backgroundColor>
<lineWidth>1</lineWidth>
<points>
<point x="963" y="71"/>
<point x="1132" y="71"/>
</points>
</Connector>
<Connector class="oracle.dbtools.crest.swingui.logical.TVRelation" oid="5713BF03-B4A1-9B30-7BEB-E6C2AA5D7AD4" otype="Relation" vid_source="3DB2DCC4-4852-C2F7-8B54-856E3DF3CDBB" vid_target="B503E03E-DC58-63E7-67D0-D8E99EF1DA7F">
<hideElementsInCurrentOnly>false</hideElementsInCurrentOnly>
<backgroundColor>-16777216</backgroundColor>
<lineWidth>1</lineWidth>
<points>
<point x="251" y="341"/>
<point x="339" y="341"/>
</points>
</Connector>
<Connector class="oracle.dbtools.crest.swingui.logical.TVRelation" oid="6287EE2A-11EC-632B-F1E4-658E451E19D3" otype="Relation" vid_source="45A5CF43-1C95-855B-B9BE-6555B68B25C6" vid_target="BB76E16C-9082-3261-14A1-065EB60FE0E1">
<hideElementsInCurrentOnly>false</hideElementsInCurrentOnly>
<backgroundColor>-16777216</backgroundColor>
<lineWidth>1</lineWidth>
<points>
<point x="847" y="168"/>
<point x="847" y="256"/>
</points>
</Connector>
<Connector class="oracle.dbtools.crest.swingui.logical.TVRelation" oid="657D934F-7320-3C02-5374-CF6D99611B1A" otype="Relation" vid_source="E0F7A536-B78A-8BCA-5625-325D94B91856" vid_target="D6D961A3-F24B-3DCD-ED45-1BA8BF67738F">
<hideElementsInCurrentOnly>false</hideElementsInCurrentOnly>
<backgroundColor>-16777216</backgroundColor>
<lineWidth>1</lineWidth>
<points>
<point x="1210" y="328"/>
<point x="1210" y="291"/>
</points>
</Connector>
<Connector class="oracle.dbtools.crest.swingui.logical.TVRelation" oid="799E946E-C51F-5112-706E-EFE5FE575BDC" otype="Relation" vid_source="7FEA43D7-3FCB-82BE-124A-089EB54F68EF" vid_target="D6D961A3-F24B-3DCD-ED45-1BA8BF67738F">
<hideElementsInCurrentOnly>false</hideElementsInCurrentOnly>
<backgroundColor>-16777216</backgroundColor>
<lineWidth>1</lineWidth>
<points>
<point x="1249" y="129"/>
<point x="1249" y="172"/>
</points>
</Connector>
<Connector class="oracle.dbtools.crest.swingui.logical.TVRelation" oid="84CB2737-31FC-A32F-C4E3-131835E41152" otype="Relation" vid_source="821E3704-B008-4D9E-A0D2-1DDAAD7A6946" vid_target="B503E03E-DC58-63E7-67D0-D8E99EF1DA7F">
<hideElementsInCurrentOnly>false</hideElementsInCurrentOnly>
<backgroundColor>-16777216</backgroundColor>
<lineWidth>1</lineWidth>
<points>
<point x="250" y="104"/>
<point x="397" y="104"/>
<point x="397" y="188"/>
</points>
</Connector>
<Connector class="oracle.dbtools.crest.swingui.logical.TVRelation" oid="8C069E26-2491-964A-5F23-419C8A29FAD7" otype="Relation" vid_source="B503E03E-DC58-63E7-67D0-D8E99EF1DA7F" vid_target="E470412F-D276-780F-3535-006CFB332E5A">
<hideElementsInCurrentOnly>false</hideElementsInCurrentOnly>
<backgroundColor>-16777216</backgroundColor>
<lineWidth>1</lineWidth>
<points>
<point x="391" y="368"/>
<point x="391" y="529"/>
<point x="247" y="529"/>
</points>
</Connector>
<Connector class="oracle.dbtools.crest.swingui.logical.TVRelation" oid="8DA45140-0703-C8F1-9D9B-904A2626FD8E" otype="Relation" vid_source="D6D961A3-F24B-3DCD-ED45-1BA8BF67738F" vid_target="B503E03E-DC58-63E7-67D0-D8E99EF1DA7F">
<hideElementsInCurrentOnly>false</hideElementsInCurrentOnly>
<backgroundColor>-16777216</backgroundColor>
<lineWidth>1</lineWidth>
<points>
<point x="1132" y="239"/>
<point x="613" y="239"/>
</points>
</Connector>
<Connector class="oracle.dbtools.crest.swingui.logical.TVInheritanceRelation" oid="B8CAB8DE-4AC0-3FE9-C0A8-4B28121FF8F7" otype="Hierarchy relation" vid_source="BB76E16C-9082-3261-14A1-065EB60FE0E1" vid_target="E3CCB713-EC91-0436-0CC8-0D7C23647547">
<hideElementsInCurrentOnly>false</hideElementsInCurrentOnly>
<backgroundColor>-65536</backgroundColor>
<lineWidth>1</lineWidth>
<points>
<point x="789" y="415"/>
<point x="789" y="482"/>
</points>
</Connector>
<Connector class="oracle.dbtools.crest.swingui.logical.TVRelation" oid="C44DA310-2029-1B82-5B8E-8540B49A8B23" otype="Relation" vid_source="D6D961A3-F24B-3DCD-ED45-1BA8BF67738F" vid_target="45A5CF43-1C95-855B-B9BE-6555B68B25C6">
<hideElementsInCurrentOnly>false</hideElementsInCurrentOnly>
<backgroundColor>-16777216</backgroundColor>
<lineWidth>1</lineWidth>
<points>
<point x="1132" y="197"/>
<point x="932" y="197"/>
<point x="932" y="168"/>
</points>
</Connector>
<Connector class="oracle.dbtools.crest.swingui.logical.TVRelation" oid="C958823C-A7AA-3818-3EAA-76C885883387" otype="Relation" vid_source="DD7212CC-235E-DB2C-B079-E73021BD673A" vid_target="E0F7A536-B78A-8BCA-5625-325D94B91856">
<hideElementsInCurrentOnly>false</hideElementsInCurrentOnly>
<backgroundColor>-16777216</backgroundColor>
<lineWidth>1</lineWidth>
<points>
<point x="1210" y="485"/>
<point x="1210" y="448"/>
</points>
</Connector>
<Connector class="oracle.dbtools.crest.swingui.logical.TVRelation" oid="DD0F70CA-B91B-A88C-A514-FA3C09A1B055" otype="Relation" vid_source="B503E03E-DC58-63E7-67D0-D8E99EF1DA7F" vid_target="BB76E16C-9082-3261-14A1-065EB60FE0E1">
<hideElementsInCurrentOnly>false</hideElementsInCurrentOnly>
<backgroundColor>-16777216</backgroundColor>
<lineWidth>1</lineWidth>
<points>
<point x="613" y="312"/>
<point x="729" y="312"/>
</points>
</Connector>
<Connector class="oracle.dbtools.crest.swingui.logical.TVRelation" oid="E3BB1283-3C2D-5553-637D-994A45A71922" otype="Relation" vid_source="B503E03E-DC58-63E7-67D0-D8E99EF1DA7F" vid_target="4DF2ED43-15E6-6A36-55DA-BE6CF4B562E0">
<hideElementsInCurrentOnly>false</hideElementsInCurrentOnly>
<backgroundColor>-16777216</backgroundColor>
<lineWidth>1</lineWidth>
<points>
<point x="339" y="234"/>
<point x="252" y="234"/>
</points>
</Connector>
<Connector class="oracle.dbtools.crest.swingui.logical.TVRelation" oid="FB4E5A0C-60EC-1322-DEB2-FB52C230C84F" otype="Relation" vid_source="DD7212CC-235E-DB2C-B079-E73021BD673A" vid_target="D6D961A3-F24B-3DCD-ED45-1BA8BF67738F">
<hideElementsInCurrentOnly>false</hideElementsInCurrentOnly>
<backgroundColor>-16777216</backgroundColor>
<lineWidth>1</lineWidth>
<points>
<point x="1334" y="485"/>
<point x="1333" y="291"/>
</points>
</Connector>
</connectors>
<arcs>
<Arc class="oracle.dbtools.crest.swingui.logical.TVArc" oid="CC2C6356-71FB-E3D3-7C32-FCC9937C8D5F" otype="Arc" vid="B36DCCD3-C318-60E1-D62D-E2C2A6F7835A">
<hideElementsInCurrentOnly>false</hideElementsInCurrentOnly>
<bounds x="709" y="236" width="273" height="199"/>
</Arc>
</arcs>
</Diagram>