<?xml version = '1.0' encoding = 'UTF-8'?>
<Entity class="oracle.dbtools.crest.model.design.logical.Entity" directorySegmentName="seg_0" id="403CFBF2-550B-A274-130E-EE5577867C36" name="POSTULACION">
<createdBy>benja</createdBy>
<createdTime>2026-02-02 05:52:39 UTC</createdTime>
<ownerDesignName>Formativa Semana 4</ownerDesignName>
<engineerTo>
<item key="05268D72-EECE-34D2-E2F7-1DF0532D443A" value="true"/>
</engineerTo>
<adequatelyNormalized>NO</adequatelyNormalized>
<expectedVolumes>0</expectedVolumes>
<fwdEngineeringStrategyName>Single Table</fwdEngineeringStrategyName>
<growthPercent>0</growthPercent>
<growthType>Year</growthType>
<maxVolumes>9999999</maxVolumes>
<minVolumes>0</minVolumes>
<normalForm>Third</normalForm>
<attributes itemClass="oracle.dbtools.crest.model.design.logical.Attribute">
<Attribute name="id_postulacion" id="8C09B0F8-B9B6-E081-E5B3-65986358FB38">
<createdBy>benja</createdBy>
<createdTime>2026-02-02 05:52:48 UTC</createdTime>
<ownerDesignName>Formativa Semana 4</ownerDesignName>
<engineerTo>
<item key="05268D72-EECE-34D2-E2F7-1DF0532D443A" value="true"/>
</engineerTo>
<useDomainConstraints>false</useDomainConstraints>
<use>1</use>
<logicalDatatype>LOGDT019</logicalDatatype>
<dataTypePrecision>7</dataTypePrecision>
<ownDataTypeParameters>,7,</ownDataTypeParameters>
</Attribute>
<Attribute name="fecha_postulacion" id="0400068A-16A7-EC6D-42A8-5A8009DC712B">
<createdBy>benja</createdBy>
<createdTime>2026-02-02 05:53:10 UTC</createdTime>
<ownerDesignName>Formativa Semana 4</ownerDesignName>
<engineerTo>
<item key="05268D72-EECE-34D2-E2F7-1DF0532D443A" value="true"/>
</engineerTo>
<useDomainConstraints>false</useDomainConstraints>
<use>1</use>
<logicalDatatype>LOGDT007</logicalDatatype>
<ownDataTypeParameters>,,</ownDataTypeParameters>
</Attribute>
<Attribute name="id_postulante" id="DE7F36B1-676B-44CE-C2F7-09F6CC787CBB">
<createdBy>Administrador</createdBy>
<createdTime>2026-02-03 00:26:31 UTC</createdTime>
<generatorID>DD0F70CA-B91B-A88C-A514-FA3C09A1B055</generatorID>
<ownerDesignName>Formativa Semana 4</ownerDesignName>
<engineerTo>
<item key="05268D72-EECE-34D2-E2F7-1DF0532D443A" value="true"/>
</engineerTo>
<referedAttribute>A67B964F-E7FB-626C-09B2-4EE201E4C9CA</referedAttribute>
<useDomainConstraints>false</useDomainConstraints>
<use>1</use>
<logicalDatatype>LOGDT019</logicalDatatype>
<dataTypePrecision>7</dataTypePrecision>
<ownDataTypeParameters>,,</ownDataTypeParameters>
</Attribute>
<Attribute name="id_grado" id="28DFBEEC-6E1C-EF16-AD25-545001728A7C">
<createdBy>Administrador</createdBy>
<createdTime>2026-02-03 00:27:05 UTC</createdTime>
<generatorID>DD0F70CA-B91B-A88C-A514-FA3C09A1B055</generatorID>
<ownerDesignName>Formativa Semana 4</ownerDesignName>
<engineerTo>
<item key="05268D72-EECE-34D2-E2F7-1DF0532D443A" value="true"/>
</engineerTo>
<referedAttribute>EF6895B6-0C0F-D27E-6BA9-ECC750E9F517</referedAttribute>
<useDomainConstraints>false</useDomainConstraints>
<use>1</use>
<logicalDatatype>LOGDT019</logicalDatatype>
<dataTypePrecision>7</dataTypePrecision>
<ownDataTypeParameters>,,</ownDataTypeParameters>
</Attribute>
<Attribute name="id_empresa" id="94387406-2C7B-3BF7-0D73-EC69312767C7">
<createdBy>Administrador</createdBy>
<createdTime>2026-02-03 00:30:36 UTC</createdTime>
<generatorID>6287EE2A-11EC-632B-F1E4-658E451E19D3</generatorID>
<ownerDesignName>Formativa Semana 4</ownerDesignName>
<engineerTo>
<item key="05268D72-EECE-34D2-E2F7-1DF0532D443A" value="true"/>
</engineerTo>
<referedAttribute>4FB479F5-279D-39D1-5B09-8D4F9B6DD3AD</referedAttribute>
<useDomainConstraints>false</useDomainConstraints>
<use>1</use>
<logicalDatatype>LOGDT037</logicalDatatype>
<dataTypeSize>5</dataTypeSize>
<ownDataTypeParameters>,,</ownDataTypeParameters>
</Attribute>
<Attribute name="id_ciudad1" id="4E354101-477C-FF0A-8F8D-7A0D357610C7">
<createdBy>Administrador</createdBy>
<createdTime>2026-02-03 00:45:59 UTC</createdTime>
<generatorID>6287EE2A-11EC-632B-F1E4-658E451E19D3</generatorID>
<ownerDesignName>Formativa Semana 4</ownerDesignName>
<engineerTo>
<item key="05268D72-EECE-34D2-E2F7-1DF0532D443A" value="true"/>
</engineerTo>
<referedAttribute>60E41EEA-DAAA-A560-A56C-7DDB5AF74B7F</referedAttribute>
<useDomainConstraints>false</useDomainConstraints>
<use>1</use>
<logicalDatatype>LOGDT019</logicalDatatype>
<dataTypePrecision>7</dataTypePrecision>
<ownDataTypeParameters>,,</ownDataTypeParameters>
</Attribute>
<Attribute name="id_region1" id="BFC6494F-EB09-E259-FB28-386134262E77">
<createdBy>Administrador</createdBy>
<createdTime>2026-02-03 00:45:59 UTC</createdTime>
<generatorID>6287EE2A-11EC-632B-F1E4-658E451E19D3</generatorID>
<ownerDesignName>Formativa Semana 4</ownerDesignName>
<engineerTo>
<item key="05268D72-EECE-34D2-E2F7-1DF0532D443A" value="true"/>
</engineerTo>
<referedAttribute>EA4A2FDC-7995-15CA-A019-E1D589C205D4</referedAttribute>
<useDomainConstraints>false</useDomainConstraints>
<use>1</use>
<logicalDatatype>LOGDT019</logicalDatatype>
<dataTypePrecision>7</dataTypePrecision>
<ownDataTypeParameters>,,</ownDataTypeParameters>
</Attribute>
<Attribute name="id_comuna1" id="AFDC748D-F188-E918-87AB-C52152AC2655">
<createdBy>Administrador</createdBy>
<createdTime>2026-02-03 00:45:59 UTC</createdTime>
<generatorID>6287EE2A-11EC-632B-F1E4-658E451E19D3</generatorID>
<ownerDesignName>Formativa Semana 4</ownerDesignName>
<engineerTo>
<item key="05268D72-EECE-34D2-E2F7-1DF0532D443A" value="true"/>
</engineerTo>
<referedAttribute>78B13D7A-E6A1-FB58-1982-50B2339908D9</referedAttribute>
<useDomainConstraints>false</useDomainConstraints>
<use>1</use>
<logicalDatatype>LOGDT019</logicalDatatype>
<dataTypePrecision>7</dataTypePrecision>
<ownDataTypeParameters>,,</ownDataTypeParameters>
</Attribute>
</attributes>
<identifiers itemClass="oracle.dbtools.crest.model.design.logical.CandidateKey">
<identifier id="9C6D8587-5B9B-A133-C337-1B432DEC8320" name="Postulacion PK">
<createdBy>benja</createdBy>
<createdTime>2026-02-02 05:53:09 UTC</createdTime>
<ownerDesignName>Formativa Semana 4</ownerDesignName>
<engineerTo>
<item key="05268D72-EECE-34D2-E2F7-1DF0532D443A" value="true"/>
</engineerTo>
<pk>true</pk>
<usedAttributes>
<attributeRef>8C09B0F8-B9B6-E081-E5B3-65986358FB38</attributeRef>
<attributeRef>94387406-2C7B-3BF7-0D73-EC69312767C7</attributeRef>
<attributeRef>4E354101-477C-FF0A-8F8D-7A0D357610C7</attributeRef>
<attributeRef>BFC6494F-EB09-E259-FB28-386134262E77</attributeRef>
<attributeRef>AFDC748D-F188-E918-87AB-C52152AC2655</attributeRef>
</usedAttributes>
</identifier>
</identifiers>
</Entity>