<?xml version = '1.0' encoding = 'UTF-8'?>
<Entity class="oracle.dbtools.crest.model.design.logical.Entity" directorySegmentName="seg_0" id="44059D05-DEA2-95E0-CA97-52C03D7A8A9C" name="CIUDAD">
<createdBy>benja</createdBy>
<createdTime>2026-02-02 05:01:49 UTC</createdTime>
<ownerDesignName>Formativa Semana 4</ownerDesignName>
<engineerTo>
<item key="05268D72-EECE-34D2-E2F7-1DF0532D443A" value="true"/>
</engineerTo>
<adequatelyNormalized>NO</adequatelyNormalized>
<expectedVolumes>0</expectedVolumes>
<fwdEngineeringStrategyName>Single Table</fwdEngineeringStrategyName>
<growthPercent>0</growthPercent>
<growthType>Year</growthType>
<maxVolumes>9999999</maxVolumes>
<minVolumes>0</minVolumes>
<normalForm>Third</normalForm>
<attributes itemClass="oracle.dbtools.crest.model.design.logical.Attribute">
<Attribute name="id_ciudad" id="90E7D4EF-07B2-5B24-05FF-97DE09436D79">
<createdBy>benja</createdBy>
<createdTime>2026-02-02 05:02:07 UTC</createdTime>
<ownerDesignName>Formativa Semana 4</ownerDesignName>
<engineerTo>
<item key="05268D72-EECE-34D2-E2F7-1DF0532D443A" value="true"/>
</engineerTo>
<useDomainConstraints>false</useDomainConstraints>
<use>1</use>
<logicalDatatype>LOGDT019</logicalDatatype>
<dataTypePrecision>7</dataTypePrecision>
<ownDataTypeParameters>,7,</ownDataTypeParameters>
</Attribute>
<Attribute name="nombre_ciudad" id="1262E7B6-6DB2-D356-629D-3C4267943B4F">
<createdBy>benja</createdBy>
<createdTime>2026-02-02 05:02:58 UTC</createdTime>
<ownerDesignName>Formativa Semana 4</ownerDesignName>
<engineerTo>
<item key="05268D72-EECE-34D2-E2F7-1DF0532D443A" value="true"/>
</engineerTo>
<useDomainConstraints>false</useDomainConstraints>
<use>1</use>
<logicalDatatype>LOGDT024</logicalDatatype>
<dataTypeSize>50</dataTypeSize>
<ownDataTypeParameters>50,,</ownDataTypeParameters>
</Attribute>
<Attribute name="id_region" id="4A8ECDED-4EDB-4515-735E-06610236D451">
<createdBy>Administrador</createdBy>
<createdTime>2026-02-03 00:27:55 UTC</createdTime>
<generatorID>657D934F-7320-3C02-5374-CF6D99611B1A</generatorID>
<ownerDesignName>Formativa Semana 4</ownerDesignName>
<engineerTo>
<item key="05268D72-EECE-34D2-E2F7-1DF0532D443A" value="true"/>
</engineerTo>
<referedAttribute>E7B53350-8630-F08A-CC53-37F7142966C8</referedAttribute>
<useDomainConstraints>false</useDomainConstraints>
<use>1</use>
<logicalDatatype>LOGDT019</logicalDatatype>
<dataTypePrecision>7</dataTypePrecision>
<ownDataTypeParameters>,,</ownDataTypeParameters>
</Attribute>
<Attribute name="id_comuna" id="D79C2D51-090B-7BF3-A912-9751391197AA">
<createdBy>Administrador</createdBy>
<createdTime>2026-02-03 00:32:09 UTC</createdTime>
<generatorID>799E946E-C51F-5112-706E-EFE5FE575BDC</generatorID>
<ownerDesignName>Formativa Semana 4</ownerDesignName>
<engineerTo>
<item key="05268D72-EECE-34D2-E2F7-1DF0532D443A" value="true"/>
</engineerTo>
<referedAttribute>839F96E1-23EA-D3C3-BD65-1B4EF3FFF598</referedAttribute>
<useDomainConstraints>false</useDomainConstraints>
<use>1</use>
<logicalDatatype>LOGDT019</logicalDatatype>
<dataTypePrecision>7</dataTypePrecision>
<ownDataTypeParameters>,,</ownDataTypeParameters>
</Attribute>
<Attribute name="id_pais" id="9A951F05-3F12-1D37-68F3-00AA34474080">
<createdBy>Administrador</createdBy>
<createdTime>2026-02-03 00:42:40 UTC</createdTime>
<generatorID>FB4E5A0C-60EC-1322-DEB2-FB52C230C84F</generatorID>
<ownerDesignName>Formativa Semana 4</ownerDesignName>
<engineerTo>
<item key="05268D72-EECE-34D2-E2F7-1DF0532D443A" value="true"/>
</engineerTo>
<referedAttribute>34165241-16F4-C309-7291-FDC2D23BB6EF</referedAttribute>
<useDomainConstraints>false</useDomainConstraints>
<use>1</use>
<logicalDatatype>LOGDT019</logicalDatatype>
<dataTypePrecision>7</dataTypePrecision>
<ownDataTypeParameters>,,</ownDataTypeParameters>
</Attribute>
</attributes>
<identifiers itemClass="oracle.dbtools.crest.model.design.logical.CandidateKey">
<identifier id="DEA96109-794C-DEF4-E2E0-8CE3ABA1BC5C" name="Ciudad PK">
<createdBy>benja</createdBy>
<createdTime>2026-02-02 05:02:34 UTC</createdTime>
<ownerDesignName>Formativa Semana 4</ownerDesignName>
<engineerTo>
<item key="05268D72-EECE-34D2-E2F7-1DF0532D443A" value="true"/>
</engineerTo>
<pk>true</pk>
<usedAttributes>
<attributeRef>90E7D4EF-07B2-5B24-05FF-97DE09436D79</attributeRef>
<attributeRef>4A8ECDED-4EDB-4515-735E-06610236D451</attributeRef>
<attributeRef>D79C2D51-090B-7BF3-A912-9751391197AA</attributeRef>
</usedAttributes>
</identifier>
</identifiers>
</Entity>