<?xml version = '1.0' encoding = 'UTF-8'?>
<Entity class="oracle.dbtools.crest.model.design.logical.Entity" directorySegmentName="seg_0" id="44A7092E-6B9D-29C3-9CCD-C0909A534D05" name="PAIS">
<createdBy>benja</createdBy>
<createdTime>2026-02-02 04:53:29 UTC</createdTime>
<ownerDesignName>Formativa Semana 4</ownerDesignName>
<engineerTo>
<item key="05268D72-EECE-34D2-E2F7-1DF0532D443A" value="true"/>
</engineerTo>
<adequatelyNormalized>NO</adequatelyNormalized>
<expectedVolumes>0</expectedVolumes>
<fwdEngineeringStrategyName>Single Table</fwdEngineeringStrategyName>
<growthPercent>0</growthPercent>
<growthType>Year</growthType>
<maxVolumes>9999999</maxVolumes>
<minVolumes>0</minVolumes>
<normalForm>Third</normalForm>
<attributes itemClass="oracle.dbtools.crest.model.design.logical.Attribute">
<Attribute name="id_pais" id="34165241-16F4-C309-7291-FDC2D23BB6EF">
<createdBy>benja</createdBy>
<createdTime>2026-02-02 04:53:40 UTC</createdTime>
<ownerDesignName>Formativa Semana 4</ownerDesignName>
<engineerTo>
<item key="05268D72-EECE-34D2-E2F7-1DF0532D443A" value="true"/>
</engineerTo>
<useDomainConstraints>false</useDomainConstraints>
<use>1</use>
<logicalDatatype>LOGDT019</logicalDatatype>
<dataTypePrecision>7</dataTypePrecision>
<ownDataTypeParameters>,7,</ownDataTypeParameters>
</Attribute>
<Attribute name="nombre_pais" id="20878471-6A58-43B3-0D85-3B5EC51FA7C2">
<createdBy>benja</createdBy>
<createdTime>2026-02-02 04:54:53 UTC</createdTime>
<ownerDesignName>Formativa Semana 4</ownerDesignName>
<engineerTo>
<item key="05268D72-EECE-34D2-E2F7-1DF0532D443A" value="true"/>
</engineerTo>
<useDomainConstraints>false</useDomainConstraints>
<use>1</use>
<logicalDatatype>LOGDT024</logicalDatatype>
<dataTypeSize>50</dataTypeSize>
<ownDataTypeParameters>50,,</ownDataTypeParameters>
</Attribute>
</attributes>
<identifiers itemClass="oracle.dbtools.crest.model.design.logical.CandidateKey">
<identifier id="497727F0-80F5-14A0-45ED-B889251FE9B9" name="Pais PK">
<createdBy>benja</createdBy>
<createdTime>2026-02-02 04:54:36 UTC</createdTime>
<ownerDesignName>Formativa Semana 4</ownerDesignName>
<engineerTo>
<item key="05268D72-EECE-34D2-E2F7-1DF0532D443A" value="true"/>
</engineerTo>
<pk>true</pk>
<usedAttributes>
<attributeRef>34165241-16F4-C309-7291-FDC2D23BB6EF</attributeRef>
</usedAttributes>
</identifier>
</identifiers>
</Entity>