<?xml version = '1.0' encoding = 'UTF-8'?>
<Entity class="oracle.dbtools.crest.model.design.logical.Entity" directorySegmentName="seg_0" id="823C842B-ECD2-798F-44DE-13AE02D1E791" name="GRADO_ACADEMICO">
<createdBy>benja</createdBy>
<createdTime>2026-02-02 05:04:44 UTC</createdTime>
<ownerDesignName>Formativa Semana 4</ownerDesignName>
<engineerTo>
<item key="05268D72-EECE-34D2-E2F7-1DF0532D443A" value="true"/>
</engineerTo>
<adequatelyNormalized>NO</adequatelyNormalized>
<expectedVolumes>0</expectedVolumes>
<fwdEngineeringStrategyName>Single Table</fwdEngineeringStrategyName>
<growthPercent>0</growthPercent>
<growthType>Year</growthType>
<maxVolumes>9999999</maxVolumes>
<minVolumes>0</minVolumes>
<normalForm>Third</normalForm>
<attributes itemClass="oracle.dbtools.crest.model.design.logical.Attribute">
<Attribute name="id_grado" id="2F272E6D-6121-6FFF-7C0A-FBFF1CE1BADA">
<createdBy>benja</createdBy>
<createdTime>2026-02-02 05:06:40 UTC</createdTime>
<ownerDesignName>Formativa Semana 4</ownerDesignName>
<engineerTo>
<item key="05268D72-EECE-34D2-E2F7-1DF0532D443A" value="true"/>
</engineerTo>
<useDomainConstraints>false</useDomainConstraints>
<use>1</use>
<logicalDatatype>LOGDT019</logicalDatatype>
<dataTypePrecision>7</dataTypePrecision>
<ownDataTypeParameters>,7,</ownDataTypeParameters>
</Attribute>
</attributes>
<identifiers itemClass="oracle.dbtools.crest.model.design.logical.CandidateKey">
<identifier id="6C532576-3EFA-F1FC-B500-A36C9E25CE8B" name="Grado_academico PK">
<createdBy>benja</createdBy>
<createdTime>2026-02-02 05:09:17 UTC</createdTime>
<ownerDesignName>Formativa Semana 4</ownerDesignName>
<engineerTo>
<item key="05268D72-EECE-34D2-E2F7-1DF0532D443A" value="true"/>
</engineerTo>
<pk>true</pk>
<usedAttributes>
<attributeRef>2F272E6D-6121-6FFF-7C0A-FBFF1CE1BADA</attributeRef>
</usedAttributes>
</identifier>
</identifiers>
</Entity>