<?xml version = '1.0' encoding = 'UTF-8'?>
<Entity class="oracle.dbtools.crest.model.design.logical.Entity" directorySegmentName="seg_0" id="8297EB8B-DC98-8392-9FAF-A3C4DD835985" name="COMUNA">
<createdBy>benja</createdBy>
<createdTime>2026-02-02 05:42:20 UTC</createdTime>
<ownerDesignName>Formativa Semana 4</ownerDesignName>
<engineerTo>
<item key="05268D72-EECE-34D2-E2F7-1DF0532D443A" value="true"/>
</engineerTo>
<adequatelyNormalized>NO</adequatelyNormalized>
<expectedVolumes>0</expectedVolumes>
<fwdEngineeringStrategyName>Single Table</fwdEngineeringStrategyName>
<growthPercent>0</growthPercent>
<growthType>Year</growthType>
<maxVolumes>9999999</maxVolumes>
<minVolumes>0</minVolumes>
<normalForm>Third</normalForm>
<attributes itemClass="oracle.dbtools.crest.model.design.logical.Attribute">
<Attribute name="id_comuna" id="839F96E1-23EA-D3C3-BD65-1B4EF3FFF598">
<createdBy>benja</createdBy>
<createdTime>2026-02-02 05:42:53 UTC</createdTime>
<ownerDesignName>Formativa Semana 4</ownerDesignName>
<engineerTo>
<item key="05268D72-EECE-34D2-E2F7-1DF0532D443A" value="true"/>
</engineerTo>
<useDomainConstraints>false</useDomainConstraints>
<use>1</use>
<logicalDatatype>LOGDT019</logicalDatatype>
<dataTypePrecision>7</dataTypePrecision>
<ownDataTypeParameters>,7,</ownDataTypeParameters>
</Attribute>
<Attribute name="nom_comuna" id="E1F3A556-FFAA-6AFF-9E10-9708287D1026">
<createdBy>benja</createdBy>
<createdTime>2026-02-02 05:43:08 UTC</createdTime>
<ownerDesignName>Formativa Semana 4</ownerDesignName>
<engineerTo>
<item key="05268D72-EECE-34D2-E2F7-1DF0532D443A" value="true"/>
</engineerTo>
<useDomainConstraints>false</useDomainConstraints>
<use>1</use>
<logicalDatatype>LOGDT024</logicalDatatype>
<dataTypeSize>50</dataTypeSize>
<ownDataTypeParameters>50,,</ownDataTypeParameters>
</Attribute>
<Attribute name="id_empresa" id="503B261C-A27D-7AC8-D867-39BB016CC7FE">
<createdBy>Administrador</createdBy>
<createdTime>2026-02-03 00:45:33 UTC</createdTime>
<generatorID>32C473A2-823A-D160-AE05-15909A82DCD9</generatorID>
<ownerDesignName>Formativa Semana 4</ownerDesignName>
<engineerTo>
<item key="05268D72-EECE-34D2-E2F7-1DF0532D443A" value="true"/>
</engineerTo>
<referedAttribute>4FB479F5-279D-39D1-5B09-8D4F9B6DD3AD</referedAttribute>
<useDomainConstraints>false</useDomainConstraints>
<use>1</use>
<logicalDatatype>LOGDT037</logicalDatatype>
<dataTypeSize>5</dataTypeSize>
<ownDataTypeParameters>,,</ownDataTypeParameters>
</Attribute>
<Attribute name="id_ciudad1" id="57694887-96DA-6801-5D79-288559E3C617">
<createdBy>Administrador</createdBy>
<createdTime>2026-02-03 00:45:59 UTC</createdTime>
<generatorID>32C473A2-823A-D160-AE05-15909A82DCD9</generatorID>
<ownerDesignName>Formativa Semana 4</ownerDesignName>
<engineerTo>
<item key="05268D72-EECE-34D2-E2F7-1DF0532D443A" value="true"/>
</engineerTo>
<referedAttribute>60E41EEA-DAAA-A560-A56C-7DDB5AF74B7F</referedAttribute>
<useDomainConstraints>false</useDomainConstraints>
<use>1</use>
<logicalDatatype>LOGDT019</logicalDatatype>
<dataTypePrecision>7</dataTypePrecision>
<ownDataTypeParameters>,,</ownDataTypeParameters>
</Attribute>
<Attribute name="id_region1" id="C2C628E7-2655-F2AB-D145-C76B982BFFFC">
<createdBy>Administrador</createdBy>
<createdTime>2026-02-03 00:45:59 UTC</createdTime>
<generatorID>32C473A2-823A-D160-AE05-15909A82DCD9</generatorID>
<ownerDesignName>Formativa Semana 4</ownerDesignName>
<engineerTo>
<item key="05268D72-EECE-34D2-E2F7-1DF0532D443A" value="true"/>
</engineerTo>
<referedAttribute>EA4A2FDC-7995-15CA-A019-E1D589C205D4</referedAttribute>
<useDomainConstraints>false</useDomainConstraints>
<use>1</use>
<logicalDatatype>LOGDT019</logicalDatatype>
<dataTypePrecision>7</dataTypePrecision>
<ownDataTypeParameters>,,</ownDataTypeParameters>
</Attribute>
<Attribute name="id_comuna11" id="59B3943A-F404-9808-D11C-7717D58B4E23">
<createdBy>Administrador</createdBy>
<createdTime>2026-02-03 00:45:59 UTC</createdTime>
<generatorID>32C473A2-823A-D160-AE05-15909A82DCD9</generatorID>
<ownerDesignName>Formativa Semana 4</ownerDesignName>
<engineerTo>
<item key="05268D72-EECE-34D2-E2F7-1DF0532D443A" value="true"/>
</engineerTo>
<referedAttribute>78B13D7A-E6A1-FB58-1982-50B2339908D9</referedAttribute>
<useDomainConstraints>false</useDomainConstraints>
<use>1</use>
<logicalDatatype>LOGDT019</logicalDatatype>
<dataTypePrecision>7</dataTypePrecision>
<ownDataTypeParameters>,,</ownDataTypeParameters>
</Attribute>
</attributes>
<identifiers itemClass="oracle.dbtools.crest.model.design.logical.CandidateKey">
<identifier id="DFDF144A-F06F-ED58-2857-B9F7B1C314A5" name="Comuna PK">
<createdBy>benja</createdBy>
<createdTime>2026-02-02 05:43:07 UTC</createdTime>
<ownerDesignName>Formativa Semana 4</ownerDesignName>
<engineerTo>
<item key="05268D72-EECE-34D2-E2F7-1DF0532D443A" value="true"/>
</engineerTo>
<pk>true</pk>
<usedAttributes>
<attributeRef>839F96E1-23EA-D3C3-BD65-1B4EF3FFF598</attributeRef>
</usedAttributes>
</identifier>
</identifiers>
</Entity>