<?xml version = '1.0' encoding = 'UTF-8'?>
<Entity class="oracle.dbtools.crest.model.design.logical.Entity" directorySegmentName="seg_0" id="87E81143-4BE5-B13D-59BA-406026E5DDA6" name="POSTULACION_INTERNACIONAL">
<createdBy>benja</createdBy>
<createdTime>2026-02-02 05:56:41 UTC</createdTime>
<ownerDesignName>Formativa Semana 4</ownerDesignName>
<engineerTo>
<item key="05268D72-EECE-34D2-E2F7-1DF0532D443A" value="true"/>
</engineerTo>
<adequatelyNormalized>NO</adequatelyNormalized>
<expectedVolumes>0</expectedVolumes>
<fwdEngineeringStrategyName>Single Table</fwdEngineeringStrategyName>
<growthPercent>0</growthPercent>
<growthType>Year</growthType>
<hierarchicalParent>403CFBF2-550B-A274-130E-EE5577867C36</hierarchicalParent>
<maxVolumes>9999999</maxVolumes>
<minVolumes>0</minVolumes>
<normalForm>Third</normalForm>
<attributes itemClass="oracle.dbtools.crest.model.design.logical.Attribute">
<Attribute name="id_visa" id="F0A56CED-FA78-F881-9E7E-3332A372CC67">
<createdBy>benja</createdBy>
<createdTime>2026-02-02 05:59:43 UTC</createdTime>
<ownerDesignName>Formativa Semana 4</ownerDesignName>
<engineerTo>
<item key="05268D72-EECE-34D2-E2F7-1DF0532D443A" value="true"/>
</engineerTo>
<useDomainConstraints>false</useDomainConstraints>
<use>1</use>
<logicalDatatype>LOGDT019</logicalDatatype>
<dataTypePrecision>7</dataTypePrecision>
<ownDataTypeParameters>,7,</ownDataTypeParameters>
</Attribute>
<Attribute name="fecha_visa" id="7E437EDE-1F48-BAD8-0EC2-9606910306F7">
<createdBy>benja</createdBy>
<createdTime>2026-02-02 05:59:25 UTC</createdTime>
<ownerDesignName>Formativa Semana 4</ownerDesignName>
<engineerTo>
<item key="05268D72-EECE-34D2-E2F7-1DF0532D443A" value="true"/>
</engineerTo>
<useDomainConstraints>false</useDomainConstraints>
<use>1</use>
<logicalDatatype>LOGDT007</logicalDatatype>
<ownDataTypeParameters>,,</ownDataTypeParameters>
</Attribute>
<Attribute name="nivel_idioma" id="8E21740E-7C2C-407B-395F-411D7F51394A">
<createdBy>benja</createdBy>
<createdTime>2026-02-02 05:56:55 UTC</createdTime>
<commentInRDBMS><![CDATA[EJ: ASICO: B, INTERMEDIO: I, AVANZADO: A]]></commentInRDBMS>
<ownerDesignName>Formativa Semana 4</ownerDesignName>
<engineerTo>
<item key="05268D72-EECE-34D2-E2F7-1DF0532D443A" value="true"/>
</engineerTo>
<useDomainConstraints>false</useDomainConstraints>
<use>1</use>
<logicalDatatype>LOGDT025</logicalDatatype>
<dataTypeSize>1</dataTypeSize>
<ownDataTypeParameters>1,,</ownDataTypeParameters>
</Attribute>
</attributes>
<identifiers itemClass="oracle.dbtools.crest.model.design.logical.CandidateKey">
<identifier id="76407BF5-1AA7-E47C-2EEF-10674D710221" name="Postulacion_Internacional PK">
<createdBy>benja</createdBy>
<createdTime>2026-02-02 05:59:03 UTC</createdTime>
<ownerDesignName>Formativa Semana 4</ownerDesignName>
<engineerTo>
<item key="05268D72-EECE-34D2-E2F7-1DF0532D443A" value="true"/>
</engineerTo>
<pk>true</pk>
<usedAttributes>
<attributeRef>8E21740E-7C2C-407B-395F-411D7F51394A</attributeRef>
<attributeRef>F0A56CED-FA78-F881-9E7E-3332A372CC67</attributeRef>
</usedAttributes>
</identifier>
</identifiers>
</Entity>