<?xml version = '1.0' encoding = 'UTF-8'?>
<Entity class="oracle.dbtools.crest.model.design.logical.Entity" directorySegmentName="seg_0" id="B9FFD23B-866D-5541-C47C-BDDA94E29292" name="POSTULANTE">
<createdBy>benja</createdBy>
<createdTime>2026-02-02 05:21:43 UTC</createdTime>
<ownerDesignName>Formativa Semana 4</ownerDesignName>
<engineerTo>
<item key="05268D72-EECE-34D2-E2F7-1DF0532D443A" value="true"/>
</engineerTo>
<adequatelyNormalized>NO</adequatelyNormalized>
<expectedVolumes>0</expectedVolumes>
<fwdEngineeringStrategyName>Single Table</fwdEngineeringStrategyName>
<growthPercent>0</growthPercent>
<growthType>Year</growthType>
<maxVolumes>9999999</maxVolumes>
<minVolumes>0</minVolumes>
<normalForm>Third</normalForm>
<attributes itemClass="oracle.dbtools.crest.model.design.logical.Attribute">
<Attribute name="id_postulante" id="A67B964F-E7FB-626C-09B2-4EE201E4C9CA">
<createdBy>benja</createdBy>
<createdTime>2026-02-02 05:21:53 UTC</createdTime>
<ownerDesignName>Formativa Semana 4</ownerDesignName>
<engineerTo>
<item key="05268D72-EECE-34D2-E2F7-1DF0532D443A" value="true"/>
</engineerTo>
<useDomainConstraints>false</useDomainConstraints>
<use>1</use>
<logicalDatatype>LOGDT019</logicalDatatype>
<dataTypePrecision>7</dataTypePrecision>
<ownDataTypeParameters>,7,</ownDataTypeParameters>
</Attribute>
<Attribute name="rut" id="43CF96DD-6E7B-3302-799C-9C0E1D9AC3CF">
<createdBy>benja</createdBy>
<createdTime>2026-02-02 05:24:45 UTC</createdTime>
<ownerDesignName>Formativa Semana 4</ownerDesignName>
<engineerTo>
<item key="05268D72-EECE-34D2-E2F7-1DF0532D443A" value="true"/>
</engineerTo>
<nullsAllowed>true</nullsAllowed>
<useDomainConstraints>false</useDomainConstraints>
<use>1</use>
<logicalDatatype>LOGDT019</logicalDatatype>
<dataTypePrecision>8</dataTypePrecision>
<ownDataTypeParameters>,8,</ownDataTypeParameters>
</Attribute>
<Attribute name="primer_nombre" id="9038D078-DC2A-6910-2DCE-5B9BCA38F71A">
<createdBy>benja</createdBy>
<createdTime>2026-02-02 05:26:53 UTC</createdTime>
<ownerDesignName>Formativa Semana 4</ownerDesignName>
<engineerTo>
<item key="05268D72-EECE-34D2-E2F7-1DF0532D443A" value="true"/>
</engineerTo>
<useDomainConstraints>false</useDomainConstraints>
<use>1</use>
<logicalDatatype>LOGDT024</logicalDatatype>
<dataTypeSize>30</dataTypeSize>
<ownDataTypeParameters>30,,</ownDataTypeParameters>
</Attribute>
<Attribute name="segundo_nombre" id="9A2D4ABA-CCC1-1181-669A-20F6818FA355">
<createdBy>benja</createdBy>
<createdTime>2026-02-02 05:28:20 UTC</createdTime>
<ownerDesignName>Formativa Semana 4</ownerDesignName>
<engineerTo>
<item key="05268D72-EECE-34D2-E2F7-1DF0532D443A" value="true"/>
</engineerTo>
<nullsAllowed>true</nullsAllowed>
<useDomainConstraints>false</useDomainConstraints>
<use>1</use>
<logicalDatatype>LOGDT024</logicalDatatype>
<dataTypeSize>30</dataTypeSize>
<ownDataTypeParameters>30,,</ownDataTypeParameters>
</Attribute>
<Attribute name="fecha_nacimiento" id="FB91FABA-6D3F-C66E-F341-D7363C448225">
<createdBy>benja</createdBy>
<createdTime>2026-02-02 05:31:30 UTC</createdTime>
<ownerDesignName>Formativa Semana 4</ownerDesignName>
<engineerTo>
<item key="05268D72-EECE-34D2-E2F7-1DF0532D443A" value="true"/>
</engineerTo>
<useDomainConstraints>false</useDomainConstraints>
<use>1</use>
<logicalDatatype>LOGDT007</logicalDatatype>
<ownDataTypeParameters>,,</ownDataTypeParameters>
</Attribute>
<Attribute name="calle" id="7D245D4B-5092-3B9A-11D7-620D156DD722">
<createdBy>benja</createdBy>
<createdTime>2026-02-02 05:29:04 UTC</createdTime>
<ownerDesignName>Formativa Semana 4</ownerDesignName>
<engineerTo>
<item key="05268D72-EECE-34D2-E2F7-1DF0532D443A" value="true"/>
</engineerTo>
<useDomainConstraints>false</useDomainConstraints>
<use>1</use>
<logicalDatatype>LOGDT024</logicalDatatype>
<dataTypeSize>50</dataTypeSize>
<ownDataTypeParameters>50,,</ownDataTypeParameters>
</Attribute>
<Attribute name="numeracion" id="CC6C0007-B1CB-5B8A-50B3-21D2F90C32B6">
<createdBy>benja</createdBy>
<createdTime>2026-02-02 05:29:49 UTC</createdTime>
<ownerDesignName>Formativa Semana 4</ownerDesignName>
<engineerTo>
<item key="05268D72-EECE-34D2-E2F7-1DF0532D443A" value="true"/>
</engineerTo>
<useDomainConstraints>false</useDomainConstraints>
<use>1</use>
<logicalDatatype>LOGDT019</logicalDatatype>
<dataTypePrecision>5</dataTypePrecision>
<ownDataTypeParameters>,5,</ownDataTypeParameters>
</Attribute>
<Attribute name="email" id="58BB5604-A66B-DC1B-D7EC-11F657518CFF">
<createdBy>benja</createdBy>
<createdTime>2026-02-02 05:30:49 UTC</createdTime>
<ownerDesignName>Formativa Semana 4</ownerDesignName>
<engineerTo>
<item key="05268D72-EECE-34D2-E2F7-1DF0532D443A" value="true"/>
</engineerTo>
<useDomainConstraints>false</useDomainConstraints>
<use>1</use>
<logicalDatatype>LOGDT037</logicalDatatype>
<dataTypeSize>100</dataTypeSize>
<ownDataTypeParameters>100,,</ownDataTypeParameters>
</Attribute>
<Attribute name="website" id="573CFE30-BF11-801B-7495-C2FE3306BF6D">
<createdBy>benja</createdBy>
<createdTime>2026-02-02 05:32:58 UTC</createdTime>
<ownerDesignName>Formativa Semana 4</ownerDesignName>
<engineerTo>
<item key="05268D72-EECE-34D2-E2F7-1DF0532D443A" value="true"/>
</engineerTo>
<nullsAllowed>true</nullsAllowed>
<useDomainConstraints>false</useDomainConstraints>
<use>1</use>
<logicalDatatype>LOGDT024</logicalDatatype>
<dataTypeSize>100</dataTypeSize>
<ownDataTypeParameters>100,,</ownDataTypeParameters>
</Attribute>
<Attribute name="id_postulacion" id="E6B38F94-25AF-18E2-96CA-1EABB01D65AD">
<createdBy>Administrador</createdBy>
<createdTime>2026-02-03 00:26:34 UTC</createdTime>
<generatorID>DD0F70CA-B91B-A88C-A514-FA3C09A1B055</generatorID>
<ownerDesignName>Formativa Semana 4</ownerDesignName>
<engineerTo>
<item key="05268D72-EECE-34D2-E2F7-1DF0532D443A" value="true"/>
</engineerTo>
<referedAttribute>8C09B0F8-B9B6-E081-E5B3-65986358FB38</referedAttribute>
<useDomainConstraints>false</useDomainConstraints>
<use>1</use>
<logicalDatatype>LOGDT019</logicalDatatype>
<dataTypePrecision>7</dataTypePrecision>
<ownDataTypeParameters>,,</ownDataTypeParameters>
</Attribute>
<Attribute name="id_genero" id="D91509FB-B448-AC3B-845F-D35AA7B67361">
<createdBy>Administrador</createdBy>
<createdTime>2026-02-03 00:26:44 UTC</createdTime>
<generatorID>84CB2737-31FC-A32F-C4E3-131835E41152</generatorID>
<ownerDesignName>Formativa Semana 4</ownerDesignName>
<engineerTo>
<item key="05268D72-EECE-34D2-E2F7-1DF0532D443A" value="true"/>
</engineerTo>
<referedAttribute>9087FD60-D5BD-0120-2254-9946D3BE69D6</referedAttribute>
<useDomainConstraints>false</useDomainConstraints>
<use>1</use>
<logicalDatatype>LOGDT019</logicalDatatype>
<dataTypePrecision>7</dataTypePrecision>
<ownDataTypeParameters>,,</ownDataTypeParameters>
</Attribute>
<Attribute name="id_grado" id="EF6895B6-0C0F-D27E-6BA9-ECC750E9F517">
<createdBy>Administrador</createdBy>
<createdTime>2026-02-03 00:27:05 UTC</createdTime>
<generatorID>5713BF03-B4A1-9B30-7BEB-E6C2AA5D7AD4</generatorID>
<ownerDesignName>Formativa Semana 4</ownerDesignName>
<engineerTo>
<item key="05268D72-EECE-34D2-E2F7-1DF0532D443A" value="true"/>
</engineerTo>
<referedAttribute>2F272E6D-6121-6FFF-7C0A-FBFF1CE1BADA</referedAttribute>
<useDomainConstraints>false</useDomainConstraints>
<use>1</use>
<logicalDatatype>LOGDT019</logicalDatatype>
<dataTypePrecision>7</dataTypePrecision>
<ownDataTypeParameters>,,</ownDataTypeParameters>
</Attribute>
<Attribute name="id_ciudad" id="08D125AF-610F-4735-6F34-40BA35CE357E">
<createdBy>Administrador</createdBy>
<createdTime>2026-02-03 00:27:32 UTC</createdTime>
<generatorID>8DA45140-0703-C8F1-9D9B-904A2626FD8E</generatorID>
<ownerDesignName>Formativa Semana 4</ownerDesignName>
<engineerTo>
<item key="05268D72-EECE-34D2-E2F7-1DF0532D443A" value="true"/>
</engineerTo>
<referedAttribute>90E7D4EF-07B2-5B24-05FF-97DE09436D79</referedAttribute>
<useDomainConstraints>false</useDomainConstraints>
<use>1</use>
<logicalDatatype>LOGDT019</logicalDatatype>
<dataTypePrecision>7</dataTypePrecision>
<ownDataTypeParameters>,,</ownDataTypeParameters>
</Attribute>
<Attribute name="id_region" id="FF27914A-64A1-2D75-37C1-AAFFACD71446">
<createdBy>Administrador</createdBy>
<createdTime>2026-02-03 00:27:55 UTC</createdTime>
<generatorID>8DA45140-0703-C8F1-9D9B-904A2626FD8E</generatorID>
<ownerDesignName>Formativa Semana 4</ownerDesignName>
<engineerTo>
<item key="05268D72-EECE-34D2-E2F7-1DF0532D443A" value="true"/>
</engineerTo>
<referedAttribute>4A8ECDED-4EDB-4515-735E-06610236D451</referedAttribute>
<useDomainConstraints>false</useDomainConstraints>
<use>1</use>
<logicalDatatype>LOGDT019</logicalDatatype>
<dataTypePrecision>7</dataTypePrecision>
<ownDataTypeParameters>,,</ownDataTypeParameters>
</Attribute>
<Attribute name="id_empresa" id="EF657E9E-6840-490A-D46F-06348F330468">
<createdBy>Administrador</createdBy>
<createdTime>2026-02-03 00:30:36 UTC</createdTime>
<generatorID>DD0F70CA-B91B-A88C-A514-FA3C09A1B055</generatorID>
<ownerDesignName>Formativa Semana 4</ownerDesignName>
<engineerTo>
<item key="05268D72-EECE-34D2-E2F7-1DF0532D443A" value="true"/>
</engineerTo>
<referedAttribute>94387406-2C7B-3BF7-0D73-EC69312767C7</referedAttribute>
<useDomainConstraints>false</useDomainConstraints>
<use>1</use>
<logicalDatatype>LOGDT037</logicalDatatype>
<dataTypeSize>5</dataTypeSize>
<ownDataTypeParameters>,,</ownDataTypeParameters>
</Attribute>
<Attribute name="id_empresa1" id="63585636-4704-A3AE-90AD-15B027F3B54D">
<createdBy>Administrador</createdBy>
<createdTime>2026-02-03 00:30:48 UTC</createdTime>
<generatorID>041FA47A-6676-AC1C-20A2-4FA504B20DFB</generatorID>
<ownerDesignName>Formativa Semana 4</ownerDesignName>
<engineerTo>
<item key="05268D72-EECE-34D2-E2F7-1DF0532D443A" value="true"/>
</engineerTo>
<referedAttribute>4FB479F5-279D-39D1-5B09-8D4F9B6DD3AD</referedAttribute>
<useDomainConstraints>false</useDomainConstraints>
<use>1</use>
<logicalDatatype>LOGDT037</logicalDatatype>
<dataTypeSize>5</dataTypeSize>
<ownDataTypeParameters>,,</ownDataTypeParameters>
</Attribute>
<Attribute name="id_comuna2" id="836E23F9-1E79-F1C0-7E7D-921BA1245CD3">
<createdBy>Administrador</createdBy>
<createdTime>2026-02-03 00:32:09 UTC</createdTime>
<generatorID>8DA45140-0703-C8F1-9D9B-904A2626FD8E</generatorID>
<ownerDesignName>Formativa Semana 4</ownerDesignName>
<engineerTo>
<item key="05268D72-EECE-34D2-E2F7-1DF0532D443A" value="true"/>
</engineerTo>
<referedAttribute>D79C2D51-090B-7BF3-A912-9751391197AA</referedAttribute>
<useDomainConstraints>false</useDomainConstraints>
<use>1</use>
<logicalDatatype>LOGDT019</logicalDatatype>
<dataTypePrecision>7</dataTypePrecision>
<ownDataTypeParameters>,,</ownDataTypeParameters>
</Attribute>
<Attribute name="id_ciudad11" id="B015012D-8FAC-06EF-86D2-F4D49FD6A206">
<createdBy>Administrador</createdBy>
<createdTime>2026-02-03 00:45:59 UTC</createdTime>
<generatorID>041FA47A-6676-AC1C-20A2-4FA504B20DFB</generatorID>
<ownerDesignName>Formativa Semana 4</ownerDesignName>
<engineerTo>
<item key="05268D72-EECE-34D2-E2F7-1DF0532D443A" value="true"/>
</engineerTo>
<referedAttribute>60E41EEA-DAAA-A560-A56C-7DDB5AF74B7F</referedAttribute>
<useDomainConstraints>false</useDomainConstraints>
<use>1</use>
<logicalDatatype>LOGDT019</logicalDatatype>
<dataTypePrecision>7</dataTypePrecision>
<ownDataTypeParameters>,,</ownDataTypeParameters>
</Attribute>
<Attribute name="id_ciudad12" id="8F6350CE-9460-5CE4-278A-FAC0FE87FAAF">
<createdBy>Administrador</createdBy>
<createdTime>2026-02-03 00:45:59 UTC</createdTime>
<generatorID>DD0F70CA-B91B-A88C-A514-FA3C09A1B055</generatorID>
<ownerDesignName>Formativa Semana 4</ownerDesignName>
<engineerTo>
<item key="05268D72-EECE-34D2-E2F7-1DF0532D443A" value="true"/>
</engineerTo>
<referedAttribute>4E354101-477C-FF0A-8F8D-7A0D357610C7</referedAttribute>
<useDomainConstraints>false</useDomainConstraints>
<use>1</use>
<logicalDatatype>LOGDT019</logicalDatatype>
<dataTypePrecision>7</dataTypePrecision>
<ownDataTypeParameters>,,</ownDataTypeParameters>
</Attribute>
<Attribute name="id_region11" id="6A15D17B-B3B0-8B86-4FB5-FBCF67F55A62">
<createdBy>Administrador</createdBy>
<createdTime>2026-02-03 00:45:59 UTC</createdTime>
<generatorID>041FA47A-6676-AC1C-20A2-4FA504B20DFB</generatorID>
<ownerDesignName>Formativa Semana 4</ownerDesignName>
<engineerTo>
<item key="05268D72-EECE-34D2-E2F7-1DF0532D443A" value="true"/>
</engineerTo>
<referedAttribute>EA4A2FDC-7995-15CA-A019-E1D589C205D4</referedAttribute>
<useDomainConstraints>false</useDomainConstraints>
<use>1</use>
<logicalDatatype>LOGDT019</logicalDatatype>
<dataTypePrecision>7</dataTypePrecision>
<ownDataTypeParameters>,,</ownDataTypeParameters>
</Attribute>
<Attribute name="id_region12" id="875D71D6-E06A-E3F6-C95A-9176F592BFDC">
<createdBy>Administrador</createdBy>
<createdTime>2026-02-03 00:45:59 UTC</createdTime>
<generatorID>DD0F70CA-B91B-A88C-A514-FA3C09A1B055</generatorID>
<ownerDesignName>Formativa Semana 4</ownerDesignName>
<engineerTo>
<item key="05268D72-EECE-34D2-E2F7-1DF0532D443A" value="true"/>
</engineerTo>
<referedAttribute>BFC6494F-EB09-E259-FB28-386134262E77</referedAttribute>
<useDomainConstraints>false</useDomainConstraints>
<use>1</use>
<logicalDatatype>LOGDT019</logicalDatatype>
<dataTypePrecision>7</dataTypePrecision>
<ownDataTypeParameters>,,</ownDataTypeParameters>
</Attribute>
<Attribute name="id_comuna11" id="18458D5D-8F2B-7A1F-5F34-2735701075A2">
<createdBy>Administrador</createdBy>
<createdTime>2026-02-03 00:45:59 UTC</createdTime>
<generatorID>041FA47A-6676-AC1C-20A2-4FA504B20DFB</generatorID>
<ownerDesignName>Formativa Semana 4</ownerDesignName>
<engineerTo>
<item key="05268D72-EECE-34D2-E2F7-1DF0532D443A" value="true"/>
</engineerTo>
<referedAttribute>78B13D7A-E6A1-FB58-1982-50B2339908D9</referedAttribute>
<useDomainConstraints>false</useDomainConstraints>
<use>1</use>
<logicalDatatype>LOGDT019</logicalDatatype>
<dataTypePrecision>7</dataTypePrecision>
<ownDataTypeParameters>,,</ownDataTypeParameters>
</Attribute>
<Attribute name="id_comuna12" id="33CB525D-9627-8080-2B1E-E702620B2E50">
<createdBy>Administrador</createdBy>
<createdTime>2026-02-03 00:45:59 UTC</createdTime>
<generatorID>DD0F70CA-B91B-A88C-A514-FA3C09A1B055</generatorID>
<ownerDesignName>Formativa Semana 4</ownerDesignName>
<engineerTo>
<item key="05268D72-EECE-34D2-E2F7-1DF0532D443A" value="true"/>
</engineerTo>
<referedAttribute>AFDC748D-F188-E918-87AB-C52152AC2655</referedAttribute>
<useDomainConstraints>false</useDomainConstraints>
<use>1</use>
<logicalDatatype>LOGDT019</logicalDatatype>
<dataTypePrecision>7</dataTypePrecision>
<ownDataTypeParameters>,,</ownDataTypeParameters>
</Attribute>
</attributes>
<identifiers itemClass="oracle.dbtools.crest.model.design.logical.CandidateKey">
<identifier id="8F4F5940-F398-E909-52D4-0529ED6666F0" name="Postulante PK">
<createdBy>benja</createdBy>
<createdTime>2026-02-02 05:24:40 UTC</createdTime>
<ownerDesignName>Formativa Semana 4</ownerDesignName>
<engineerTo>
<item key="05268D72-EECE-34D2-E2F7-1DF0532D443A" value="true"/>
</engineerTo>
<pk>true</pk>
<usedAttributes>
<attributeRef>A67B964F-E7FB-626C-09B2-4EE201E4C9CA</attributeRef>
<attributeRef>EF6895B6-0C0F-D27E-6BA9-ECC750E9F517</attributeRef>
</usedAttributes>
</identifier>
<identifier id="CD861E39-A3CC-7E9D-13A1-580AAB7D24F4" name="rut">
<createdBy>benja</createdBy>
<createdTime>2026-02-02 05:34:14 UTC</createdTime>
<ownerDesignName>Formativa Semana 4</ownerDesignName>
<engineerTo>
<item key="05268D72-EECE-34D2-E2F7-1DF0532D443A" value="true"/>
</engineerTo>
<newElementsIDs>43CF96DD-6E7B-3302-799C-9C0E1D9AC3CF</newElementsIDs>
<usedAttributes>
<attributeRef>43CF96DD-6E7B-3302-799C-9C0E1D9AC3CF</attributeRef>
</usedAttributes>
</identifier>
<identifier id="51934057-A994-8DF9-3E2E-2FB4E5034E56" name="email">
<createdBy>benja</createdBy>
<createdTime>2026-02-02 05:34:33 UTC</createdTime>
<ownerDesignName>Formativa Semana 4</ownerDesignName>
<engineerTo>
<item key="05268D72-EECE-34D2-E2F7-1DF0532D443A" value="true"/>
</engineerTo>
<newElementsIDs>58BB5604-A66B-DC1B-D7EC-11F657518CFF</newElementsIDs>
<usedAttributes>
<attributeRef>58BB5604-A66B-DC1B-D7EC-11F657518CFF</attributeRef>
</usedAttributes>
</identifier>
<identifier id="F0840A5A-189B-55CA-6BAC-57793CB199D5" name="website">
<createdBy>benja</createdBy>
<createdTime>2026-02-02 05:34:48 UTC</createdTime>
<ownerDesignName>Formativa Semana 4</ownerDesignName>
<engineerTo>
<item key="05268D72-EECE-34D2-E2F7-1DF0532D443A" value="true"/>
</engineerTo>
<newElementsIDs>573CFE30-BF11-801B-7495-C2FE3306BF6D</newElementsIDs>
<usedAttributes>
<attributeRef>573CFE30-BF11-801B-7495-C2FE3306BF6D</attributeRef>
</usedAttributes>
</identifier>
<identifier id="529575D0-0585-B245-8ED2-438BAF8EEDC3" name="id_postulante">
<createdBy>benja</createdBy>
<createdTime>2026-02-02 05:35:13 UTC</createdTime>
<ownerDesignName>Formativa Semana 4</ownerDesignName>
<engineerTo>
<item key="05268D72-EECE-34D2-E2F7-1DF0532D443A" value="true"/>
</engineerTo>
<newElementsIDs>A67B964F-E7FB-626C-09B2-4EE201E4C9CA</newElementsIDs>
<usedAttributes>
<attributeRef>A67B964F-E7FB-626C-09B2-4EE201E4C9CA</attributeRef>
</usedAttributes>
</identifier>
</identifiers>
</Entity>