<?xml version = '1.0' encoding = 'UTF-8'?>
<Entity class="oracle.dbtools.crest.model.design.logical.Entity" directorySegmentName="seg_0" id="CAB9C48D-8160-04BB-0C64-02A62B37D43D" name="POSTULANTE_PROFESION">
<createdBy>benja</createdBy>
<createdTime>2026-02-02 05:36:24 UTC</createdTime>
<ownerDesignName>Formativa Semana 4</ownerDesignName>
<engineerTo>
<item key="05268D72-EECE-34D2-E2F7-1DF0532D443A" value="true"/>
</engineerTo>
<adequatelyNormalized>NO</adequatelyNormalized>
<expectedVolumes>0</expectedVolumes>
<fwdEngineeringStrategyName>Single Table</fwdEngineeringStrategyName>
<growthPercent>0</growthPercent>
<growthType>Year</growthType>
<maxVolumes>9999999</maxVolumes>
<minVolumes>0</minVolumes>
<normalForm>Third</normalForm>
<attributes itemClass="oracle.dbtools.crest.model.design.logical.Attribute">
<Attribute name="id_profesion" id="0BE1FFD1-E80C-CE3B-2987-AAFE3B83777E">
<createdBy>benja</createdBy>
<createdTime>2026-02-02 05:40:05 UTC</createdTime>
<ownerDesignName>Formativa Semana 4</ownerDesignName>
<engineerTo>
<item key="05268D72-EECE-34D2-E2F7-1DF0532D443A" value="true"/>
</engineerTo>
<useDomainConstraints>false</useDomainConstraints>
<use>1</use>
<logicalDatatype>LOGDT019</logicalDatatype>
<dataTypePrecision>7</dataTypePrecision>
<ownDataTypeParameters>,7,</ownDataTypeParameters>
</Attribute>
<Attribute name="Fecha_obtencion" id="42796327-1F84-9A7D-3C14-F04BC2F58EBA">
<createdBy>benja</createdBy>
<createdTime>2026-02-02 05:37:22 UTC</createdTime>
<ownerDesignName>Formativa Semana 4</ownerDesignName>
<engineerTo>
<item key="05268D72-EECE-34D2-E2F7-1DF0532D443A" value="true"/>
</engineerTo>
<useDomainConstraints>false</useDomainConstraints>
<use>1</use>
<logicalDatatype>LOGDT007</logicalDatatype>
<ownDataTypeParameters>,,</ownDataTypeParameters>
</Attribute>
<Attribute name="id_postulante1" id="6D2AC169-1BA6-CCEC-24F8-5FB8DADF5631">
<createdBy>Administrador</createdBy>
<createdTime>2026-02-03 00:27:15 UTC</createdTime>
<generatorID>8C069E26-2491-964A-5F23-419C8A29FAD7</generatorID>
<ownerDesignName>Formativa Semana 4</ownerDesignName>
<engineerTo>
<item key="05268D72-EECE-34D2-E2F7-1DF0532D443A" value="true"/>
</engineerTo>
<referedAttribute>A67B964F-E7FB-626C-09B2-4EE201E4C9CA</referedAttribute>
<useDomainConstraints>false</useDomainConstraints>
<use>1</use>
<logicalDatatype>LOGDT019</logicalDatatype>
<dataTypePrecision>7</dataTypePrecision>
<ownDataTypeParameters>,,</ownDataTypeParameters>
</Attribute>
<Attribute name="id_grado" id="E867C423-BA57-BF04-970E-A2EAE408089D">
<createdBy>Administrador</createdBy>
<createdTime>2026-02-03 00:27:15 UTC</createdTime>
<generatorID>8C069E26-2491-964A-5F23-419C8A29FAD7</generatorID>
<ownerDesignName>Formativa Semana 4</ownerDesignName>
<engineerTo>
<item key="05268D72-EECE-34D2-E2F7-1DF0532D443A" value="true"/>
</engineerTo>
<referedAttribute>EF6895B6-0C0F-D27E-6BA9-ECC750E9F517</referedAttribute>
<useDomainConstraints>false</useDomainConstraints>
<use>1</use>
<logicalDatatype>LOGDT019</logicalDatatype>
<dataTypePrecision>7</dataTypePrecision>
<ownDataTypeParameters>,,</ownDataTypeParameters>
</Attribute>
</attributes>
<identifiers itemClass="oracle.dbtools.crest.model.design.logical.CandidateKey">
<identifier id="788CC18C-E269-C03A-D5B1-D3625FDC0980" name="Postulante_Profesion PK">
<createdBy>benja</createdBy>
<createdTime>2026-02-02 05:37:07 UTC</createdTime>
<ownerDesignName>Formativa Semana 4</ownerDesignName>
<engineerTo>
<item key="05268D72-EECE-34D2-E2F7-1DF0532D443A" value="true"/>
</engineerTo>
<pk>true</pk>
<usedAttributes>
<attributeRef>0BE1FFD1-E80C-CE3B-2987-AAFE3B83777E</attributeRef>
<attributeRef>6D2AC169-1BA6-CCEC-24F8-5FB8DADF5631</attributeRef>
<attributeRef>E867C423-BA57-BF04-970E-A2EAE408089D</attributeRef>
</usedAttributes>
</identifier>
</identifiers>
</Entity>