<?xml version = '1.0' encoding = 'UTF-8'?>
<Entity class="oracle.dbtools.crest.model.design.logical.Entity" directorySegmentName="seg_0" id="D625F4EE-9B31-9FF5-2180-1B07D0502B31" name="EMPRESA">
<createdBy>benja</createdBy>
<createdTime>2026-02-02 05:10:24 UTC</createdTime>
<ownerDesignName>Formativa Semana 4</ownerDesignName>
<engineerTo>
<item key="05268D72-EECE-34D2-E2F7-1DF0532D443A" value="true"/>
</engineerTo>
<adequatelyNormalized>NO</adequatelyNormalized>
<expectedVolumes>0</expectedVolumes>
<fwdEngineeringStrategyName>Single Table</fwdEngineeringStrategyName>
<growthPercent>0</growthPercent>
<growthType>Year</growthType>
<maxVolumes>9999999</maxVolumes>
<minVolumes>0</minVolumes>
<normalForm>Third</normalForm>
<attributes itemClass="oracle.dbtools.crest.model.design.logical.Attribute">
<Attribute name="id_empresa" id="4FB479F5-279D-39D1-5B09-8D4F9B6DD3AD">
<createdBy>benja</createdBy>
<createdTime>2026-02-02 05:14:00 UTC</createdTime>
<ownerDesignName>Formativa Semana 4</ownerDesignName>
<engineerTo>
<item key="05268D72-EECE-34D2-E2F7-1DF0532D443A" value="true"/>
</engineerTo>
<useDomainConstraints>false</useDomainConstraints>
<use>1</use>
<logicalDatatype>LOGDT037</logicalDatatype>
<dataTypeSize>5</dataTypeSize>
<ownDataTypeParameters>5,,</ownDataTypeParameters>
</Attribute>
<Attribute name="nom_empresa" id="2174A43E-E899-FC77-F0C7-8CCC2BF86080">
<createdBy>benja</createdBy>
<createdTime>2026-02-02 05:17:05 UTC</createdTime>
<ownerDesignName>Formativa Semana 4</ownerDesignName>
<engineerTo>
<item key="05268D72-EECE-34D2-E2F7-1DF0532D443A" value="true"/>
</engineerTo>
<useDomainConstraints>false</useDomainConstraints>
<use>1</use>
<logicalDatatype>LOGDT024</logicalDatatype>
<dataTypeSize>100</dataTypeSize>
<ownDataTypeParameters>100,,</ownDataTypeParameters>
</Attribute>
<Attribute name="Remuneracion_max" id="AE5A44C0-995E-5B13-B87A-6BEC57833497">
<createdBy>benja</createdBy>
<createdTime>2026-02-02 05:17:37 UTC</createdTime>
<ownerDesignName>Formativa Semana 4</ownerDesignName>
<engineerTo>
<item key="05268D72-EECE-34D2-E2F7-1DF0532D443A" value="true"/>
</engineerTo>
<useDomainConstraints>false</useDomainConstraints>
<use>1</use>
<logicalDatatype>LOGDT019</logicalDatatype>
<dataTypePrecision>7</dataTypePrecision>
<ownDataTypeParameters>,7,</ownDataTypeParameters>
</Attribute>
<Attribute name="id_ciudad" id="BB790024-ABE3-A614-1CE9-DC158E024E1D">
<createdBy>Administrador</createdBy>
<createdTime>2026-02-03 00:28:04 UTC</createdTime>
<generatorID>32C473A2-823A-D160-AE05-15909A82DCD9</generatorID>
<ownerDesignName>Formativa Semana 4</ownerDesignName>
<engineerTo>
<item key="05268D72-EECE-34D2-E2F7-1DF0532D443A" value="true"/>
</engineerTo>
<referedAttribute>90E7D4EF-07B2-5B24-05FF-97DE09436D79</referedAttribute>
<useDomainConstraints>false</useDomainConstraints>
<use>1</use>
<logicalDatatype>LOGDT019</logicalDatatype>
<dataTypePrecision>7</dataTypePrecision>
<ownDataTypeParameters>,,</ownDataTypeParameters>
</Attribute>
<Attribute name="id_region" id="F419146B-2A8D-5717-4121-265B5F3CF82F">
<createdBy>Administrador</createdBy>
<createdTime>2026-02-03 00:28:04 UTC</createdTime>
<generatorID>32C473A2-823A-D160-AE05-15909A82DCD9</generatorID>
<ownerDesignName>Formativa Semana 4</ownerDesignName>
<engineerTo>
<item key="05268D72-EECE-34D2-E2F7-1DF0532D443A" value="true"/>
</engineerTo>
<referedAttribute>4A8ECDED-4EDB-4515-735E-06610236D451</referedAttribute>
<useDomainConstraints>false</useDomainConstraints>
<use>1</use>
<logicalDatatype>LOGDT019</logicalDatatype>
<dataTypePrecision>7</dataTypePrecision>
<ownDataTypeParameters>,,</ownDataTypeParameters>
</Attribute>
<Attribute name="id_postulante" id="B17F9515-2AB1-8953-7D88-713CAB9034EB">
<createdBy>Administrador</createdBy>
<createdTime>2026-02-03 00:30:50 UTC</createdTime>
<generatorID>041FA47A-6676-AC1C-20A2-4FA504B20DFB</generatorID>
<ownerDesignName>Formativa Semana 4</ownerDesignName>
<engineerTo>
<item key="05268D72-EECE-34D2-E2F7-1DF0532D443A" value="true"/>
</engineerTo>
<referedAttribute>A67B964F-E7FB-626C-09B2-4EE201E4C9CA</referedAttribute>
<useDomainConstraints>false</useDomainConstraints>
<use>1</use>
<logicalDatatype>LOGDT019</logicalDatatype>
<dataTypePrecision>7</dataTypePrecision>
<ownDataTypeParameters>,,</ownDataTypeParameters>
</Attribute>
<Attribute name="id_grado" id="A43C3126-E9CE-A913-82EF-A3B13AE51FEC">
<createdBy>Administrador</createdBy>
<createdTime>2026-02-03 00:30:50 UTC</createdTime>
<generatorID>041FA47A-6676-AC1C-20A2-4FA504B20DFB</generatorID>
<ownerDesignName>Formativa Semana 4</ownerDesignName>
<engineerTo>
<item key="05268D72-EECE-34D2-E2F7-1DF0532D443A" value="true"/>
</engineerTo>
<referedAttribute>EF6895B6-0C0F-D27E-6BA9-ECC750E9F517</referedAttribute>
<useDomainConstraints>false</useDomainConstraints>
<use>1</use>
<logicalDatatype>LOGDT019</logicalDatatype>
<dataTypePrecision>7</dataTypePrecision>
<ownDataTypeParameters>,,</ownDataTypeParameters>
</Attribute>
<Attribute name="id_comuna" id="6BBD4D56-6690-329D-0415-4022B8F10892">
<createdBy>Administrador</createdBy>
<createdTime>2026-02-03 00:32:09 UTC</createdTime>
<generatorID>32C473A2-823A-D160-AE05-15909A82DCD9</generatorID>
<ownerDesignName>Formativa Semana 4</ownerDesignName>
<engineerTo>
<item key="05268D72-EECE-34D2-E2F7-1DF0532D443A" value="true"/>
</engineerTo>
<referedAttribute>D79C2D51-090B-7BF3-A912-9751391197AA</referedAttribute>
<useDomainConstraints>false</useDomainConstraints>
<use>1</use>
<logicalDatatype>LOGDT019</logicalDatatype>
<dataTypePrecision>7</dataTypePrecision>
<ownDataTypeParameters>,,</ownDataTypeParameters>
</Attribute>
<Attribute name="id_ciudad1" id="60E41EEA-DAAA-A560-A56C-7DDB5AF74B7F">
<createdBy>Administrador</createdBy>
<createdTime>2026-02-03 00:45:59 UTC</createdTime>
<generatorID>C44DA310-2029-1B82-5B8E-8540B49A8B23</generatorID>
<ownerDesignName>Formativa Semana 4</ownerDesignName>
<engineerTo>
<item key="05268D72-EECE-34D2-E2F7-1DF0532D443A" value="true"/>
</engineerTo>
<referedAttribute>90E7D4EF-07B2-5B24-05FF-97DE09436D79</referedAttribute>
<useDomainConstraints>false</useDomainConstraints>
<use>1</use>
<logicalDatatype>LOGDT019</logicalDatatype>
<dataTypePrecision>7</dataTypePrecision>
<ownDataTypeParameters>,,</ownDataTypeParameters>
</Attribute>
<Attribute name="id_region1" id="EA4A2FDC-7995-15CA-A019-E1D589C205D4">
<createdBy>Administrador</createdBy>
<createdTime>2026-02-03 00:45:59 UTC</createdTime>
<generatorID>C44DA310-2029-1B82-5B8E-8540B49A8B23</generatorID>
<ownerDesignName>Formativa Semana 4</ownerDesignName>
<engineerTo>
<item key="05268D72-EECE-34D2-E2F7-1DF0532D443A" value="true"/>
</engineerTo>
<referedAttribute>4A8ECDED-4EDB-4515-735E-06610236D451</referedAttribute>
<useDomainConstraints>false</useDomainConstraints>
<use>1</use>
<logicalDatatype>LOGDT019</logicalDatatype>
<dataTypePrecision>7</dataTypePrecision>
<ownDataTypeParameters>,,</ownDataTypeParameters>
</Attribute>
<Attribute name="id_comuna1" id="78B13D7A-E6A1-FB58-1982-50B2339908D9">
<createdBy>Administrador</createdBy>
<createdTime>2026-02-03 00:45:59 UTC</createdTime>
<generatorID>C44DA310-2029-1B82-5B8E-8540B49A8B23</generatorID>
<ownerDesignName>Formativa Semana 4</ownerDesignName>
<engineerTo>
<item key="05268D72-EECE-34D2-E2F7-1DF0532D443A" value="true"/>
</engineerTo>
<referedAttribute>D79C2D51-090B-7BF3-A912-9751391197AA</referedAttribute>
<useDomainConstraints>false</useDomainConstraints>
<use>1</use>
<logicalDatatype>LOGDT019</logicalDatatype>
<dataTypePrecision>7</dataTypePrecision>
<ownDataTypeParameters>,,</ownDataTypeParameters>
</Attribute>
</attributes>
<identifiers itemClass="oracle.dbtools.crest.model.design.logical.CandidateKey">
<identifier id="5EEE5E87-AB9C-4B98-C2C9-ACF3CEAC89C1" name="Empresa PK">
<createdBy>benja</createdBy>
<createdTime>2026-02-02 05:17:01 UTC</createdTime>
<ownerDesignName>Formativa Semana 4</ownerDesignName>
<engineerTo>
<item key="05268D72-EECE-34D2-E2F7-1DF0532D443A" value="true"/>
</engineerTo>
<pk>true</pk>
<usedAttributes>
<attributeRef>4FB479F5-279D-39D1-5B09-8D4F9B6DD3AD</attributeRef>
<attributeRef>60E41EEA-DAAA-A560-A56C-7DDB5AF74B7F</attributeRef>
<attributeRef>EA4A2FDC-7995-15CA-A019-E1D589C205D4</attributeRef>
<attributeRef>78B13D7A-E6A1-FB58-1982-50B2339908D9</attributeRef>
</usedAttributes>
</identifier>
</identifiers>
</Entity>