<?xml version = '1.0' encoding = 'UTF-8'?>
<FKIndexAssociation class="oracle.dbtools.crest.model.design.relational.FKIndexAssociation" directorySegmentName="seg_0" id="004C7B1C-EB18-4A0E-E10E-7177F88B48E1" containerWithKeyObject="232420EE-8C1D-DECB-B7B1-7FF67A5C5C7D" localFKIndex="4A3A8891-766A-E791-90D0-A875ED1CA604" name="PRODUCTO_CATEGORIA_FK">
<createdBy>Administrador</createdBy>
<createdTime>2026-02-05 02:57:42 UTC</createdTime>
<generatorID>C1E503BA-2AF6-1DFF-B668-A315558D9BC2</generatorID>
<ownerDesignName>Semana5</ownerDesignName>
<referredTableLongName>CATEGORIA</referredTableLongName>
<deleteRule>NO ACTION</deleteRule>
<referredTableID>A1AA7303-3D39-3CF4-24BC-BF57D4BCFF13</referredTableID>
<keyObject>69FCFDCC-8560-5B87-7DC6-09E2B3EE72D9</keyObject>
<referredKeyID>69FCFDCC-8560-5B87-7DC6-09E2B3EE72D9</referredKeyID>
<mandatory>true</mandatory>
<refColNames>id_categoria</refColNames>
<transferable>true</transferable>
<rely>false</rely>
<columnDependencyConstraintGenerateInDDL>true</columnDependencyConstraintGenerateInDDL>
</FKIndexAssociation>