<?xml version = '1.0' encoding = 'UTF-8'?>
<FKIndexAssociation class="oracle.dbtools.crest.model.design.relational.FKIndexAssociation" directorySegmentName="seg_0" id="40EE3DDF-7833-9AA3-9681-DB61E9126F94" containerWithKeyObject="0CEB0866-63EB-D711-BC16-7F2C42B114E4" localFKIndex="BBED56B9-F02A-4816-1E08-9748CE669ECC" name="PROVEEDOR_COMUNA_FK">
<createdBy>Administrador</createdBy>
<createdTime>2026-02-05 02:57:42 UTC</createdTime>
<generatorID>45B08C27-9794-10B6-2C49-BDED07599382</generatorID>
<ownerDesignName>Semana5</ownerDesignName>
<referredTableLongName>COMUNA</referredTableLongName>
<deleteRule>NO ACTION</deleteRule>
<referredTableID>BDA1EB6F-4CB7-7618-D21D-548AE64B1457</referredTableID>
<keyObject>376E6C05-4139-BE7A-00C5-111E39D6C37D</keyObject>
<referredKeyID>376E6C05-4139-BE7A-00C5-111E39D6C37D</referredKeyID>
<mandatory>true</mandatory>
<refColNames>id_comuna,REGION_id_region</refColNames>
<transferable>true</transferable>
<rely>false</rely>
<columnDependencyConstraintGenerateInDDL>true</columnDependencyConstraintGenerateInDDL>
</FKIndexAssociation>