<?xml version = '1.0' encoding = 'UTF-8'?>
<FKIndexAssociation class="oracle.dbtools.crest.model.design.relational.FKIndexAssociation" directorySegmentName="seg_0" id="4958A1AE-C514-E2F2-68C3-2D11A6314747" containerWithKeyObject="CFD589D8-26F6-7531-441B-9C7AE85CFD2B" localFKIndex="0D516B00-5A8D-995F-03F9-1BBF89667EE1" name="BOLETA_PRODUCTO_FK">
<createdBy>Administrador</createdBy>
<createdTime>2026-02-05 02:57:42 UTC</createdTime>
<generatorID>C4C3EF02-B591-6879-4BE2-FAFE4798BFC9</generatorID>
<ownerDesignName>Semana5</ownerDesignName>
<referredTableLongName>PRODUCTO</referredTableLongName>
<deleteRule>NO ACTION</deleteRule>
<referredTableID>232420EE-8C1D-DECB-B7B1-7FF67A5C5C7D</referredTableID>
<keyObject>FA149FF1-1E1B-FB72-A458-7C26074A93A5</keyObject>
<referredKeyID>FA149FF1-1E1B-FB72-A458-7C26074A93A5</referredKeyID>
<mandatory>true</mandatory>
<refColNames>id_producto,PROVEEDOR_id_proovedor,PROVEEDOR_COMUNA_id_comuna,PROVEEDOR_COMUNA_REGION_id_region,MODELO_id_modelo,MODELO_MARCA_id_marca,CATEGORIA_id_categoria,SUCURSAL_id_sucursal,SUCURSAL_COMUNA_id_comuna,SUCURSAL_COMUNA_id_region</refColNames>
<transferable>true</transferable>
<rely>false</rely>
<columnDependencyConstraintGenerateInDDL>true</columnDependencyConstraintGenerateInDDL>
</FKIndexAssociation>