<?xml version = '1.0' encoding = 'UTF-8'?>
<FKIndexAssociation class="oracle.dbtools.crest.model.design.relational.FKIndexAssociation" directorySegmentName="seg_0" id="5001B481-8A70-5056-86A9-A3DD9D869595" containerWithKeyObject="D55A7863-91D2-F183-4E15-96FF7DA93722" localFKIndex="FB446F9E-6644-5F24-CE2B-1D814554AC35" name="CLIENTE_COMUNA_FK">
<createdBy>Administrador</createdBy>
<createdTime>2026-02-05 02:57:42 UTC</createdTime>
<generatorID>0968295A-90DE-2BD8-7CB6-7591F4551879</generatorID>
<ownerDesignName>Semana5</ownerDesignName>
<referredTableLongName>COMUNA</referredTableLongName>
<deleteRule>NO ACTION</deleteRule>
<referredTableID>BDA1EB6F-4CB7-7618-D21D-548AE64B1457</referredTableID>
<keyObject>376E6C05-4139-BE7A-00C5-111E39D6C37D</keyObject>
<referredKeyID>376E6C05-4139-BE7A-00C5-111E39D6C37D</referredKeyID>
<mandatory>true</mandatory>
<refColNames>id_comuna,REGION_id_region</refColNames>
<transferable>true</transferable>
<rely>false</rely>
<columnDependencyConstraintGenerateInDDL>true</columnDependencyConstraintGenerateInDDL>
</FKIndexAssociation>