<?xml version = '1.0' encoding = 'UTF-8'?>
<FKIndexAssociation class="oracle.dbtools.crest.model.design.relational.FKIndexAssociation" directorySegmentName="seg_0" id="5A17CBA6-EF3F-EFE6-59AC-1B5301B08619" containerWithKeyObject="232420EE-8C1D-DECB-B7B1-7FF67A5C5C7D" localFKIndex="6CDC1486-BFF1-DB56-CBAB-6BF647EE2F4B" name="PRODUCTO_MODELO_FK">
<createdBy>Administrador</createdBy>
<createdTime>2026-02-05 02:57:42 UTC</createdTime>
<generatorID>D13803F6-DE02-734D-330A-5CAF6F8156DF</generatorID>
<ownerDesignName>Semana5</ownerDesignName>
<referredTableLongName>MODELO</referredTableLongName>
<deleteRule>NO ACTION</deleteRule>
<referredTableID>CA724DAC-BB0D-6AEA-2DD6-4DC279242AC3</referredTableID>
<keyObject>1B3EBF3C-6EF9-E9AD-7D7A-22D7DE239778</keyObject>
<referredKeyID>1B3EBF3C-6EF9-E9AD-7D7A-22D7DE239778</referredKeyID>
<mandatory>true</mandatory>
<refColNames>id_modelo,MARCA_id_marca</refColNames>
<transferable>true</transferable>
<rely>false</rely>
<columnDependencyConstraintGenerateInDDL>true</columnDependencyConstraintGenerateInDDL>
</FKIndexAssociation>