<?xml version = '1.0' encoding = 'UTF-8'?>
<FKIndexAssociation class="oracle.dbtools.crest.model.design.relational.FKIndexAssociation" directorySegmentName="seg_0" id="79A2AC88-37EF-FE29-3BC4-D9100ED84D40" containerWithKeyObject="E287AD96-142D-3FEB-80D1-8B4F397D5C55" localFKIndex="0221A702-8BC0-C83C-528B-9E127C688436" name="PROOVEDOR_PERSONA_PROVEEDOR_FK">
<createdBy>Administrador</createdBy>
<createdTime>2026-02-05 02:57:42 UTC</createdTime>
<generatorID>DA073490-B0CF-52AF-0BA2-57632EBFE535</generatorID>
<ownerDesignName>Semana5</ownerDesignName>
<referredTableLongName>PROVEEDOR</referredTableLongName>
<arc>5400D5CB-562E-1624-A941-62BA321C2F7E</arc>
<deleteRule>NO ACTION</deleteRule>
<referredTableID>0CEB0866-63EB-D711-BC16-7F2C42B114E4</referredTableID>
<keyObject>FC2886FE-A186-4A71-E9B7-1B8DBA3C820B</keyObject>
<referredKeyID>FC2886FE-A186-4A71-E9B7-1B8DBA3C820B</referredKeyID>
<mandatory>true</mandatory>
<refColNames>id_proovedor,COMUNA_id_comuna,COMUNA_REGION_id_region</refColNames>
<transferable>true</transferable>
<rely>false</rely>
<columnDependencyConstraintGenerateInDDL>true</columnDependencyConstraintGenerateInDDL>
</FKIndexAssociation>