<?xml version = '1.0' encoding = 'UTF-8'?>
<FKIndexAssociation class="oracle.dbtools.crest.model.design.relational.FKIndexAssociation" directorySegmentName="seg_0" id="7F434E27-A941-74AF-D432-2953C03998EF" containerWithKeyObject="BDA1EB6F-4CB7-7618-D21D-548AE64B1457" localFKIndex="00D2B024-89E0-0317-C8D9-6C5F4CADCEB8" name="COMUNA_REGION_FK">
<createdBy>Administrador</createdBy>
<createdTime>2026-02-05 02:57:42 UTC</createdTime>
<generatorID>F26DD836-BE5C-0D1B-AB30-7CCA6E5CA032</generatorID>
<ownerDesignName>Semana5</ownerDesignName>
<referredTableLongName>REGION</referredTableLongName>
<deleteRule>NO ACTION</deleteRule>
<referredTableID>98CAF409-63B3-E9C5-A83C-0BE184C7C42C</referredTableID>
<keyObject>1DDAC096-5C93-1BD8-B765-244C353C0AC0</keyObject>
<referredKeyID>1DDAC096-5C93-1BD8-B765-244C353C0AC0</referredKeyID>
<mandatory>true</mandatory>
<refColNames>id_region</refColNames>
<transferable>true</transferable>
<rely>false</rely>
<columnDependencyConstraintGenerateInDDL>true</columnDependencyConstraintGenerateInDDL>
</FKIndexAssociation>