<?xml version = '1.0' encoding = 'UTF-8'?>
<FKIndexAssociation class="oracle.dbtools.crest.model.design.relational.FKIndexAssociation" directorySegmentName="seg_0" id="8E12D112-F55E-002B-88E9-99E2AEB1CBE1" containerWithKeyObject="C70E4C05-BDBB-E1A7-21C7-91554853C640" localFKIndex="B4FD7AED-F352-F1FA-CF10-60078E950E2C" name="PROOVEDOR_EMPRESA_PROVEEDOR_FK">
<createdBy>Administrador</createdBy>
<createdTime>2026-02-05 02:57:42 UTC</createdTime>
<generatorID>39D8A29C-62BE-90F7-BF13-B73C6AF35097</generatorID>
<ownerDesignName>Semana5</ownerDesignName>
<referredTableLongName>PROVEEDOR</referredTableLongName>
<arc>5400D5CB-562E-1624-A941-62BA321C2F7E</arc>
<deleteRule>NO ACTION</deleteRule>
<referredTableID>0CEB0866-63EB-D711-BC16-7F2C42B114E4</referredTableID>
<keyObject>FC2886FE-A186-4A71-E9B7-1B8DBA3C820B</keyObject>
<referredKeyID>FC2886FE-A186-4A71-E9B7-1B8DBA3C820B</referredKeyID>
<mandatory>true</mandatory>
<refColNames>id_proovedor,COMUNA_id_comuna,COMUNA_REGION_id_region</refColNames>
<transferable>true</transferable>
<rely>false</rely>
<columnDependencyConstraintGenerateInDDL>true</columnDependencyConstraintGenerateInDDL>
</FKIndexAssociation>