<?xml version = '1.0' encoding = 'UTF-8'?>
<FKIndexAssociation class="oracle.dbtools.crest.model.design.relational.FKIndexAssociation" directorySegmentName="seg_0" id="924C4640-E588-95CE-D624-2222A9746504" containerWithKeyObject="232420EE-8C1D-DECB-B7B1-7FF67A5C5C7D" localFKIndex="5F51E68B-7EC1-5C00-4955-935A18BCBF42" name="PRODUCTO_SUCURSAL_FK">
<createdBy>Administrador</createdBy>
<createdTime>2026-02-05 02:57:42 UTC</createdTime>
<generatorID>B00A739F-F338-F56C-7F6A-F7D028B376E3</generatorID>
<ownerDesignName>Semana5</ownerDesignName>
<referredTableLongName>SUCURSAL</referredTableLongName>
<deleteRule>NO ACTION</deleteRule>
<referredTableID>AB93CCD2-9F97-E2F5-9F12-CEF93C5ED55F</referredTableID>
<keyObject>82633F86-838E-AD23-0048-84B0363EA595</keyObject>
<referredKeyID>82633F86-838E-AD23-0048-84B0363EA595</referredKeyID>
<mandatory>true</mandatory>
<refColNames>id_sucursal,COMUNA_id_comuna,COMUNA_id_region</refColNames>
<transferable>true</transferable>
<rely>false</rely>
<columnDependencyConstraintGenerateInDDL>true</columnDependencyConstraintGenerateInDDL>
</FKIndexAssociation>