<?xml version = '1.0' encoding = 'UTF-8'?>
<FKIndexAssociation class="oracle.dbtools.crest.model.design.relational.FKIndexAssociation" directorySegmentName="seg_0" id="933657CA-53ED-BCF9-8544-8CBA65943BA9" containerWithKeyObject="CFD589D8-26F6-7531-441B-9C7AE85CFD2B" localFKIndex="2A848F16-9518-C1B1-980B-C652021739DC" name="BOLETA_CLIENTE_FK">
<createdBy>Administrador</createdBy>
<createdTime>2026-02-05 02:57:42 UTC</createdTime>
<generatorID>52A10D40-68B9-DED2-F30F-485AB320F051</generatorID>
<ownerDesignName>Semana5</ownerDesignName>
<referredTableLongName>CLIENTE</referredTableLongName>
<deleteRule>NO ACTION</deleteRule>
<referredTableID>D55A7863-91D2-F183-4E15-96FF7DA93722</referredTableID>
<keyObject>715A64C0-8A8A-45DD-A553-132B6DE798D6</keyObject>
<referredKeyID>715A64C0-8A8A-45DD-A553-132B6DE798D6</referredKeyID>
<mandatory>true</mandatory>
<refColNames>id_cliente,COMUNA_id_comuna,COMUNA_REGION_id_region</refColNames>
<transferable>true</transferable>
<rely>false</rely>
<columnDependencyConstraintGenerateInDDL>true</columnDependencyConstraintGenerateInDDL>
</FKIndexAssociation>