<?xml version = '1.0' encoding = 'UTF-8'?>
<FKIndexAssociation class="oracle.dbtools.crest.model.design.relational.FKIndexAssociation" directorySegmentName="seg_0" id="935C90D1-1C91-4586-3C57-70FE87C8B815" containerWithKeyObject="AB93CCD2-9F97-E2F5-9F12-CEF93C5ED55F" localFKIndex="8BCE86E5-CA79-43BC-1A52-7A700633A0AC" name="SUCURSAL_COMUNA_FK">
<createdBy>Administrador</createdBy>
<createdTime>2026-02-05 02:57:42 UTC</createdTime>
<generatorID>8B2EE663-D168-4B6F-1379-300C47805544</generatorID>
<ownerDesignName>Semana5</ownerDesignName>
<referredTableLongName>COMUNA</referredTableLongName>
<deleteRule>NO ACTION</deleteRule>
<referredTableID>BDA1EB6F-4CB7-7618-D21D-548AE64B1457</referredTableID>
<keyObject>376E6C05-4139-BE7A-00C5-111E39D6C37D</keyObject>
<referredKeyID>376E6C05-4139-BE7A-00C5-111E39D6C37D</referredKeyID>
<mandatory>true</mandatory>
<refColNames>id_comuna,REGION_id_region</refColNames>
<transferable>true</transferable>
<rely>false</rely>
<columnDependencyConstraintGenerateInDDL>true</columnDependencyConstraintGenerateInDDL>
</FKIndexAssociation>