<?xml version = '1.0' encoding = 'UTF-8'?>
<FKIndexAssociation class="oracle.dbtools.crest.model.design.relational.FKIndexAssociation" directorySegmentName="seg_0" id="B8BB0757-197D-7582-DCCC-741E0F2FDE76" containerWithKeyObject="CA724DAC-BB0D-6AEA-2DD6-4DC279242AC3" localFKIndex="3E9850FF-E61A-750F-C46F-2F3567D49168" name="MODELO_MARCA_FK">
<createdBy>Administrador</createdBy>
<createdTime>2026-02-05 02:57:42 UTC</createdTime>
<generatorID>8FF1EA0D-0019-9F7F-AD5B-1B2EDC0C80BC</generatorID>
<ownerDesignName>Semana5</ownerDesignName>
<referredTableLongName>MARCA</referredTableLongName>
<deleteRule>NO ACTION</deleteRule>
<referredTableID>6EA89610-6E71-3C98-472F-6EA15EACD965</referredTableID>
<keyObject>DE043BB9-9037-0337-2E9C-601ACFC0B87A</keyObject>
<referredKeyID>DE043BB9-9037-0337-2E9C-601ACFC0B87A</referredKeyID>
<mandatory>true</mandatory>
<refColNames>id_marca</refColNames>
<transferable>true</transferable>
<rely>false</rely>
<columnDependencyConstraintGenerateInDDL>true</columnDependencyConstraintGenerateInDDL>
</FKIndexAssociation>