<?xml version = '1.0' encoding = 'UTF-8'?>
<FKIndexAssociation class="oracle.dbtools.crest.model.design.relational.FKIndexAssociation" directorySegmentName="seg_0" id="C46EA57D-4A83-188B-E403-EA9AF4384A67" containerWithKeyObject="232420EE-8C1D-DECB-B7B1-7FF67A5C5C7D" localFKIndex="5A8A9EF5-C328-A4F0-927C-B4FEBA9A1254" name="PRODUCTO_PROVEEDOR_FK">
<createdBy>Administrador</createdBy>
<createdTime>2026-02-05 02:57:42 UTC</createdTime>
<generatorID>FA881311-30E3-B037-7A3B-F7E4BC13831C</generatorID>
<ownerDesignName>Semana5</ownerDesignName>
<referredTableLongName>PROVEEDOR</referredTableLongName>
<deleteRule>NO ACTION</deleteRule>
<referredTableID>0CEB0866-63EB-D711-BC16-7F2C42B114E4</referredTableID>
<keyObject>FC2886FE-A186-4A71-E9B7-1B8DBA3C820B</keyObject>
<referredKeyID>FC2886FE-A186-4A71-E9B7-1B8DBA3C820B</referredKeyID>
<mandatory>true</mandatory>
<refColNames>id_proovedor,COMUNA_id_comuna,COMUNA_REGION_id_region</refColNames>
<transferable>true</transferable>
<rely>false</rely>
<columnDependencyConstraintGenerateInDDL>true</columnDependencyConstraintGenerateInDDL>
</FKIndexAssociation>