<?xml version = '1.0' encoding = 'UTF-8'?>
<FKIndexAssociation class="oracle.dbtools.crest.model.design.relational.FKIndexAssociation" directorySegmentName="seg_0" id="0A5463C2-0B13-253F-0134-31E4D1A77F26" containerWithKeyObject="F0E21A6E-BC3F-CDCE-6D33-65B5AC978CF8" localFKIndex="4918B6FE-C3DC-F0C2-122A-12B1125FFCAC" name="CONTRATO_SUCURSAL_FK">
<createdBy>milenperalta</createdBy>
<createdTime>2026-01-26 22:51:14 UTC</createdTime>
<generatorID>61989D0D-7CB4-14F0-8D5C-831FAA8B9214</generatorID>
<ownerDesignName>Entrega_semana_3</ownerDesignName>
<referredTableLongName>SUCURSAL</referredTableLongName>
<deleteRule>NO ACTION</deleteRule>
<referredTableID>038525D8-0F69-497D-3818-EEFAA97F711A</referredTableID>
<keyObject>A9B500B9-42C6-42C6-2CEB-6083E62F94D0</keyObject>
<referredKeyID>A9B500B9-42C6-42C6-2CEB-6083E62F94D0</referredKeyID>
<mandatory>true</mandatory>
<refColNames>id_sucursal</refColNames>
<transferable>true</transferable>
<rely>false</rely>
<columnDependencyConstraintGenerateInDDL>true</columnDependencyConstraintGenerateInDDL>
</FKIndexAssociation>