<?xml version = '1.0' encoding = 'UTF-8'?>
<FKIndexAssociation class="oracle.dbtools.crest.model.design.relational.FKIndexAssociation" directorySegmentName="seg_0" id="0C8416CC-7D7F-26E8-0826-33DB23545D79" containerWithKeyObject="29F8C079-C549-D1F3-9C52-31D0623A00A9" localFKIndex="63BFA723-33EB-96D7-16B4-68E7C83698E8" name="CONTRATO_INDEFINIDO_CONTRATO_FK">
<createdBy>milenperalta</createdBy>
<createdTime>2026-01-26 22:51:14 UTC</createdTime>
<generatorID>49D3DF33-FBBD-0AA4-B27E-38770F0C2421</generatorID>
<ownerDesignName>Entrega_semana_3</ownerDesignName>
<referredTableLongName>CONTRATO</referredTableLongName>
<arc>B534728F-332C-203A-90F0-72E98CBCF59E</arc>
<deleteRule>NO ACTION</deleteRule>
<referredTableID>F0E21A6E-BC3F-CDCE-6D33-65B5AC978CF8</referredTableID>
<keyObject>E5C90DB3-EFFC-3A38-7C76-B024FA86404D</keyObject>
<referredKeyID>E5C90DB3-EFFC-3A38-7C76-B024FA86404D</referredKeyID>
<mandatory>true</mandatory>
<refColNames>id_contrato</refColNames>
<transferable>true</transferable>
<rely>false</rely>
<columnDependencyConstraintGenerateInDDL>true</columnDependencyConstraintGenerateInDDL>
</FKIndexAssociation>