<?xml version = '1.0' encoding = 'UTF-8'?>
<FKIndexAssociation class="oracle.dbtools.crest.model.design.relational.FKIndexAssociation" directorySegmentName="seg_0" id="14DA9A37-C234-1AD9-FF9A-A82C20B6AFAC" containerWithKeyObject="C3A298BB-F880-AFB6-0B53-44710237FF39" localFKIndex="B9476A09-14D9-6A74-2055-73066AA562DE" name="BOLETA_CLIENTE_FK">
<createdBy>milenperalta</createdBy>
<createdTime>2026-01-26 22:51:14 UTC</createdTime>
<generatorID>940AD7BE-8066-5617-68FC-0CFC8020C863</generatorID>
<ownerDesignName>Entrega_semana_3</ownerDesignName>
<referredTableLongName>CLIENTE</referredTableLongName>
<deleteRule>NO ACTION</deleteRule>
<referredTableID>3F2E59E6-825F-0CB0-6506-DE6FB40A7826</referredTableID>
<keyObject>DC1B843F-F3F7-D27C-2B48-A05118CCCE54</keyObject>
<referredKeyID>DC1B843F-F3F7-D27C-2B48-A05118CCCE54</referredKeyID>
<mandatory>true</mandatory>
<refColNames>id_cliente</refColNames>
<transferable>true</transferable>
<rely>false</rely>
<columnDependencyConstraintGenerateInDDL>true</columnDependencyConstraintGenerateInDDL>
</FKIndexAssociation>