<?xml version = '1.0' encoding = 'UTF-8'?>
<FKIndexAssociation class="oracle.dbtools.crest.model.design.relational.FKIndexAssociation" directorySegmentName="seg_0" id="3396D708-BC70-6D85-41E0-CFF135D7EBF2" containerWithKeyObject="915C6CE5-01F6-9C5C-C8B9-10710A3ADC5E" localFKIndex="ADF0180A-00E7-265D-5FBE-A5A21393F59B" name="PRODUCTO_BOLETA_PRODUCTO_FK">
<createdBy>milenperalta</createdBy>
<createdTime>2026-01-26 22:51:14 UTC</createdTime>
<generatorID>EBD31D06-4A9E-54E1-0190-E67EA769CB67</generatorID>
<ownerDesignName>Entrega_semana_3</ownerDesignName>
<referredTableLongName>PRODUCTO</referredTableLongName>
<deleteRule>NO ACTION</deleteRule>
<referredTableID>1B141E9C-8556-2EF2-2C9E-BBBBF6E39987</referredTableID>
<keyObject>56F164E1-6A6C-38B6-41F0-C26B4AB45E75</keyObject>
<referredKeyID>56F164E1-6A6C-38B6-41F0-C26B4AB45E75</referredKeyID>
<mandatory>true</mandatory>
<refColNames>codigo_producto</refColNames>
<transferable>true</transferable>
<rely>false</rely>
<columnDependencyConstraintGenerateInDDL>true</columnDependencyConstraintGenerateInDDL>
</FKIndexAssociation>