<?xml version = '1.0' encoding = 'UTF-8'?>
<FKIndexAssociation class="oracle.dbtools.crest.model.design.relational.FKIndexAssociation" directorySegmentName="seg_0" id="41414DB6-6206-1783-1F3B-FBF2C50F58AC" containerWithKeyObject="251E0C65-DB46-7A32-8F77-79959B376E52" localFKIndex="EB09C970-0EAD-4E6B-69B5-E9F298FE0614" name="CONTRATO_PRACTICANTE_CONTRATO_FK">
<createdBy>milenperalta</createdBy>
<createdTime>2026-01-26 22:51:14 UTC</createdTime>
<generatorID>19002EB5-E131-1C28-5B30-E9E586542E06</generatorID>
<ownerDesignName>Entrega_semana_3</ownerDesignName>
<referredTableLongName>CONTRATO</referredTableLongName>
<arc>B534728F-332C-203A-90F0-72E98CBCF59E</arc>
<deleteRule>NO ACTION</deleteRule>
<referredTableID>F0E21A6E-BC3F-CDCE-6D33-65B5AC978CF8</referredTableID>
<keyObject>E5C90DB3-EFFC-3A38-7C76-B024FA86404D</keyObject>
<referredKeyID>E5C90DB3-EFFC-3A38-7C76-B024FA86404D</referredKeyID>
<mandatory>true</mandatory>
<refColNames>id_contrato</refColNames>
<transferable>true</transferable>
<rely>false</rely>
<columnDependencyConstraintGenerateInDDL>true</columnDependencyConstraintGenerateInDDL>
</FKIndexAssociation>