<?xml version = '1.0' encoding = 'UTF-8'?>
<FKIndexAssociation class="oracle.dbtools.crest.model.design.relational.FKIndexAssociation" directorySegmentName="seg_0" id="578CE70F-73CF-994F-4E86-83D28DA0469B" containerWithKeyObject="1B141E9C-8556-2EF2-2C9E-BBBBF6E39987" localFKIndex="0ADE726B-7D4A-24BF-B738-22F0C4BFD5E9" name="PRODUCTO_SUCURSAL_FK">
<createdBy>milenperalta</createdBy>
<createdTime>2026-01-26 22:51:14 UTC</createdTime>
<generatorID>DC3BB07F-835F-BC43-47BF-3879B41ED674</generatorID>
<ownerDesignName>Entrega_semana_3</ownerDesignName>
<referredTableLongName>SUCURSAL</referredTableLongName>
<deleteRule>NO ACTION</deleteRule>
<referredTableID>038525D8-0F69-497D-3818-EEFAA97F711A</referredTableID>
<keyObject>A9B500B9-42C6-42C6-2CEB-6083E62F94D0</keyObject>
<referredKeyID>A9B500B9-42C6-42C6-2CEB-6083E62F94D0</referredKeyID>
<mandatory>true</mandatory>
<refColNames>id_sucursal</refColNames>
<transferable>true</transferable>
<rely>false</rely>
<columnDependencyConstraintGenerateInDDL>true</columnDependencyConstraintGenerateInDDL>
</FKIndexAssociation>