<?xml version = '1.0' encoding = 'UTF-8'?>
<FKIndexAssociation class="oracle.dbtools.crest.model.design.relational.FKIndexAssociation" directorySegmentName="seg_0" id="681102B1-9325-AC36-212B-7C06C306A7B7" containerWithKeyObject="29F8C079-C549-D1F3-9C52-31D0623A00A9" localFKIndex="6C6D9689-55F9-1A5D-97FE-D036FAF62DA5" name="CONTRATO_INDEFINIDO_CARGO_FK">
<createdBy>milenperalta</createdBy>
<createdTime>2026-01-26 22:51:14 UTC</createdTime>
<generatorID>E339F886-1D9B-871C-EA20-DF0F99C5A72A</generatorID>
<ownerDesignName>Entrega_semana_3</ownerDesignName>
<referredTableLongName>CARGO</referredTableLongName>
<deleteRule>NO ACTION</deleteRule>
<referredTableID>537489C3-EC6B-BBB4-26B7-0078BCB1E677</referredTableID>
<keyObject>25814A7D-15ED-6792-E382-30A9B0F44CA3</keyObject>
<referredKeyID>25814A7D-15ED-6792-E382-30A9B0F44CA3</referredKeyID>
<mandatory>true</mandatory>
<refColNames>CARGO_ID</refColNames>
<transferable>true</transferable>
<rely>false</rely>
<columnDependencyConstraintGenerateInDDL>true</columnDependencyConstraintGenerateInDDL>
</FKIndexAssociation>