<?xml version = '1.0' encoding = 'UTF-8'?>
<FKIndexAssociation class="oracle.dbtools.crest.model.design.relational.FKIndexAssociation" directorySegmentName="seg_0" id="9893609A-C8B7-C98B-2A35-388245F63F24" containerWithKeyObject="C3A298BB-F880-AFB6-0B53-44710237FF39" localFKIndex="6F636268-5BF7-45B8-3482-C221733765DE" name="BOLETA_TRABAJADOR_FK">
<createdBy>milenperalta</createdBy>
<createdTime>2026-01-26 22:51:14 UTC</createdTime>
<generatorID>1326AC18-5609-26AC-D7C4-433032D7892C</generatorID>
<ownerDesignName>Entrega_semana_3</ownerDesignName>
<referredTableLongName>TRABAJADOR</referredTableLongName>
<deleteRule>NO ACTION</deleteRule>
<referredTableID>0F6DAEFF-97CF-22B9-3710-38D762D02796</referredTableID>
<keyObject>85EB2FEE-AAFD-3334-54F6-F7F5685CFB31</keyObject>
<referredKeyID>85EB2FEE-AAFD-3334-54F6-F7F5685CFB31</referredKeyID>
<mandatory>true</mandatory>
<refColNames>rut_trabajador</refColNames>
<transferable>true</transferable>
<rely>false</rely>
<columnDependencyConstraintGenerateInDDL>true</columnDependencyConstraintGenerateInDDL>
</FKIndexAssociation>