<?xml version = '1.0' encoding = 'UTF-8'?>
<FKIndexAssociation class="oracle.dbtools.crest.model.design.relational.FKIndexAssociation" directorySegmentName="seg_0" id="9FFAD210-1E36-4703-95DB-E45D685EFC63" containerWithKeyObject="F0E21A6E-BC3F-CDCE-6D33-65B5AC978CF8" localFKIndex="3DC09A1F-A498-DE29-6531-5DE7F0AFD85F" name="CONTRATO_TRABAJADOR_FK">
<createdBy>milenperalta</createdBy>
<createdTime>2026-01-26 22:51:14 UTC</createdTime>
<generatorID>5CF4A3B2-4DF6-FEAC-DE94-383B317C8433</generatorID>
<ownerDesignName>Entrega_semana_3</ownerDesignName>
<referredTableLongName>TRABAJADOR</referredTableLongName>
<deleteRule>NO ACTION</deleteRule>
<referredTableID>0F6DAEFF-97CF-22B9-3710-38D762D02796</referredTableID>
<keyObject>85EB2FEE-AAFD-3334-54F6-F7F5685CFB31</keyObject>
<referredKeyID>85EB2FEE-AAFD-3334-54F6-F7F5685CFB31</referredKeyID>
<mandatory>true</mandatory>
<refColNames>rut_trabajador</refColNames>
<transferable>true</transferable>
<rely>false</rely>
<columnDependencyConstraintGenerateInDDL>true</columnDependencyConstraintGenerateInDDL>
</FKIndexAssociation>