<?xml version = '1.0' encoding = 'UTF-8'?>
<FKIndexAssociation class="oracle.dbtools.crest.model.design.relational.FKIndexAssociation" directorySegmentName="seg_0" id="B32B3ED8-7C77-9FF6-999D-319411027764" containerWithKeyObject="915C6CE5-01F6-9C5C-C8B9-10710A3ADC5E" localFKIndex="2F57C9B2-9EF6-21FF-A18A-9FB55FF37434" name="PRODUCTO_BOLETA_BOLETA_FK">
<createdBy>milenperalta</createdBy>
<createdTime>2026-01-26 22:51:14 UTC</createdTime>
<generatorID>EBD31D06-4A9E-54E1-0190-E67EA769CB67</generatorID>
<ownerDesignName>Entrega_semana_3</ownerDesignName>
<referredTableLongName>BOLETA</referredTableLongName>
<deleteRule>NO ACTION</deleteRule>
<referredTableID>C3A298BB-F880-AFB6-0B53-44710237FF39</referredTableID>
<keyObject>77E0AEC7-3F07-5BD1-0AAC-BBD0BCF9D292</keyObject>
<referredKeyID>77E0AEC7-3F07-5BD1-0AAC-BBD0BCF9D292</referredKeyID>
<mandatory>true</mandatory>
<refColNames>numero_boleta</refColNames>
<transferable>true</transferable>
<rely>false</rely>
<columnDependencyConstraintGenerateInDDL>true</columnDependencyConstraintGenerateInDDL>
</FKIndexAssociation>