<?xml version = '1.0' encoding = 'UTF-8'?>
<FKIndexAssociation class="oracle.dbtools.crest.model.design.relational.FKIndexAssociation" directorySegmentName="seg_0" id="F2294F1C-C90B-8F00-ECCC-F8D01842D70B" containerWithKeyObject="6055F911-ED3C-15DE-AC98-C8CF1E557AE6" localFKIndex="73D33C45-2EE6-4A83-7788-543B1F605B25" name="CLIENTE_VIP_CLIENTE_FK">
<createdBy>milenperalta</createdBy>
<createdTime>2026-01-26 22:51:14 UTC</createdTime>
<generatorID>41C7A971-9468-134B-091E-057F6B5B15E9</generatorID>
<ownerDesignName>Entrega_semana_3</ownerDesignName>
<referredTableLongName>CLIENTE</referredTableLongName>
<arc>2E0B1F4C-0565-1709-606F-D00151F28F82</arc>
<deleteRule>NO ACTION</deleteRule>
<referredTableID>3F2E59E6-825F-0CB0-6506-DE6FB40A7826</referredTableID>
<keyObject>DC1B843F-F3F7-D27C-2B48-A05118CCCE54</keyObject>
<referredKeyID>DC1B843F-F3F7-D27C-2B48-A05118CCCE54</referredKeyID>
<mandatory>true</mandatory>
<refColNames>id_cliente</refColNames>
<transferable>true</transferable>
<rely>false</rely>
<columnDependencyConstraintGenerateInDDL>true</columnDependencyConstraintGenerateInDDL>
</FKIndexAssociation>