<?xml version = '1.0' encoding = 'UTF-8'?>
<FKIndexAssociation class="oracle.dbtools.crest.model.design.relational.FKIndexAssociation" directorySegmentName="seg_0" id="F6A927F8-8B69-87E1-686B-0E6D6A686F40" containerWithKeyObject="BF24050A-43E7-77E4-3565-E01EF36D7901" localFKIndex="75C9DE67-96DA-515D-DE2F-A4A287CA2FF6" name="CLIENTE_NORMAL_CLIENTE_FK">
<createdBy>milenperalta</createdBy>
<createdTime>2026-01-26 22:51:14 UTC</createdTime>
<generatorID>C109FEF2-7FBA-82C5-BAF0-50632D6C0EED</generatorID>
<ownerDesignName>Entrega_semana_3</ownerDesignName>
<referredTableLongName>CLIENTE</referredTableLongName>
<arc>2E0B1F4C-0565-1709-606F-D00151F28F82</arc>
<deleteRule>NO ACTION</deleteRule>
<referredTableID>3F2E59E6-825F-0CB0-6506-DE6FB40A7826</referredTableID>
<keyObject>DC1B843F-F3F7-D27C-2B48-A05118CCCE54</keyObject>
<referredKeyID>DC1B843F-F3F7-D27C-2B48-A05118CCCE54</referredKeyID>
<mandatory>true</mandatory>
<refColNames>id_cliente</refColNames>
<transferable>true</transferable>
<rely>false</rely>
<columnDependencyConstraintGenerateInDDL>true</columnDependencyConstraintGenerateInDDL>
</FKIndexAssociation>