<?xml version = '1.0' encoding = 'UTF-8'?>
<Diagram class="oracle.dbtools.crest.swingui.logical.DPVLogical" name="Logical" id="1E3A6B1C-848C-ED01-F75E-A3BF6D2912AE">
<createdBy>Administrador</createdBy>
<modifiedBy>Administrador</modifiedBy>
<createdTime>2026-02-04 20:03:55 UTC</createdTime>
<autoRoute>false</autoRoute>
<boxInbox>false</boxInbox>
<showLegend>false</showLegend>
<showLabels>false</showLabels>
<showRelAttributes>false</showRelAttributes>
<gridEnabled>false</gridEnabled>
<showGrid>false</showGrid>
<diagramColor>-1</diagramColor>
<display>false</display>
<notation>1</notation>
<objectViews>
<OView class="oracle.dbtools.crest.swingui.logical.TVEntity" oid="00DEA05D-5145-E3B5-284E-08354764FFC7" otype="Entity" vid="D6A01A19-1C20-9A92-9D8B-B18BEFC0620C">
<hideElementsInCurrentOnly>false</hideElementsInCurrentOnly>
<bounds x="994" y="266" width="170" height="110"/>
</OView>
<OView class="oracle.dbtools.crest.swingui.logical.TVEntity" oid="2849A431-E24F-F8DD-B6F8-11584A8C0841" otype="Entity" vid="0DC769B9-A17D-AFE9-7F13-33930DFEDA0C">
<hideElementsInCurrentOnly>false</hideElementsInCurrentOnly>
<bounds x="15" y="31" width="170" height="110"/>
</OView>
<OView class="oracle.dbtools.crest.swingui.logical.TVEntity" oid="527348B9-A31B-8EF4-A8A9-E1D3F6056535" otype="Entity" vid="149E138C-8516-4B40-9F8F-31E773898FF9">
<hideElementsInCurrentOnly>false</hideElementsInCurrentOnly>
<bounds x="736" y="208" width="170" height="160"/>
</OView>
<OView class="oracle.dbtools.crest.swingui.logical.TVEntity" oid="58CA8E54-0E2D-E83C-BD73-37A4C44A20C3" otype="Entity" vid="DF7960BA-2C3E-BE0C-D611-9E910F0723DD">
<hideElementsInCurrentOnly>false</hideElementsInCurrentOnly>
<bounds x="598" y="476" width="170" height="110"/>
</OView>
<OView class="oracle.dbtools.crest.swingui.logical.TVEntity" oid="5C4A2550-5D23-07AA-5CB8-21FBD37476BC" otype="Entity" vid="DCCFBD33-8D91-EE9E-2EDE-C9F5B9C59F0B">
<hideElementsInCurrentOnly>false</hideElementsInCurrentOnly>
<bounds x="778" y="406" width="122" height="38"/>
</OView>
<OView class="oracle.dbtools.crest.swingui.logical.TVEntity" oid="5FEB5CCF-3C4B-02A3-703C-956A7AF263FD" otype="Entity" vid="5082DF60-567A-C573-B1F1-7F0C0F21C1E5">
<hideElementsInCurrentOnly>false</hideElementsInCurrentOnly>
<bounds x="375" y="99" width="174" height="110"/>
</OView>
<OView class="oracle.dbtools.crest.swingui.logical.TVEntity" oid="6DE54EC5-B090-7F82-937D-860992266DB1" otype="Entity" vid="24F81558-1730-2489-A063-D3D7259F3508">
<hideElementsInCurrentOnly>false</hideElementsInCurrentOnly>
<bounds x="341" y="429" width="170" height="110"/>
</OView>
<OView class="oracle.dbtools.crest.swingui.logical.TVEntity" oid="82991505-9294-7D62-9D1D-2855CDE01879" otype="Entity" vid="1A748511-5BAD-4D96-8750-157B34D9B4BA">
<hideElementsInCurrentOnly>false</hideElementsInCurrentOnly>
<bounds x="53" y="240" width="170" height="110"/>
</OView>
<OView class="oracle.dbtools.crest.swingui.logical.TVEntity" oid="8CD102B7-4C73-BED4-E7F6-4EEE576ACAF3" otype="Entity" vid="234A4D34-DC12-499D-031A-E550FCC3D3C2">
<hideElementsInCurrentOnly>false</hideElementsInCurrentOnly>
<bounds x="14" y="472" width="169" height="110"/>
</OView>
<OView class="oracle.dbtools.crest.swingui.logical.TVEntity" oid="BB70E8F6-B6E7-5FCA-6332-2683D31073B6" otype="Entity" vid="58B6703A-56FB-8A0F-733D-4BB4A5F14A70">
<hideElementsInCurrentOnly>false</hideElementsInCurrentOnly>
<bounds x="489" y="271" width="147" height="91"/>
</OView>
<OView class="oracle.dbtools.crest.swingui.logical.TVEntity" oid="D772A17E-9E64-81B7-E825-F2CC2677E793" otype="Entity" vid="BFE21EDB-3694-E36A-D196-F1EEEC370D4C">
<hideElementsInCurrentOnly>false</hideElementsInCurrentOnly>
<bounds x="301" y="273" width="150" height="90"/>
</OView>
<OView class="oracle.dbtools.crest.swingui.logical.TVEntity" oid="D947E743-AD83-BF89-AC11-EB680047A3AA" otype="Entity" vid="3A0D8907-823E-608B-4B58-E074BAC33B85">
<hideElementsInCurrentOnly>false</hideElementsInCurrentOnly>
<bounds x="993" y="59" width="170" height="110"/>
</OView>
<OView class="oracle.dbtools.crest.swingui.logical.TVEntity" oid="EFF99D37-977D-61D3-55E8-A97AFC8FB496" otype="Entity" vid="909C4150-D344-F3D9-A0F0-1D47D8A5CED9">
<hideElementsInCurrentOnly>false</hideElementsInCurrentOnly>
<bounds x="995" y="464" width="170" height="110"/>
</OView>
<OView class="oracle.dbtools.crest.swingui.logical.TVEntity" oid="FD2C7D6F-C39B-87BC-9FAE-E6D926269448" otype="Entity" vid="DDDEF724-3423-4E21-199F-33E1E8BF587D">
<hideElementsInCurrentOnly>false</hideElementsInCurrentOnly>
<bounds x="759" y="38" width="170" height="110"/>
</OView>
</objectViews>
<connectors>
<Connector class="oracle.dbtools.crest.swingui.logical.TVRelation" oid="0968295A-90DE-2BD8-7CB6-7591F4551879" otype="Relation" vid_source="1A748511-5BAD-4D96-8750-157B34D9B4BA" vid_target="DDDEF724-3423-4E21-199F-33E1E8BF587D">
<hideElementsInCurrentOnly>false</hideElementsInCurrentOnly>
<backgroundColor>-16777216</backgroundColor>
<lineWidth>1</lineWidth>
<points>
<point x="214" y="240"/>
<point x="214" y="67"/>
<point x="240" y="66"/>
<point x="759" y="66"/>
</points>
</Connector>
<Connector class="oracle.dbtools.crest.swingui.logical.TVInheritanceRelation" oid="39D8A29C-62BE-90F7-BF13-B73C6AF35097" otype="Hierarchy relation" vid_source="5082DF60-567A-C573-B1F1-7F0C0F21C1E5" vid_target="BFE21EDB-3694-E36A-D196-F1EEEC370D4C">
<hideElementsInCurrentOnly>false</hideElementsInCurrentOnly>
<backgroundColor>-65536</backgroundColor>
<lineWidth>1</lineWidth>
<points>
<point x="413" y="209"/>
<point x="413" y="273"/>
</points>
</Connector>
<Connector class="oracle.dbtools.crest.swingui.logical.TVRelation" oid="45B08C27-9794-10B6-2C49-BDED07599382" otype="Relation" vid_source="1A748511-5BAD-4D96-8750-157B34D9B4BA" vid_target="5082DF60-567A-C573-B1F1-7F0C0F21C1E5">
<hideElementsInCurrentOnly>false</hideElementsInCurrentOnly>
<backgroundColor>-16777216</backgroundColor>
<lineWidth>1</lineWidth>
<points>
<point x="223" y="325"/>
<point x="261" y="325"/>
<point x="262" y="188"/>
<point x="375" y="188"/>
</points>
</Connector>
<Connector class="oracle.dbtools.crest.swingui.logical.TVRelation" oid="52A10D40-68B9-DED2-F30F-485AB320F051" otype="Relation" vid_source="DDDEF724-3423-4E21-199F-33E1E8BF587D" vid_target="149E138C-8516-4B40-9F8F-31E773898FF9">
<hideElementsInCurrentOnly>false</hideElementsInCurrentOnly>
<backgroundColor>-16777216</backgroundColor>
<lineWidth>1</lineWidth>
<points>
<point x="832" y="148"/>
<point x="832" y="208"/>
</points>
</Connector>
<Connector class="oracle.dbtools.crest.swingui.logical.TVRelation" oid="62B5FA8E-74D2-6C15-252F-5C748A5BC5CA" otype="Relation" vid_source="149E138C-8516-4B40-9F8F-31E773898FF9" vid_target="DCCFBD33-8D91-EE9E-2EDE-C9F5B9C59F0B">
<hideElementsInCurrentOnly>false</hideElementsInCurrentOnly>
<backgroundColor>-16777216</backgroundColor>
<lineWidth>1</lineWidth>
<points>
<point x="824" y="368"/>
<point x="824" y="406"/>
</points>
</Connector>
<Connector class="oracle.dbtools.crest.swingui.logical.TVRelation" oid="8B2EE663-D168-4B6F-1379-300C47805544" otype="Relation" vid_source="1A748511-5BAD-4D96-8750-157B34D9B4BA" vid_target="234A4D34-DC12-499D-031A-E550FCC3D3C2">
<hideElementsInCurrentOnly>false</hideElementsInCurrentOnly>
<backgroundColor>-16777216</backgroundColor>
<lineWidth>1</lineWidth>
<points>
<point x="118" y="350"/>
<point x="118" y="472"/>
</points>
</Connector>
<Connector class="oracle.dbtools.crest.swingui.logical.TVRelation" oid="8FF1EA0D-0019-9F7F-AD5B-1B2EDC0C80BC" otype="Relation" vid_source="D6A01A19-1C20-9A92-9D8B-B18BEFC0620C" vid_target="909C4150-D344-F3D9-A0F0-1D47D8A5CED9">
<hideElementsInCurrentOnly>false</hideElementsInCurrentOnly>
<backgroundColor>-16777216</backgroundColor>
<lineWidth>1</lineWidth>
<points>
<point x="1079" y="376"/>
<point x="1079" y="464"/>
</points>
</Connector>
<Connector class="oracle.dbtools.crest.swingui.logical.TVRelation" oid="AC12693B-57CF-7E22-B5F4-43A444B06C4A" otype="Relation" vid_source="DF7960BA-2C3E-BE0C-D611-9E910F0723DD" vid_target="149E138C-8516-4B40-9F8F-31E773898FF9">
<hideElementsInCurrentOnly>false</hideElementsInCurrentOnly>
<backgroundColor>-16777216</backgroundColor>
<lineWidth>1</lineWidth>
<points>
<point x="737" y="476"/>
<point x="737" y="368"/>
</points>
</Connector>
<Connector class="oracle.dbtools.crest.swingui.logical.TVRelation" oid="B00A739F-F338-F56C-7F6A-F7D028B376E3" otype="Relation" vid_source="234A4D34-DC12-499D-031A-E550FCC3D3C2" vid_target="DF7960BA-2C3E-BE0C-D611-9E910F0723DD">
<hideElementsInCurrentOnly>false</hideElementsInCurrentOnly>
<backgroundColor>-16777216</backgroundColor>
<lineWidth>1</lineWidth>
<points>
<point x="183" y="573"/>
<point x="598" y="574"/>
</points>
</Connector>
<Connector class="oracle.dbtools.crest.swingui.logical.TVRelation" oid="C1E503BA-2AF6-1DFF-B668-A315558D9BC2" otype="Relation" vid_source="3A0D8907-823E-608B-4B58-E074BAC33B85" vid_target="DF7960BA-2C3E-BE0C-D611-9E910F0723DD">
<hideElementsInCurrentOnly>false</hideElementsInCurrentOnly>
<backgroundColor>-16777216</backgroundColor>
<lineWidth>1</lineWidth>
<points>
<point x="993" y="141"/>
<point x="966" y="141"/>
<point x="966" y="482"/>
<point x="768" y="482"/>
</points>
</Connector>
<Connector class="oracle.dbtools.crest.swingui.logical.TVRelation" oid="C7FEA04F-E4CA-0D26-218D-49327FF5F12D" otype="Relation" vid_source="DF7960BA-2C3E-BE0C-D611-9E910F0723DD" vid_target="DCCFBD33-8D91-EE9E-2EDE-C9F5B9C59F0B">
<hideElementsInCurrentOnly>false</hideElementsInCurrentOnly>
<backgroundColor>-16777216</backgroundColor>
<lineWidth>1</lineWidth>
<points>
<point x="763" y="476"/>
<point x="811" y="444"/>
</points>
</Connector>
<Connector class="oracle.dbtools.crest.swingui.logical.TVRelation" oid="D13803F6-DE02-734D-330A-5CAF6F8156DF" otype="Relation" vid_source="909C4150-D344-F3D9-A0F0-1D47D8A5CED9" vid_target="DF7960BA-2C3E-BE0C-D611-9E910F0723DD">
<hideElementsInCurrentOnly>false</hideElementsInCurrentOnly>
<backgroundColor>-16777216</backgroundColor>
<lineWidth>1</lineWidth>
<points>
<point x="995" y="525"/>
<point x="768" y="525"/>
</points>
</Connector>
<Connector class="oracle.dbtools.crest.swingui.logical.TVInheritanceRelation" oid="DA073490-B0CF-52AF-0BA2-57632EBFE535" otype="Hierarchy relation" vid_source="5082DF60-567A-C573-B1F1-7F0C0F21C1E5" vid_target="58B6703A-56FB-8A0F-733D-4BB4A5F14A70">
<hideElementsInCurrentOnly>false</hideElementsInCurrentOnly>
<backgroundColor>-65536</backgroundColor>
<lineWidth>1</lineWidth>
<points>
<point x="519" y="209"/>
<point x="519" y="271"/>
</points>
</Connector>
<Connector class="oracle.dbtools.crest.swingui.logical.TVRelation" oid="ECC57DBA-7C67-4ECF-E2C6-4301C6B7B441" otype="Relation" vid_source="24F81558-1730-2489-A063-D3D7259F3508" vid_target="DF7960BA-2C3E-BE0C-D611-9E910F0723DD">
<hideElementsInCurrentOnly>false</hideElementsInCurrentOnly>
<backgroundColor>-16777216</backgroundColor>
<lineWidth>1</lineWidth>
<points>
<point x="511" y="507"/>
<point x="598" y="507"/>
</points>
</Connector>
<Connector class="oracle.dbtools.crest.swingui.logical.TVRelation" oid="F26DD836-BE5C-0D1B-AB30-7CCA6E5CA032" otype="Relation" vid_source="0DC769B9-A17D-AFE9-7F13-33930DFEDA0C" vid_target="1A748511-5BAD-4D96-8750-157B34D9B4BA">
<hideElementsInCurrentOnly>false</hideElementsInCurrentOnly>
<backgroundColor>-16777216</backgroundColor>
<lineWidth>1</lineWidth>
<points>
<point x="119" y="141"/>
<point x="119" y="240"/>
</points>
</Connector>
<Connector class="oracle.dbtools.crest.swingui.logical.TVRelation" oid="FA881311-30E3-B037-7A3B-F7E4BC13831C" otype="Relation" vid_source="5082DF60-567A-C573-B1F1-7F0C0F21C1E5" vid_target="DF7960BA-2C3E-BE0C-D611-9E910F0723DD">
<hideElementsInCurrentOnly>false</hideElementsInCurrentOnly>
<backgroundColor>-16777216</backgroundColor>
<lineWidth>1</lineWidth>
<points>
<point x="549" y="148"/>
<point x="695" y="148"/>
<point x="695" y="476"/>
</points>
</Connector>
</connectors>
<arcs>
<Arc class="oracle.dbtools.crest.swingui.logical.TVArc" oid="C002CB83-6247-53FE-1138-B16F6CA74CDB" otype="Arc" vid="2588FCE1-1179-A33E-6CA2-242429046912">
<hideElementsInCurrentOnly>false</hideElementsInCurrentOnly>
<bounds x="355" y="79" width="214" height="150"/>
</Arc>
</arcs>
</Diagram>