<?xml version = '1.0' encoding = 'UTF-8'?>
<Arc class="oracle.dbtools.crest.model.design.logical.Arc" directorySegmentName="seg_0" id="CC2C6356-71FB-E3D3-7C32-FCC9937C8D5F" name="Arc_1">
<createdBy>Administrador</createdBy>
<createdTime>2026-02-03 00:29:13 UTC</createdTime>
<ownerDesignName>Formativa Semana 4</ownerDesignName>
<engineerTo>
<item key="05268D72-EECE-34D2-E2F7-1DF0532D443A" value="true"/>
</engineerTo>
<entity>403CFBF2-550B-A274-130E-EE5577867C36</entity>
<relations>
<relationID>B8CAB8DE-4AC0-3FE9-C0A8-4B28121FF8F7</relationID>
<relationID>049CB9AC-A3FA-4744-4146-3F4F1677637C</relationID>
</relations>
</Arc>