<?xml version = '1.0' encoding = 'UTF-8'?>
<FKArc class="oracle.dbtools.crest.model.design.relational.FKArc" directorySegmentName="seg_0" id="2E0B1F4C-0565-1709-606F-D00151F28F82" name="FKArc_1">
<createdBy>milenperalta</createdBy>
<createdTime>2026-01-26 22:51:14 UTC</createdTime>
<ownerDesignName>Entrega_semana_3</ownerDesignName>
<mandatory>false</mandatory>
<reverseArc>true</reverseArc>
<table>3F2E59E6-825F-0CB0-6506-DE6FB40A7826</table>
<fkeys>
<fkeyID>F6A927F8-8B69-87E1-686B-0E6D6A686F40</fkeyID>
<fkeyID>F2294F1C-C90B-8F00-ECCC-F8D01842D70B</fkeyID>
</fkeys>
</FKArc>