<?xml version = '1.0' encoding = 'UTF-8'?>
<FKArc class="oracle.dbtools.crest.model.design.relational.FKArc" directorySegmentName="seg_0" id="B534728F-332C-203A-90F0-72E98CBCF59E" name="Arc_1">
<createdBy>milenperalta</createdBy>
<createdTime>2026-01-26 22:51:14 UTC</createdTime>
<ownerDesignName>Entrega_semana_3</ownerDesignName>
<mandatory>false</mandatory>
<reverseArc>true</reverseArc>
<table>F0E21A6E-BC3F-CDCE-6D33-65B5AC978CF8</table>
<fkeys>
<fkeyID>41414DB6-6206-1783-1F3B-FBF2C50F58AC</fkeyID>
<fkeyID>0C8416CC-7D7F-26E8-0826-33DB23545D79</fkeyID>
</fkeys>
</FKArc>