<?xml version = '1.0' encoding = 'UTF-8'?>
<Table class="oracle.dbtools.crest.model.design.relational.Table" directorySegmentName="seg_0" id="0CEB0866-63EB-D711-BC16-7F2C42B114E4" name="PROVEEDOR">
<createdBy>Administrador</createdBy>
<createdTime>2026-02-05 02:57:42 UTC</createdTime>
<generatorID>5FEB5CCF-3C4B-02A3-703C-956A7AF263FD</generatorID>
<ownerDesignName>Semana5</ownerDesignName>
<allowColumnReorder>false</allowColumnReorder>
<existDependencyGenerateInDDl>true</existDependencyGenerateInDDl>
<parsed>true</parsed>
<columns itemClass="oracle.dbtools.crest.model.design.relational.Column">
<Column name="id_proovedor" id="DD3A239E-88CB-7B18-A916-A3B0909049AD">
<createdBy>Administrador</createdBy>
<createdTime>2026-02-05 02:57:42 UTC</createdTime>
<generatorID>473FC5D4-9779-E5CE-80B1-A67ABC135176</generatorID>
<ownerDesignName>Semana5</ownerDesignName>
<useDomainConstraints>false</useDomainConstraints>
<use>1</use>
<logicalDatatype>LOGDT019</logicalDatatype>
<dataTypePrecision>10</dataTypePrecision>
<ownDataTypeParameters>,10,</ownDataTypeParameters>
<autoIncrementCycle>false</autoIncrementCycle>
</Column>
<Column name="tipo_proovedor" id="4F330918-C21E-F4A1-42E0-1B3ED3EF4472">
<createdBy>Administrador</createdBy>
<createdTime>2026-02-05 02:57:42 UTC</createdTime>
<generatorID>D02009BC-97B7-5C74-B829-CD2B826EB025</generatorID>
<ownerDesignName>Semana5</ownerDesignName>
<useDomainConstraints>false</useDomainConstraints>
<use>1</use>
<logicalDatatype>LOGDT025</logicalDatatype>
<dataTypeSize>E,P CHAR</dataTypeSize>
<ownDataTypeParameters>E,P CHAR,,</ownDataTypeParameters>
<autoIncrementCycle>false</autoIncrementCycle>
</Column>
<Column name="mail" id="6F333089-A599-E588-FC09-B389560DD458">
<createdBy>Administrador</createdBy>
<createdTime>2026-02-05 02:57:42 UTC</createdTime>
<generatorID>23B44947-D805-96D5-0DEF-1D7BEB742B64</generatorID>
<ownerDesignName>Semana5</ownerDesignName>
<useDomainConstraints>false</useDomainConstraints>
<use>1</use>
<logicalDatatype>LOGDT024</logicalDatatype>
<dataTypeSize>100</dataTypeSize>
<ownDataTypeParameters>100,,</ownDataTypeParameters>
<autoIncrementCycle>false</autoIncrementCycle>
</Column>
<Column name="telefono" id="5D488FE4-1CF7-6C8D-3502-6DE8EEF19112">
<createdBy>Administrador</createdBy>
<createdTime>2026-02-05 02:57:42 UTC</createdTime>
<generatorID>5AA9F02B-4490-E626-454C-69300B8EB530</generatorID>
<ownerDesignName>Semana5</ownerDesignName>
<useDomainConstraints>false</useDomainConstraints>
<use>1</use>
<logicalDatatype>LOGDT019</logicalDatatype>
<dataTypePrecision>11</dataTypePrecision>
<ownDataTypeParameters>,11,</ownDataTypeParameters>
<autoIncrementCycle>false</autoIncrementCycle>
</Column>
<Column name="COMUNA_id_comuna" id="3B9CBAF2-6983-D08C-162C-C2E64F12D7F3">
<createdBy>Administrador</createdBy>
<createdTime>2026-02-05 02:57:42 UTC</createdTime>
<generatorID>B1A5707C-74C4-16FF-3A06-5DDFD7FB5C7A</generatorID>
<ownerDesignName>Semana5</ownerDesignName>
<useDomainConstraints>false</useDomainConstraints>
<use>1</use>
<logicalDatatype>LOGDT019</logicalDatatype>
<dataTypePrecision>10</dataTypePrecision>
<ownDataTypeParameters>,,</ownDataTypeParameters>
<previousColumn>false</previousColumn>
<autoIncrementCycle>false</autoIncrementCycle>
<associations>
<colAssociation fkAssociation="40EE3DDF-7833-9AA3-9681-DB61E9126F94" referredColumn="9960A59B-D02F-8C05-836C-14BF9FD7A7B2"/>
</associations>
</Column>
<Column name="COMUNA_REGION_id_region" id="1DA1CE9C-241C-A4D8-27E9-F334A91B1E21">
<createdBy>Administrador</createdBy>
<createdTime>2026-02-05 02:57:42 UTC</createdTime>
<generatorID>335EACD8-27D1-DE09-1FCA-1D728781641D</generatorID>
<ownerDesignName>Semana5</ownerDesignName>
<useDomainConstraints>false</useDomainConstraints>
<use>1</use>
<logicalDatatype>LOGDT019</logicalDatatype>
<dataTypePrecision>10</dataTypePrecision>
<ownDataTypeParameters>,,</ownDataTypeParameters>
<previousColumn>false</previousColumn>
<autoIncrementCycle>false</autoIncrementCycle>
<associations>
<colAssociation fkAssociation="40EE3DDF-7833-9AA3-9681-DB61E9126F94" referredColumn="5DE9CB4A-878F-C0AE-99CF-76FE33CEDE0B"/>
</associations>
</Column>
</columns>
<indexes itemClass="oracle.dbtools.crest.model.design.relational.Index">
<ind_PK_UK id="FC2886FE-A186-4A71-E9B7-1B8DBA3C820B" name="PROVEEDOR_PK">
<createdBy>Administrador</createdBy>
<createdTime>2026-02-05 02:57:42 UTC</createdTime>
<generatorID>7F02466B-3214-4744-737C-052FA7918A97</generatorID>
<ownerDesignName>Semana5</ownerDesignName>
<pk>true</pk>
<indexState>Primary Constraint</indexState>
<isSurrogateKey>false</isSurrogateKey>
<indexColumnUsage>
<colUsage columnID="DD3A239E-88CB-7B18-A916-A3B0909049AD"/>
<colUsage columnID="3B9CBAF2-6983-D08C-162C-C2E64F12D7F3"/>
<colUsage columnID="1DA1CE9C-241C-A4D8-27E9-F334A91B1E21"/>
</indexColumnUsage>
</ind_PK_UK>
<ind_PK_UK id="BBED56B9-F02A-4816-1E08-9748CE669ECC" name="PROVEEDOR_COMUNA_FK">
<createdBy>Administrador</createdBy>
<createdTime>2026-02-05 02:57:42 UTC</createdTime>
<generatorID>45B08C27-9794-10B6-2C49-BDED07599382</generatorID>
<ownerDesignName>Semana5</ownerDesignName>
<indexState>Foreign Key</indexState>
<isSurrogateKey>false</isSurrogateKey>
<indexColumnUsage>
<colUsage columnID="3B9CBAF2-6983-D08C-162C-C2E64F12D7F3"/>
<colUsage columnID="1DA1CE9C-241C-A4D8-27E9-F334A91B1E21"/>
</indexColumnUsage>
</ind_PK_UK>
</indexes>
</Table>