<?xml version = '1.0' encoding = 'UTF-8'?>
<Table class="oracle.dbtools.crest.model.design.relational.Table" directorySegmentName="seg_0" id="232420EE-8C1D-DECB-B7B1-7FF67A5C5C7D" name="PRODUCTO">
<createdBy>Administrador</createdBy>
<createdTime>2026-02-05 02:57:42 UTC</createdTime>
<generatorID>58CA8E54-0E2D-E83C-BD73-37A4C44A20C3</generatorID>
<ownerDesignName>Semana5</ownerDesignName>
<allowColumnReorder>false</allowColumnReorder>
<existDependencyGenerateInDDl>true</existDependencyGenerateInDDl>
<parsed>true</parsed>
<columns itemClass="oracle.dbtools.crest.model.design.relational.Column">
<Column name="id_producto" id="B2F65D9A-E864-111B-31DE-ACB940D8BAD2">
<createdBy>Administrador</createdBy>
<createdTime>2026-02-05 02:57:42 UTC</createdTime>
<generatorID>13BF9BC6-38CA-5BC5-9B95-6C454F7CE6ED</generatorID>
<ownerDesignName>Semana5</ownerDesignName>
<useDomainConstraints>false</useDomainConstraints>
<use>1</use>
<logicalDatatype>LOGDT019</logicalDatatype>
<dataTypePrecision>10</dataTypePrecision>
<ownDataTypeParameters>,10,</ownDataTypeParameters>
<autoIncrementCycle>false</autoIncrementCycle>
</Column>
<Column name="codigo_producto" id="C72D5465-71B9-F592-3318-4A5E2E8A70EA">
<createdBy>Administrador</createdBy>
<createdTime>2026-02-05 02:57:42 UTC</createdTime>
<generatorID>8BE8B231-EB53-C6F2-BE3A-8B805D4CC1C5</generatorID>
<ownerDesignName>Semana5</ownerDesignName>
<useDomainConstraints>false</useDomainConstraints>
<use>1</use>
<logicalDatatype>LOGDT019</logicalDatatype>
<dataTypePrecision>10</dataTypePrecision>
<ownDataTypeParameters>,10,</ownDataTypeParameters>
<autoIncrementCycle>false</autoIncrementCycle>
</Column>
<Column name="fecha_vencimiento" id="BD20B73D-D0C1-8615-C72F-A32C8F417B61">
<createdBy>Administrador</createdBy>
<createdTime>2026-02-05 02:57:42 UTC</createdTime>
<generatorID>1A37EADB-04AE-F572-A522-49A621222477</generatorID>
<ownerDesignName>Semana5</ownerDesignName>
<nullsAllowed>true</nullsAllowed>
<useDomainConstraints>false</useDomainConstraints>
<use>1</use>
<logicalDatatype>LOGDT007</logicalDatatype>
<ownDataTypeParameters>,,</ownDataTypeParameters>
<autoIncrementCycle>false</autoIncrementCycle>
</Column>
<Column name="descripcion" id="CB27E8FA-814E-8B46-BCEB-FAB512F95E1E">
<createdBy>Administrador</createdBy>
<createdTime>2026-02-05 02:57:42 UTC</createdTime>
<generatorID>05875085-4CD9-6844-BCF4-EE7AFCF60D4A</generatorID>
<ownerDesignName>Semana5</ownerDesignName>
<nullsAllowed>true</nullsAllowed>
<useDomainConstraints>false</useDomainConstraints>
<use>1</use>
<logicalDatatype>LOGDT024</logicalDatatype>
<dataTypeSize>150</dataTypeSize>
<ownDataTypeParameters>150,,</ownDataTypeParameters>
<autoIncrementCycle>false</autoIncrementCycle>
</Column>
<Column name="precio_unitario" id="D198B140-1248-F0A4-4542-E15F2BC98BB1">
<createdBy>Administrador</createdBy>
<createdTime>2026-02-05 02:57:42 UTC</createdTime>
<generatorID>7BBEEA71-6A88-4DEC-026E-CEC2AE04739D</generatorID>
<ownerDesignName>Semana5</ownerDesignName>
<useDomainConstraints>false</useDomainConstraints>
<use>1</use>
<logicalDatatype>LOGDT019</logicalDatatype>
<dataTypePrecision>10</dataTypePrecision>
<ownDataTypeParameters>,10,</ownDataTypeParameters>
<autoIncrementCycle>false</autoIncrementCycle>
</Column>
<Column name="stock_actual" id="04709CEE-7DC8-FF92-AB90-6B3A5CFFB472">
<createdBy>Administrador</createdBy>
<createdTime>2026-02-05 02:57:42 UTC</createdTime>
<generatorID>8D7D11F8-3F17-D68A-7C5E-CB1792F8353F</generatorID>
<ownerDesignName>Semana5</ownerDesignName>
<useDomainConstraints>false</useDomainConstraints>
<use>1</use>
<logicalDatatype>LOGDT019</logicalDatatype>
<dataTypePrecision>10</dataTypePrecision>
<ownDataTypeParameters>,10,</ownDataTypeParameters>
<autoIncrementCycle>false</autoIncrementCycle>
</Column>
<Column name="PROVEEDOR_id_proovedor" id="25A281DC-1544-3E54-DAC1-B0488A0CA0E3">
<createdBy>Administrador</createdBy>
<createdTime>2026-02-05 02:57:42 UTC</createdTime>
<generatorID>B2C1B891-A4BE-98AE-844F-9F2394E2F45A</generatorID>
<ownerDesignName>Semana5</ownerDesignName>
<useDomainConstraints>false</useDomainConstraints>
<use>1</use>
<logicalDatatype>LOGDT019</logicalDatatype>
<dataTypePrecision>10</dataTypePrecision>
<ownDataTypeParameters>,,</ownDataTypeParameters>
<previousColumn>false</previousColumn>
<autoIncrementCycle>false</autoIncrementCycle>
<associations>
<colAssociation fkAssociation="C46EA57D-4A83-188B-E403-EA9AF4384A67" referredColumn="DD3A239E-88CB-7B18-A916-A3B0909049AD"/>
</associations>
</Column>
<Column name="MODELO_id_modelo" id="6C3E24BF-718C-3AAC-A95C-8106FCD4F840">
<createdBy>Administrador</createdBy>
<createdTime>2026-02-05 02:57:42 UTC</createdTime>
<generatorID>4602A249-9D6F-10F8-C9D4-9B63019BE13F</generatorID>
<ownerDesignName>Semana5</ownerDesignName>
<useDomainConstraints>false</useDomainConstraints>
<use>1</use>
<logicalDatatype>LOGDT019</logicalDatatype>
<dataTypePrecision>10</dataTypePrecision>
<ownDataTypeParameters>,,</ownDataTypeParameters>
<previousColumn>false</previousColumn>
<autoIncrementCycle>false</autoIncrementCycle>
<associations>
<colAssociation fkAssociation="5A17CBA6-EF3F-EFE6-59AC-1B5301B08619" referredColumn="410B9E92-CBBD-2454-A969-2B70FE4CBEDC"/>
</associations>
</Column>
<Column name="MODELO_MARCA_id_marca" id="AE05AD5B-87AE-4ACF-E61F-FB6FE2E03425">
<createdBy>Administrador</createdBy>
<createdTime>2026-02-05 02:57:42 UTC</createdTime>
<generatorID>7FC27782-4BCC-3D96-B34F-81E23D835032</generatorID>
<ownerDesignName>Semana5</ownerDesignName>
<useDomainConstraints>false</useDomainConstraints>
<use>1</use>
<logicalDatatype>LOGDT019</logicalDatatype>
<dataTypePrecision>10</dataTypePrecision>
<ownDataTypeParameters>,,</ownDataTypeParameters>
<previousColumn>false</previousColumn>
<autoIncrementCycle>false</autoIncrementCycle>
<associations>
<colAssociation fkAssociation="5A17CBA6-EF3F-EFE6-59AC-1B5301B08619" referredColumn="0950E51D-BEDD-9570-3937-2F923A41BFA5"/>
</associations>
</Column>
<Column name="CATEGORIA_id_categoria" id="791AB3F8-C685-B05D-53CD-154B0E793D65">
<createdBy>Administrador</createdBy>
<createdTime>2026-02-05 02:57:42 UTC</createdTime>
<generatorID>6F30B450-78D5-1B62-0586-589DFFD711F0</generatorID>
<ownerDesignName>Semana5</ownerDesignName>
<useDomainConstraints>false</useDomainConstraints>
<use>1</use>
<logicalDatatype>LOGDT019</logicalDatatype>
<dataTypePrecision>10</dataTypePrecision>
<ownDataTypeParameters>,,</ownDataTypeParameters>
<previousColumn>false</previousColumn>
<autoIncrementCycle>false</autoIncrementCycle>
<associations>
<colAssociation fkAssociation="004C7B1C-EB18-4A0E-E10E-7177F88B48E1" referredColumn="0668E329-E051-BDC1-5DB1-8C30E1025A74"/>
</associations>
</Column>
<Column name="PROVEEDOR_COMUNA_id_comuna" id="7B41C92C-5572-45A5-158C-002D9A803165">
<createdBy>Administrador</createdBy>
<createdTime>2026-02-05 02:57:42 UTC</createdTime>
<generatorID>0757EFEE-B06C-A121-7548-1B14FEAAC704</generatorID>
<ownerDesignName>Semana5</ownerDesignName>
<useDomainConstraints>false</useDomainConstraints>
<use>1</use>
<logicalDatatype>LOGDT019</logicalDatatype>
<dataTypePrecision>10</dataTypePrecision>
<ownDataTypeParameters>,,</ownDataTypeParameters>
<previousColumn>false</previousColumn>
<autoIncrementCycle>false</autoIncrementCycle>
<associations>
<colAssociation fkAssociation="C46EA57D-4A83-188B-E403-EA9AF4384A67" referredColumn="3B9CBAF2-6983-D08C-162C-C2E64F12D7F3"/>
</associations>
</Column>
<Column name="PROVEEDOR_COMUNA_REGION_id_region" id="58705F2A-B820-C816-8FF1-312E4D770DDF">
<createdBy>Administrador</createdBy>
<createdTime>2026-02-05 02:57:42 UTC</createdTime>
<generatorID>52B1F8C5-277B-FA23-1512-786407D79B49</generatorID>
<ownerDesignName>Semana5</ownerDesignName>
<useDomainConstraints>false</useDomainConstraints>
<use>1</use>
<logicalDatatype>LOGDT019</logicalDatatype>
<dataTypePrecision>10</dataTypePrecision>
<ownDataTypeParameters>,,</ownDataTypeParameters>
<previousColumn>false</previousColumn>
<autoIncrementCycle>false</autoIncrementCycle>
<associations>
<colAssociation fkAssociation="C46EA57D-4A83-188B-E403-EA9AF4384A67" referredColumn="1DA1CE9C-241C-A4D8-27E9-F334A91B1E21"/>
</associations>
</Column>
<Column name="SUCURSAL_id_sucursal" id="95708747-CE58-124C-6035-5661357F94C3">
<createdBy>Administrador</createdBy>
<createdTime>2026-02-05 02:57:42 UTC</createdTime>
<generatorID>0215C33D-3B4E-4814-A70E-3980F4C3B0DB</generatorID>
<ownerDesignName>Semana5</ownerDesignName>
<useDomainConstraints>false</useDomainConstraints>
<use>1</use>
<logicalDatatype>LOGDT019</logicalDatatype>
<dataTypePrecision>10</dataTypePrecision>
<ownDataTypeParameters>,,</ownDataTypeParameters>
<previousColumn>false</previousColumn>
<autoIncrementCycle>false</autoIncrementCycle>
<associations>
<colAssociation fkAssociation="924C4640-E588-95CE-D624-2222A9746504" referredColumn="593727EB-2927-39D2-A6D8-B899C2B08A0B"/>
</associations>
</Column>
<Column name="SUCURSAL_COMUNA_id_comuna" id="370DDAFD-82F4-7F06-07D0-819C3CC9043A">
<createdBy>Administrador</createdBy>
<createdTime>2026-02-05 02:57:42 UTC</createdTime>
<generatorID>469D0243-AC9F-FA0D-DFF5-18DA7D2EE717</generatorID>
<ownerDesignName>Semana5</ownerDesignName>
<useDomainConstraints>false</useDomainConstraints>
<use>1</use>
<logicalDatatype>LOGDT019</logicalDatatype>
<dataTypePrecision>10</dataTypePrecision>
<ownDataTypeParameters>,,</ownDataTypeParameters>
<previousColumn>false</previousColumn>
<autoIncrementCycle>false</autoIncrementCycle>
<associations>
<colAssociation fkAssociation="924C4640-E588-95CE-D624-2222A9746504" referredColumn="67CE80D7-5ED0-C07F-D12F-51C4DE4CE286"/>
</associations>
</Column>
<Column name="SUCURSAL_COMUNA_id_region" id="04F88DEB-39FB-730E-8908-46F98FEF867A">
<createdBy>Administrador</createdBy>
<createdTime>2026-02-05 02:57:42 UTC</createdTime>
<generatorID>2BB7172C-86D2-E786-BC64-AB9EBE3C27C9</generatorID>
<ownerDesignName>Semana5</ownerDesignName>
<useDomainConstraints>false</useDomainConstraints>
<use>1</use>
<logicalDatatype>LOGDT019</logicalDatatype>
<dataTypePrecision>10</dataTypePrecision>
<ownDataTypeParameters>,,</ownDataTypeParameters>
<previousColumn>false</previousColumn>
<autoIncrementCycle>false</autoIncrementCycle>
<associations>
<colAssociation fkAssociation="924C4640-E588-95CE-D624-2222A9746504" referredColumn="659463FE-DDA1-E038-AB6F-7BDA876F0BF5"/>
</associations>
</Column>
</columns>
<indexes itemClass="oracle.dbtools.crest.model.design.relational.Index">
<ind_PK_UK id="FA149FF1-1E1B-FB72-A458-7C26074A93A5" name="PRODUCTO_PK">
<createdBy>Administrador</createdBy>
<createdTime>2026-02-05 02:57:42 UTC</createdTime>
<generatorID>4DCE14EB-64CD-01D0-83C8-A2490C4CABB8</generatorID>
<ownerDesignName>Semana5</ownerDesignName>
<pk>true</pk>
<indexState>Primary Constraint</indexState>
<isSurrogateKey>false</isSurrogateKey>
<indexColumnUsage>
<colUsage columnID="B2F65D9A-E864-111B-31DE-ACB940D8BAD2"/>
<colUsage columnID="25A281DC-1544-3E54-DAC1-B0488A0CA0E3"/>
<colUsage columnID="7B41C92C-5572-45A5-158C-002D9A803165"/>
<colUsage columnID="58705F2A-B820-C816-8FF1-312E4D770DDF"/>
<colUsage columnID="6C3E24BF-718C-3AAC-A95C-8106FCD4F840"/>
<colUsage columnID="AE05AD5B-87AE-4ACF-E61F-FB6FE2E03425"/>
<colUsage columnID="791AB3F8-C685-B05D-53CD-154B0E793D65"/>
<colUsage columnID="95708747-CE58-124C-6035-5661357F94C3"/>
<colUsage columnID="370DDAFD-82F4-7F06-07D0-819C3CC9043A"/>
<colUsage columnID="04F88DEB-39FB-730E-8908-46F98FEF867A"/>
</indexColumnUsage>
</ind_PK_UK>
<ind_PK_UK id="C76987C5-1DED-5B9C-A320-6674F64F16D4" name="PRODUCTO__UN">
<createdBy>Administrador</createdBy>
<createdTime>2026-02-05 02:57:42 UTC</createdTime>
<generatorID>7E0424CF-AF8F-A537-FC3F-67332506417A</generatorID>
<ownerDesignName>Semana5</ownerDesignName>
<indexState>Unique Constraint</indexState>
<isSurrogateKey>false</isSurrogateKey>
</ind_PK_UK>
<ind_PK_UK id="6CDC1486-BFF1-DB56-CBAB-6BF647EE2F4B" name="PRODUCTO_MODELO_FK">
<createdBy>Administrador</createdBy>
<createdTime>2026-02-05 02:57:42 UTC</createdTime>
<generatorID>D13803F6-DE02-734D-330A-5CAF6F8156DF</generatorID>
<ownerDesignName>Semana5</ownerDesignName>
<indexState>Foreign Key</indexState>
<isSurrogateKey>false</isSurrogateKey>
<indexColumnUsage>
<colUsage columnID="6C3E24BF-718C-3AAC-A95C-8106FCD4F840"/>
<colUsage columnID="AE05AD5B-87AE-4ACF-E61F-FB6FE2E03425"/>
</indexColumnUsage>
</ind_PK_UK>
<ind_PK_UK id="4A3A8891-766A-E791-90D0-A875ED1CA604" name="PRODUCTO_CATEGORIA_FK">
<createdBy>Administrador</createdBy>
<createdTime>2026-02-05 02:57:42 UTC</createdTime>
<generatorID>C1E503BA-2AF6-1DFF-B668-A315558D9BC2</generatorID>
<ownerDesignName>Semana5</ownerDesignName>
<indexState>Foreign Key</indexState>
<isSurrogateKey>false</isSurrogateKey>
<indexColumnUsage>
<colUsage columnID="791AB3F8-C685-B05D-53CD-154B0E793D65"/>
</indexColumnUsage>
</ind_PK_UK>
<ind_PK_UK id="5F51E68B-7EC1-5C00-4955-935A18BCBF42" name="PRODUCTO_SUCURSAL_FK">
<createdBy>Administrador</createdBy>
<createdTime>2026-02-05 02:57:42 UTC</createdTime>
<generatorID>B00A739F-F338-F56C-7F6A-F7D028B376E3</generatorID>
<ownerDesignName>Semana5</ownerDesignName>
<indexState>Foreign Key</indexState>
<isSurrogateKey>false</isSurrogateKey>
<indexColumnUsage>
<colUsage columnID="95708747-CE58-124C-6035-5661357F94C3"/>
<colUsage columnID="370DDAFD-82F4-7F06-07D0-819C3CC9043A"/>
<colUsage columnID="04F88DEB-39FB-730E-8908-46F98FEF867A"/>
</indexColumnUsage>
</ind_PK_UK>
<ind_PK_UK id="5A8A9EF5-C328-A4F0-927C-B4FEBA9A1254" name="PRODUCTO_PROVEEDOR_FK">
<createdBy>Administrador</createdBy>
<createdTime>2026-02-05 02:57:42 UTC</createdTime>
<generatorID>FA881311-30E3-B037-7A3B-F7E4BC13831C</generatorID>
<ownerDesignName>Semana5</ownerDesignName>
<indexState>Foreign Key</indexState>
<isSurrogateKey>false</isSurrogateKey>
<indexColumnUsage>
<colUsage columnID="25A281DC-1544-3E54-DAC1-B0488A0CA0E3"/>
<colUsage columnID="7B41C92C-5572-45A5-158C-002D9A803165"/>
<colUsage columnID="58705F2A-B820-C816-8FF1-312E4D770DDF"/>
</indexColumnUsage>
</ind_PK_UK>
</indexes>
</Table>