<?xml version = '1.0' encoding = 'UTF-8'?>
<Table class="oracle.dbtools.crest.model.design.relational.Table" directorySegmentName="seg_0" id="6EA89610-6E71-3C98-472F-6EA15EACD965" name="MARCA">
<createdBy>Administrador</createdBy>
<createdTime>2026-02-05 02:57:42 UTC</createdTime>
<generatorID>00DEA05D-5145-E3B5-284E-08354764FFC7</generatorID>
<ownerDesignName>Semana5</ownerDesignName>
<allowColumnReorder>false</allowColumnReorder>
<existDependencyGenerateInDDl>true</existDependencyGenerateInDDl>
<parsed>true</parsed>
<columns itemClass="oracle.dbtools.crest.model.design.relational.Column">
<Column name="id_marca" id="9E288646-1C5A-FEA4-4A79-035F9D2D4668">
<createdBy>Administrador</createdBy>
<createdTime>2026-02-05 02:57:42 UTC</createdTime>
<generatorID>7D2F6C32-A4B6-E51D-94C2-ECC6C6B1D812</generatorID>
<ownerDesignName>Semana5</ownerDesignName>
<useDomainConstraints>false</useDomainConstraints>
<use>1</use>
<logicalDatatype>LOGDT019</logicalDatatype>
<dataTypePrecision>10</dataTypePrecision>
<ownDataTypeParameters>,10,</ownDataTypeParameters>
<autoIncrementCycle>false</autoIncrementCycle>
</Column>
<Column name="nombre_marca" id="384F14F4-82AA-2E18-7AFE-6606BDC9177F">
<createdBy>Administrador</createdBy>
<createdTime>2026-02-05 02:57:42 UTC</createdTime>
<generatorID>32CF95EA-4A79-6084-0596-D33F6903A491</generatorID>
<ownerDesignName>Semana5</ownerDesignName>
<useDomainConstraints>false</useDomainConstraints>
<use>1</use>
<logicalDatatype>LOGDT024</logicalDatatype>
<dataTypeSize>50</dataTypeSize>
<ownDataTypeParameters>50,,</ownDataTypeParameters>
<autoIncrementCycle>false</autoIncrementCycle>
</Column>
</columns>
<indexes itemClass="oracle.dbtools.crest.model.design.relational.Index">
<ind_PK_UK id="DE043BB9-9037-0337-2E9C-601ACFC0B87A" name="MARCA_PK">
<createdBy>Administrador</createdBy>
<createdTime>2026-02-05 02:57:42 UTC</createdTime>
<generatorID>1F857576-9921-582A-D9A8-6F5E52DB6596</generatorID>
<ownerDesignName>Semana5</ownerDesignName>
<pk>true</pk>
<indexState>Primary Constraint</indexState>
<isSurrogateKey>false</isSurrogateKey>
<indexColumnUsage>
<colUsage columnID="9E288646-1C5A-FEA4-4A79-035F9D2D4668"/>
</indexColumnUsage>
</ind_PK_UK>
</indexes>
</Table>