<?xml version = '1.0' encoding = 'UTF-8'?>
<Table class="oracle.dbtools.crest.model.design.relational.Table" directorySegmentName="seg_0" id="98CAF409-63B3-E9C5-A83C-0BE184C7C42C" name="REGION">
<createdBy>Administrador</createdBy>
<createdTime>2026-02-05 02:57:42 UTC</createdTime>
<generatorID>2849A431-E24F-F8DD-B6F8-11584A8C0841</generatorID>
<ownerDesignName>Semana5</ownerDesignName>
<allowColumnReorder>false</allowColumnReorder>
<existDependencyGenerateInDDl>true</existDependencyGenerateInDDl>
<parsed>true</parsed>
<columns itemClass="oracle.dbtools.crest.model.design.relational.Column">
<Column name="id_region" id="A02BABFF-C6CC-4BCB-506D-6D2F53563AFC">
<createdBy>Administrador</createdBy>
<createdTime>2026-02-05 02:57:42 UTC</createdTime>
<generatorID>DAAF1546-51AD-1D58-6B75-F4C545070BEF</generatorID>
<ownerDesignName>Semana5</ownerDesignName>
<useDomainConstraints>false</useDomainConstraints>
<use>1</use>
<logicalDatatype>LOGDT019</logicalDatatype>
<dataTypePrecision>10</dataTypePrecision>
<ownDataTypeParameters>,10,</ownDataTypeParameters>
<autoIncrementCycle>false</autoIncrementCycle>
</Column>
<Column name="nombre_region" id="AB60BE20-DDBB-2B83-E3EE-B6C4CF26748F">
<createdBy>Administrador</createdBy>
<createdTime>2026-02-05 02:57:42 UTC</createdTime>
<generatorID>06269E23-328E-D7D3-6E40-E8FF6DDE7F51</generatorID>
<ownerDesignName>Semana5</ownerDesignName>
<useDomainConstraints>false</useDomainConstraints>
<use>1</use>
<logicalDatatype>LOGDT024</logicalDatatype>
<dataTypeSize>50</dataTypeSize>
<ownDataTypeParameters>50,,</ownDataTypeParameters>
<autoIncrementCycle>false</autoIncrementCycle>
</Column>
</columns>
<indexes itemClass="oracle.dbtools.crest.model.design.relational.Index">
<ind_PK_UK id="1DDAC096-5C93-1BD8-B765-244C353C0AC0" name="REGION_PK">
<createdBy>Administrador</createdBy>
<createdTime>2026-02-05 02:57:42 UTC</createdTime>
<generatorID>CF177C27-B9F9-D047-6F99-1B2B4CEC5115</generatorID>
<ownerDesignName>Semana5</ownerDesignName>
<pk>true</pk>
<indexState>Primary Constraint</indexState>
<isSurrogateKey>false</isSurrogateKey>
<indexColumnUsage>
<colUsage columnID="A02BABFF-C6CC-4BCB-506D-6D2F53563AFC"/>
</indexColumnUsage>
</ind_PK_UK>
</indexes>
</Table>