<?xml version = '1.0' encoding = 'UTF-8'?>
<Table class="oracle.dbtools.crest.model.design.relational.Table" directorySegmentName="seg_0" id="AB93CCD2-9F97-E2F5-9F12-CEF93C5ED55F" name="SUCURSAL">
<createdBy>Administrador</createdBy>
<createdTime>2026-02-05 02:57:42 UTC</createdTime>
<generatorID>8CD102B7-4C73-BED4-E7F6-4EEE576ACAF3</generatorID>
<ownerDesignName>Semana5</ownerDesignName>
<allowColumnReorder>false</allowColumnReorder>
<existDependencyGenerateInDDl>true</existDependencyGenerateInDDl>
<parsed>true</parsed>
<columns itemClass="oracle.dbtools.crest.model.design.relational.Column">
<Column name="id_sucursal" id="593727EB-2927-39D2-A6D8-B899C2B08A0B">
<createdBy>Administrador</createdBy>
<createdTime>2026-02-05 02:57:42 UTC</createdTime>
<generatorID>AEDA9387-EB0C-ECA3-DA57-A5FF32DFB6D7</generatorID>
<ownerDesignName>Semana5</ownerDesignName>
<useDomainConstraints>false</useDomainConstraints>
<use>1</use>
<logicalDatatype>LOGDT019</logicalDatatype>
<dataTypePrecision>10</dataTypePrecision>
<ownDataTypeParameters>,10,</ownDataTypeParameters>
<autoIncrementCycle>false</autoIncrementCycle>
</Column>
<Column name="nombre_sucursal" id="43D75378-ADD5-C12C-F0EC-5918964F25D7">
<createdBy>Administrador</createdBy>
<createdTime>2026-02-05 02:57:42 UTC</createdTime>
<generatorID>D913052F-95F8-92A1-1F35-4598005AD8A3</generatorID>
<ownerDesignName>Semana5</ownerDesignName>
<useDomainConstraints>false</useDomainConstraints>
<use>1</use>
<logicalDatatype>LOGDT024</logicalDatatype>
<dataTypeSize>100</dataTypeSize>
<ownDataTypeParameters>100,,</ownDataTypeParameters>
<autoIncrementCycle>false</autoIncrementCycle>
</Column>
<Column name="direccion" id="D42FDB6A-D2C8-C8CE-ABE8-91927E6E1184">
<createdBy>Administrador</createdBy>
<createdTime>2026-02-05 02:57:42 UTC</createdTime>
<generatorID>AC819BDF-B59C-75CC-E9D4-9F364B1D7154</generatorID>
<ownerDesignName>Semana5</ownerDesignName>
<useDomainConstraints>false</useDomainConstraints>
<use>1</use>
<logicalDatatype>LOGDT024</logicalDatatype>
<dataTypeSize>150</dataTypeSize>
<ownDataTypeParameters>150,,</ownDataTypeParameters>
<autoIncrementCycle>false</autoIncrementCycle>
</Column>
<Column name="COMUNA_id_comuna" id="67CE80D7-5ED0-C07F-D12F-51C4DE4CE286">
<createdBy>Administrador</createdBy>
<createdTime>2026-02-05 02:57:42 UTC</createdTime>
<generatorID>0E24DAF3-3981-3D7F-85B5-DF84600E9BB8</generatorID>
<ownerDesignName>Semana5</ownerDesignName>
<useDomainConstraints>false</useDomainConstraints>
<use>1</use>
<logicalDatatype>LOGDT019</logicalDatatype>
<dataTypePrecision>10</dataTypePrecision>
<ownDataTypeParameters>,,</ownDataTypeParameters>
<previousColumn>false</previousColumn>
<autoIncrementCycle>false</autoIncrementCycle>
<associations>
<colAssociation fkAssociation="935C90D1-1C91-4586-3C57-70FE87C8B815" referredColumn="9960A59B-D02F-8C05-836C-14BF9FD7A7B2"/>
</associations>
</Column>
<Column name="COMUNA_id_region" id="659463FE-DDA1-E038-AB6F-7BDA876F0BF5">
<createdBy>Administrador</createdBy>
<createdTime>2026-02-05 02:57:42 UTC</createdTime>
<generatorID>12FAFC04-15D4-2034-D3A1-C108F1034730</generatorID>
<ownerDesignName>Semana5</ownerDesignName>
<useDomainConstraints>false</useDomainConstraints>
<use>1</use>
<logicalDatatype>LOGDT019</logicalDatatype>
<dataTypePrecision>10</dataTypePrecision>
<ownDataTypeParameters>,,</ownDataTypeParameters>
<previousColumn>false</previousColumn>
<autoIncrementCycle>false</autoIncrementCycle>
<associations>
<colAssociation fkAssociation="935C90D1-1C91-4586-3C57-70FE87C8B815" referredColumn="5DE9CB4A-878F-C0AE-99CF-76FE33CEDE0B"/>
</associations>
</Column>
</columns>
<indexes itemClass="oracle.dbtools.crest.model.design.relational.Index">
<ind_PK_UK id="82633F86-838E-AD23-0048-84B0363EA595" name="SUCURSAL_PK">
<createdBy>Administrador</createdBy>
<createdTime>2026-02-05 02:57:42 UTC</createdTime>
<generatorID>04765308-61FE-33D8-D619-D8271C3B5E8B</generatorID>
<ownerDesignName>Semana5</ownerDesignName>
<pk>true</pk>
<indexState>Primary Constraint</indexState>
<isSurrogateKey>false</isSurrogateKey>
<indexColumnUsage>
<colUsage columnID="593727EB-2927-39D2-A6D8-B899C2B08A0B"/>
<colUsage columnID="67CE80D7-5ED0-C07F-D12F-51C4DE4CE286"/>
<colUsage columnID="659463FE-DDA1-E038-AB6F-7BDA876F0BF5"/>
</indexColumnUsage>
</ind_PK_UK>
<ind_PK_UK id="8BCE86E5-CA79-43BC-1A52-7A700633A0AC" name="SUCURSAL_COMUNA_FK">
<createdBy>Administrador</createdBy>
<createdTime>2026-02-05 02:57:42 UTC</createdTime>
<generatorID>8B2EE663-D168-4B6F-1379-300C47805544</generatorID>
<ownerDesignName>Semana5</ownerDesignName>
<indexState>Foreign Key</indexState>
<isSurrogateKey>false</isSurrogateKey>
<indexColumnUsage>
<colUsage columnID="67CE80D7-5ED0-C07F-D12F-51C4DE4CE286"/>
<colUsage columnID="659463FE-DDA1-E038-AB6F-7BDA876F0BF5"/>
</indexColumnUsage>
</ind_PK_UK>
</indexes>
</Table>