<?xml version = '1.0' encoding = 'UTF-8'?>
<Table class="oracle.dbtools.crest.model.design.relational.Table" directorySegmentName="seg_0" id="BDA1EB6F-4CB7-7618-D21D-548AE64B1457" name="COMUNA">
<createdBy>Administrador</createdBy>
<createdTime>2026-02-05 02:57:42 UTC</createdTime>
<generatorID>82991505-9294-7D62-9D1D-2855CDE01879</generatorID>
<ownerDesignName>Semana5</ownerDesignName>
<allowColumnReorder>false</allowColumnReorder>
<existDependencyGenerateInDDl>true</existDependencyGenerateInDDl>
<parsed>true</parsed>
<columns itemClass="oracle.dbtools.crest.model.design.relational.Column">
<Column name="id_comuna" id="9960A59B-D02F-8C05-836C-14BF9FD7A7B2">
<createdBy>Administrador</createdBy>
<createdTime>2026-02-05 02:57:42 UTC</createdTime>
<generatorID>C4D8F1A5-9EE2-4105-DB32-8B26B318FB16</generatorID>
<ownerDesignName>Semana5</ownerDesignName>
<useDomainConstraints>false</useDomainConstraints>
<use>1</use>
<logicalDatatype>LOGDT019</logicalDatatype>
<dataTypePrecision>10</dataTypePrecision>
<ownDataTypeParameters>,10,</ownDataTypeParameters>
<autoIncrementCycle>false</autoIncrementCycle>
</Column>
<Column name="nombre_comuna" id="1DC089AA-E451-FC88-B613-A1D46422D0A4">
<createdBy>Administrador</createdBy>
<createdTime>2026-02-05 02:57:42 UTC</createdTime>
<generatorID>02F92C1C-72FE-E493-EE69-7473B98384EE</generatorID>
<ownerDesignName>Semana5</ownerDesignName>
<useDomainConstraints>false</useDomainConstraints>
<use>1</use>
<logicalDatatype>LOGDT024</logicalDatatype>
<dataTypeSize>50</dataTypeSize>
<ownDataTypeParameters>50,,</ownDataTypeParameters>
<autoIncrementCycle>false</autoIncrementCycle>
</Column>
<Column name="REGION_id_region" id="5DE9CB4A-878F-C0AE-99CF-76FE33CEDE0B">
<createdBy>Administrador</createdBy>
<createdTime>2026-02-05 02:57:42 UTC</createdTime>
<generatorID>6848FF46-1976-F1A4-865C-259EF810C00E</generatorID>
<ownerDesignName>Semana5</ownerDesignName>
<useDomainConstraints>false</useDomainConstraints>
<use>1</use>
<logicalDatatype>LOGDT019</logicalDatatype>
<dataTypePrecision>10</dataTypePrecision>
<ownDataTypeParameters>,,</ownDataTypeParameters>
<previousColumn>false</previousColumn>
<autoIncrementCycle>false</autoIncrementCycle>
<associations>
<colAssociation fkAssociation="7F434E27-A941-74AF-D432-2953C03998EF" referredColumn="A02BABFF-C6CC-4BCB-506D-6D2F53563AFC"/>
</associations>
</Column>
</columns>
<indexes itemClass="oracle.dbtools.crest.model.design.relational.Index">
<ind_PK_UK id="376E6C05-4139-BE7A-00C5-111E39D6C37D" name="COMUNA_PK">
<createdBy>Administrador</createdBy>
<createdTime>2026-02-05 02:57:42 UTC</createdTime>
<generatorID>EA52917E-1EBC-A5A7-C9FE-3CCB7F3ABC72</generatorID>
<ownerDesignName>Semana5</ownerDesignName>
<pk>true</pk>
<indexState>Primary Constraint</indexState>
<isSurrogateKey>false</isSurrogateKey>
<indexColumnUsage>
<colUsage columnID="9960A59B-D02F-8C05-836C-14BF9FD7A7B2"/>
<colUsage columnID="5DE9CB4A-878F-C0AE-99CF-76FE33CEDE0B"/>
</indexColumnUsage>
</ind_PK_UK>
<ind_PK_UK id="00D2B024-89E0-0317-C8D9-6C5F4CADCEB8" name="COMUNA_REGION_FK">
<createdBy>Administrador</createdBy>
<createdTime>2026-02-05 02:57:42 UTC</createdTime>
<generatorID>F26DD836-BE5C-0D1B-AB30-7CCA6E5CA032</generatorID>
<ownerDesignName>Semana5</ownerDesignName>
<indexState>Foreign Key</indexState>
<isSurrogateKey>false</isSurrogateKey>
<indexColumnUsage>
<colUsage columnID="5DE9CB4A-878F-C0AE-99CF-76FE33CEDE0B"/>
</indexColumnUsage>
</ind_PK_UK>
</indexes>
</Table>