<?xml version = '1.0' encoding = 'UTF-8'?>
<Table class="oracle.dbtools.crest.model.design.relational.Table" directorySegmentName="seg_0" id="C70E4C05-BDBB-E1A7-21C7-91554853C640" name="PROOVEDOR_EMPRESA">
<createdBy>Administrador</createdBy>
<createdTime>2026-02-05 02:57:42 UTC</createdTime>
<generatorID>D772A17E-9E64-81B7-E825-F2CC2677E793</generatorID>
<ownerDesignName>Semana5</ownerDesignName>
<allowColumnReorder>false</allowColumnReorder>
<existDependencyGenerateInDDl>true</existDependencyGenerateInDDl>
<parsed>true</parsed>
<columns itemClass="oracle.dbtools.crest.model.design.relational.Column">
<Column name="id_proovedor" id="15A795CA-50DE-AC4C-2819-60995642D158">
<createdBy>Administrador</createdBy>
<createdTime>2026-02-05 02:57:42 UTC</createdTime>
<generatorID>473FC5D4-9779-E5CE-80B1-A67ABC135176</generatorID>
<ownerDesignName>Semana5</ownerDesignName>
<useDomainConstraints>false</useDomainConstraints>
<use>1</use>
<logicalDatatype>LOGDT019</logicalDatatype>
<dataTypePrecision>10</dataTypePrecision>
<ownDataTypeParameters>,,</ownDataTypeParameters>
<autoIncrementCycle>false</autoIncrementCycle>
<associations>
<colAssociation fkAssociation="8E12D112-F55E-002B-88E9-99E2AEB1CBE1" referredColumn="DD3A239E-88CB-7B18-A916-A3B0909049AD"/>
</associations>
</Column>
<Column name="rut_empresa" id="A0123A7A-F52A-84D8-D7AF-E0B08FF5C262">
<createdBy>Administrador</createdBy>
<createdTime>2026-02-05 02:57:42 UTC</createdTime>
<generatorID>6A1DD529-A532-767F-F0F8-63DCCC3A0E48</generatorID>
<ownerDesignName>Semana5</ownerDesignName>
<useDomainConstraints>false</useDomainConstraints>
<use>1</use>
<logicalDatatype>LOGDT019</logicalDatatype>
<dataTypePrecision>12</dataTypePrecision>
<ownDataTypeParameters>,12,</ownDataTypeParameters>
<autoIncrementCycle>false</autoIncrementCycle>
</Column>
<Column name="sitio_web" id="80D9D379-DC39-F727-E3FC-A7365CD803B0">
<createdBy>Administrador</createdBy>
<createdTime>2026-02-05 02:57:42 UTC</createdTime>
<generatorID>2F62D73A-D2B8-D225-C447-BA3694E16DE2</generatorID>
<ownerDesignName>Semana5</ownerDesignName>
<nullsAllowed>true</nullsAllowed>
<useDomainConstraints>false</useDomainConstraints>
<use>1</use>
<logicalDatatype>LOGDT024</logicalDatatype>
<dataTypeSize>150</dataTypeSize>
<ownDataTypeParameters>150,,</ownDataTypeParameters>
<autoIncrementCycle>false</autoIncrementCycle>
</Column>
<Column name="id_region" id="302359CE-857F-50EF-9C1B-26BD8DC2411E">
<createdBy>Administrador</createdBy>
<createdTime>2026-02-05 02:57:42 UTC</createdTime>
<generatorID>335EACD8-27D1-DE09-1FCA-1D728781641D</generatorID>
<ownerDesignName>Semana5</ownerDesignName>
<useDomainConstraints>false</useDomainConstraints>
<use>1</use>
<logicalDatatype>LOGDT019</logicalDatatype>
<dataTypePrecision>10</dataTypePrecision>
<ownDataTypeParameters>,,</ownDataTypeParameters>
<previousColumn>false</previousColumn>
<autoIncrementCycle>false</autoIncrementCycle>
<associations>
<colAssociation fkAssociation="8E12D112-F55E-002B-88E9-99E2AEB1CBE1" referredColumn="1DA1CE9C-241C-A4D8-27E9-F334A91B1E21"/>
</associations>
</Column>
<Column name="id_comuna" id="969A23BF-500E-E9AD-0926-5DD84D4C1A7A">
<createdBy>Administrador</createdBy>
<createdTime>2026-02-05 02:57:42 UTC</createdTime>
<generatorID>B1A5707C-74C4-16FF-3A06-5DDFD7FB5C7A</generatorID>
<ownerDesignName>Semana5</ownerDesignName>
<useDomainConstraints>false</useDomainConstraints>
<use>1</use>
<logicalDatatype>LOGDT019</logicalDatatype>
<dataTypePrecision>10</dataTypePrecision>
<ownDataTypeParameters>,,</ownDataTypeParameters>
<previousColumn>false</previousColumn>
<autoIncrementCycle>false</autoIncrementCycle>
<associations>
<colAssociation fkAssociation="8E12D112-F55E-002B-88E9-99E2AEB1CBE1" referredColumn="3B9CBAF2-6983-D08C-162C-C2E64F12D7F3"/>
</associations>
</Column>
</columns>
<indexes itemClass="oracle.dbtools.crest.model.design.relational.Index">
<ind_PK_UK id="D2F3247A-E6A5-2A76-2A29-A0519F191DA1" name="PROOVEDOR_EMPRESA_PK">
<createdBy>Administrador</createdBy>
<createdTime>2026-02-05 02:57:42 UTC</createdTime>
<generatorID>7F02466B-3214-4744-737C-052FA7918A97</generatorID>
<ownerDesignName>Semana5</ownerDesignName>
<pk>true</pk>
<indexState>Primary Constraint</indexState>
<isSurrogateKey>false</isSurrogateKey>
<indexColumnUsage>
<colUsage columnID="15A795CA-50DE-AC4C-2819-60995642D158"/>
<colUsage columnID="969A23BF-500E-E9AD-0926-5DD84D4C1A7A"/>
<colUsage columnID="302359CE-857F-50EF-9C1B-26BD8DC2411E"/>
</indexColumnUsage>
</ind_PK_UK>
<ind_PK_UK id="B4FD7AED-F352-F1FA-CF10-60078E950E2C" name="PROOVEDOR_EMPRESA_PROVEEDOR_FK">
<createdBy>Administrador</createdBy>
<createdTime>2026-02-05 02:57:42 UTC</createdTime>
<generatorID>39D8A29C-62BE-90F7-BF13-B73C6AF35097</generatorID>
<ownerDesignName>Semana5</ownerDesignName>
<indexState>Foreign Key</indexState>
<isSurrogateKey>false</isSurrogateKey>
<indexColumnUsage>
<colUsage columnID="15A795CA-50DE-AC4C-2819-60995642D158"/>
<colUsage columnID="969A23BF-500E-E9AD-0926-5DD84D4C1A7A"/>
<colUsage columnID="302359CE-857F-50EF-9C1B-26BD8DC2411E"/>
</indexColumnUsage>
</ind_PK_UK>
</indexes>
</Table>