<?xml version = '1.0' encoding = 'UTF-8'?>
<Table class="oracle.dbtools.crest.model.design.relational.Table" directorySegmentName="seg_0" id="CA724DAC-BB0D-6AEA-2DD6-4DC279242AC3" name="MODELO">
<createdBy>Administrador</createdBy>
<createdTime>2026-02-05 02:57:42 UTC</createdTime>
<generatorID>EFF99D37-977D-61D3-55E8-A97AFC8FB496</generatorID>
<ownerDesignName>Semana5</ownerDesignName>
<allowColumnReorder>false</allowColumnReorder>
<existDependencyGenerateInDDl>true</existDependencyGenerateInDDl>
<parsed>true</parsed>
<columns itemClass="oracle.dbtools.crest.model.design.relational.Column">
<Column name="id_modelo" id="410B9E92-CBBD-2454-A969-2B70FE4CBEDC">
<createdBy>Administrador</createdBy>
<createdTime>2026-02-05 02:57:42 UTC</createdTime>
<generatorID>1A82E7EA-2C5A-6DCC-0EFE-9EDC450004E7</generatorID>
<ownerDesignName>Semana5</ownerDesignName>
<useDomainConstraints>false</useDomainConstraints>
<use>1</use>
<logicalDatatype>LOGDT019</logicalDatatype>
<dataTypePrecision>10</dataTypePrecision>
<ownDataTypeParameters>,10,</ownDataTypeParameters>
<autoIncrementCycle>false</autoIncrementCycle>
</Column>
<Column name="nombre_modelo" id="BB867C61-5C87-6EEB-362E-3DE7ED4A7133">
<createdBy>Administrador</createdBy>
<createdTime>2026-02-05 02:57:42 UTC</createdTime>
<generatorID>BE431764-1F58-BB08-8088-90EB62A1E988</generatorID>
<ownerDesignName>Semana5</ownerDesignName>
<useDomainConstraints>false</useDomainConstraints>
<use>1</use>
<logicalDatatype>LOGDT024</logicalDatatype>
<dataTypeSize>50</dataTypeSize>
<ownDataTypeParameters>50,,</ownDataTypeParameters>
<autoIncrementCycle>false</autoIncrementCycle>
</Column>
<Column name="MARCA_id_marca" id="0950E51D-BEDD-9570-3937-2F923A41BFA5">
<createdBy>Administrador</createdBy>
<createdTime>2026-02-05 02:57:42 UTC</createdTime>
<generatorID>9CB31F43-59D4-7175-D10F-CD29E6D7D7EB</generatorID>
<ownerDesignName>Semana5</ownerDesignName>
<useDomainConstraints>false</useDomainConstraints>
<use>1</use>
<logicalDatatype>LOGDT019</logicalDatatype>
<dataTypePrecision>10</dataTypePrecision>
<ownDataTypeParameters>,,</ownDataTypeParameters>
<previousColumn>false</previousColumn>
<autoIncrementCycle>false</autoIncrementCycle>
<associations>
<colAssociation fkAssociation="B8BB0757-197D-7582-DCCC-741E0F2FDE76" referredColumn="9E288646-1C5A-FEA4-4A79-035F9D2D4668"/>
</associations>
</Column>
</columns>
<indexes itemClass="oracle.dbtools.crest.model.design.relational.Index">
<ind_PK_UK id="1B3EBF3C-6EF9-E9AD-7D7A-22D7DE239778" name="MODELO_PK">
<createdBy>Administrador</createdBy>
<createdTime>2026-02-05 02:57:42 UTC</createdTime>
<generatorID>2D1B3CFD-BE46-3120-83FB-BF822013BF88</generatorID>
<ownerDesignName>Semana5</ownerDesignName>
<pk>true</pk>
<indexState>Primary Constraint</indexState>
<isSurrogateKey>false</isSurrogateKey>
<indexColumnUsage>
<colUsage columnID="410B9E92-CBBD-2454-A969-2B70FE4CBEDC"/>
<colUsage columnID="0950E51D-BEDD-9570-3937-2F923A41BFA5"/>
</indexColumnUsage>
</ind_PK_UK>
<ind_PK_UK id="3E9850FF-E61A-750F-C46F-2F3567D49168" name="MODELO_MARCA_FK">
<createdBy>Administrador</createdBy>
<createdTime>2026-02-05 02:57:42 UTC</createdTime>
<generatorID>8FF1EA0D-0019-9F7F-AD5B-1B2EDC0C80BC</generatorID>
<ownerDesignName>Semana5</ownerDesignName>
<indexState>Foreign Key</indexState>
<isSurrogateKey>false</isSurrogateKey>
<indexColumnUsage>
<colUsage columnID="0950E51D-BEDD-9570-3937-2F923A41BFA5"/>
</indexColumnUsage>
</ind_PK_UK>
</indexes>
</Table>