<?xml version = '1.0' encoding = 'UTF-8'?>
<Table class="oracle.dbtools.crest.model.design.relational.Table" directorySegmentName="seg_0" id="CFD589D8-26F6-7531-441B-9C7AE85CFD2B" name="BOLETA">
<createdBy>Administrador</createdBy>
<createdTime>2026-02-05 02:57:42 UTC</createdTime>
<generatorID>527348B9-A31B-8EF4-A8A9-E1D3F6056535</generatorID>
<ownerDesignName>Semana5</ownerDesignName>
<allowColumnReorder>false</allowColumnReorder>
<existDependencyGenerateInDDl>true</existDependencyGenerateInDDl>
<parsed>true</parsed>
<columns itemClass="oracle.dbtools.crest.model.design.relational.Column">
<Column name="id_boleta" id="74CB862F-A418-9302-7FC3-D89AA8C4E712">
<createdBy>Administrador</createdBy>
<createdTime>2026-02-05 02:57:42 UTC</createdTime>
<generatorID>97D616CC-5D39-BE8B-A168-70C041E6FA75</generatorID>
<ownerDesignName>Semana5</ownerDesignName>
<useDomainConstraints>false</useDomainConstraints>
<use>1</use>
<logicalDatatype>LOGDT019</logicalDatatype>
<dataTypePrecision>10</dataTypePrecision>
<ownDataTypeParameters>,10,</ownDataTypeParameters>
<autoIncrementCycle>false</autoIncrementCycle>
</Column>
<Column name="fecha_venta" id="9993BEDB-EBC8-3502-110B-130F5096A358">
<createdBy>Administrador</createdBy>
<createdTime>2026-02-05 02:57:42 UTC</createdTime>
<generatorID>DBB596F8-F076-EF51-64B5-4D68A863EB70</generatorID>
<ownerDesignName>Semana5</ownerDesignName>
<useDomainConstraints>false</useDomainConstraints>
<use>1</use>
<logicalDatatype>LOGDT008</logicalDatatype>
<ownDataTypeParameters>,,</ownDataTypeParameters>
<autoIncrementCycle>false</autoIncrementCycle>
</Column>
<Column name="monto_total" id="128C9C1C-F179-99F3-1FED-13D16CD3E201">
<createdBy>Administrador</createdBy>
<createdTime>2026-02-05 02:57:42 UTC</createdTime>
<generatorID>83367C06-7FD5-6B43-45D6-8C799D0C9C20</generatorID>
<ownerDesignName>Semana5</ownerDesignName>
<useDomainConstraints>false</useDomainConstraints>
<use>1</use>
<logicalDatatype>LOGDT019</logicalDatatype>
<dataTypePrecision>10</dataTypePrecision>
<ownDataTypeParameters>,10,</ownDataTypeParameters>
<autoIncrementCycle>false</autoIncrementCycle>
</Column>
<Column name="CLIENTE_id_cliente" id="89E667DF-D7D8-F369-461F-BB71CA63DB03">
<createdBy>Administrador</createdBy>
<createdTime>2026-02-05 02:57:42 UTC</createdTime>
<generatorID>0E0A8CF1-9F93-1AB7-A05B-00E2AEC18906</generatorID>
<ownerDesignName>Semana5</ownerDesignName>
<useDomainConstraints>false</useDomainConstraints>
<use>1</use>
<logicalDatatype>LOGDT019</logicalDatatype>
<dataTypePrecision>10</dataTypePrecision>
<ownDataTypeParameters>,,</ownDataTypeParameters>
<previousColumn>false</previousColumn>
<autoIncrementCycle>false</autoIncrementCycle>
<associations>
<colAssociation fkAssociation="933657CA-53ED-BCF9-8544-8CBA65943BA9" referredColumn="CC36746F-C025-E306-7F5F-B9AC57604201"/>
</associations>
</Column>
<Column name="CLIENTE_id_comuna" id="5B4F5484-F545-DE60-FDE8-E2B66E3B8BFF">
<createdBy>Administrador</createdBy>
<createdTime>2026-02-05 02:57:42 UTC</createdTime>
<generatorID>D0E55F65-AEC3-2E9C-398E-291505FE8D5C</generatorID>
<ownerDesignName>Semana5</ownerDesignName>
<useDomainConstraints>false</useDomainConstraints>
<use>1</use>
<logicalDatatype>LOGDT019</logicalDatatype>
<dataTypePrecision>10</dataTypePrecision>
<ownDataTypeParameters>,,</ownDataTypeParameters>
<previousColumn>false</previousColumn>
<autoIncrementCycle>false</autoIncrementCycle>
<associations>
<colAssociation fkAssociation="933657CA-53ED-BCF9-8544-8CBA65943BA9" referredColumn="4984BA51-BB2E-6F3B-67FB-8AA84A1C4C76"/>
</associations>
</Column>
<Column name="CLIENTE_id_region" id="57009EA6-045F-4006-49A2-80C33DC14E86">
<createdBy>Administrador</createdBy>
<createdTime>2026-02-05 02:57:42 UTC</createdTime>
<generatorID>2DF47803-2FE3-DE5E-FE03-2B8128C19872</generatorID>
<ownerDesignName>Semana5</ownerDesignName>
<useDomainConstraints>false</useDomainConstraints>
<use>1</use>
<logicalDatatype>LOGDT019</logicalDatatype>
<dataTypePrecision>10</dataTypePrecision>
<ownDataTypeParameters>,,</ownDataTypeParameters>
<previousColumn>false</previousColumn>
<autoIncrementCycle>false</autoIncrementCycle>
<associations>
<colAssociation fkAssociation="933657CA-53ED-BCF9-8544-8CBA65943BA9" referredColumn="3CEC1448-4CC9-7743-008F-82E33247B942"/>
</associations>
</Column>
<Column name="PRODUCTO_id_producto" id="C4B454F8-6E52-B932-78F4-D4FDFD276713">
<createdBy>Administrador</createdBy>
<createdTime>2026-02-05 02:57:42 UTC</createdTime>
<generatorID>387478B9-BFA7-4956-BF6C-6C08B6B7FF03</generatorID>
<ownerDesignName>Semana5</ownerDesignName>
<useDomainConstraints>false</useDomainConstraints>
<use>1</use>
<logicalDatatype>LOGDT019</logicalDatatype>
<dataTypePrecision>10</dataTypePrecision>
<ownDataTypeParameters>,,</ownDataTypeParameters>
<previousColumn>false</previousColumn>
<autoIncrementCycle>false</autoIncrementCycle>
<associations>
<colAssociation fkAssociation="4958A1AE-C514-E2F2-68C3-2D11A6314747" referredColumn="B2F65D9A-E864-111B-31DE-ACB940D8BAD2"/>
</associations>
</Column>
<Column name="PRODUCTO_id_proovedor" id="00779E79-8155-F80E-584F-57E668673311">
<createdBy>Administrador</createdBy>
<createdTime>2026-02-05 02:57:42 UTC</createdTime>
<generatorID>5F7A3D4A-62D1-939B-EA15-684B9DDEDABC</generatorID>
<ownerDesignName>Semana5</ownerDesignName>
<useDomainConstraints>false</useDomainConstraints>
<use>1</use>
<logicalDatatype>LOGDT019</logicalDatatype>
<dataTypePrecision>10</dataTypePrecision>
<ownDataTypeParameters>,,</ownDataTypeParameters>
<previousColumn>false</previousColumn>
<autoIncrementCycle>false</autoIncrementCycle>
<associations>
<colAssociation fkAssociation="4958A1AE-C514-E2F2-68C3-2D11A6314747" referredColumn="25A281DC-1544-3E54-DAC1-B0488A0CA0E3"/>
</associations>
</Column>
<Column name="PRODUCTO_id_comuna" id="FDA6E0E8-117E-748D-429E-E1E51FF4CF4A">
<createdBy>Administrador</createdBy>
<createdTime>2026-02-05 02:57:42 UTC</createdTime>
<generatorID>1FF332F4-4C49-2951-B386-659A5877EE70</generatorID>
<ownerDesignName>Semana5</ownerDesignName>
<useDomainConstraints>false</useDomainConstraints>
<use>1</use>
<logicalDatatype>LOGDT019</logicalDatatype>
<dataTypePrecision>10</dataTypePrecision>
<ownDataTypeParameters>,,</ownDataTypeParameters>
<previousColumn>false</previousColumn>
<autoIncrementCycle>false</autoIncrementCycle>
<associations>
<colAssociation fkAssociation="4958A1AE-C514-E2F2-68C3-2D11A6314747" referredColumn="7B41C92C-5572-45A5-158C-002D9A803165"/>
</associations>
</Column>
<Column name="PRODUCTO_id_region" id="51857CE7-CC15-1FD5-6962-8D2C90704A4D">
<createdBy>Administrador</createdBy>
<createdTime>2026-02-05 02:57:42 UTC</createdTime>
<generatorID>8B327356-DFAA-3242-50EA-BD374180C733</generatorID>
<ownerDesignName>Semana5</ownerDesignName>
<useDomainConstraints>false</useDomainConstraints>
<use>1</use>
<logicalDatatype>LOGDT019</logicalDatatype>
<dataTypePrecision>10</dataTypePrecision>
<ownDataTypeParameters>,,</ownDataTypeParameters>
<previousColumn>false</previousColumn>
<autoIncrementCycle>false</autoIncrementCycle>
<associations>
<colAssociation fkAssociation="4958A1AE-C514-E2F2-68C3-2D11A6314747" referredColumn="58705F2A-B820-C816-8FF1-312E4D770DDF"/>
</associations>
</Column>
<Column name="PRODUCTO_MODELO_id_modelo" id="40F5B6A6-9581-6B40-6691-055AB524152B">
<createdBy>Administrador</createdBy>
<createdTime>2026-02-05 02:57:42 UTC</createdTime>
<generatorID>BDE74FEC-8266-0302-EB9E-D866C0CE1B36</generatorID>
<ownerDesignName>Semana5</ownerDesignName>
<useDomainConstraints>false</useDomainConstraints>
<use>1</use>
<logicalDatatype>LOGDT019</logicalDatatype>
<dataTypePrecision>10</dataTypePrecision>
<ownDataTypeParameters>,,</ownDataTypeParameters>
<previousColumn>false</previousColumn>
<autoIncrementCycle>false</autoIncrementCycle>
<associations>
<colAssociation fkAssociation="4958A1AE-C514-E2F2-68C3-2D11A6314747" referredColumn="6C3E24BF-718C-3AAC-A95C-8106FCD4F840"/>
</associations>
</Column>
<Column name="PRODUCTO_MODELO_MARCA_id_marca" id="D6CDDCAD-8586-2D7E-D34C-72C1E7390910">
<createdBy>Administrador</createdBy>
<createdTime>2026-02-05 02:57:42 UTC</createdTime>
<generatorID>E706DE71-0F44-0F96-DA77-FB2F8AB969D5</generatorID>
<ownerDesignName>Semana5</ownerDesignName>
<useDomainConstraints>false</useDomainConstraints>
<use>1</use>
<logicalDatatype>LOGDT019</logicalDatatype>
<dataTypePrecision>10</dataTypePrecision>
<ownDataTypeParameters>,,</ownDataTypeParameters>
<previousColumn>false</previousColumn>
<autoIncrementCycle>false</autoIncrementCycle>
<associations>
<colAssociation fkAssociation="4958A1AE-C514-E2F2-68C3-2D11A6314747" referredColumn="AE05AD5B-87AE-4ACF-E61F-FB6FE2E03425"/>
</associations>
</Column>
<Column name="PRODUCTO_CATEGORIA_id_categoria" id="9D653B8E-3B8A-8579-FF24-C1BD1453849D">
<createdBy>Administrador</createdBy>
<createdTime>2026-02-05 02:57:42 UTC</createdTime>
<generatorID>12992EA5-7025-FEA2-4C31-A47C8A55E70B</generatorID>
<ownerDesignName>Semana5</ownerDesignName>
<useDomainConstraints>false</useDomainConstraints>
<use>1</use>
<logicalDatatype>LOGDT019</logicalDatatype>
<dataTypePrecision>10</dataTypePrecision>
<ownDataTypeParameters>,,</ownDataTypeParameters>
<previousColumn>false</previousColumn>
<autoIncrementCycle>false</autoIncrementCycle>
<associations>
<colAssociation fkAssociation="4958A1AE-C514-E2F2-68C3-2D11A6314747" referredColumn="791AB3F8-C685-B05D-53CD-154B0E793D65"/>
</associations>
</Column>
<Column name="PRODUCTO_SUCURSAL_id_sucursal" id="E2D22D7B-5CC6-29AA-21BC-0825CB9C2B84">
<createdBy>Administrador</createdBy>
<createdTime>2026-02-05 02:57:42 UTC</createdTime>
<generatorID>3CF06FD2-962E-87B7-33C4-567D62AB4670</generatorID>
<ownerDesignName>Semana5</ownerDesignName>
<useDomainConstraints>false</useDomainConstraints>
<use>1</use>
<logicalDatatype>LOGDT019</logicalDatatype>
<dataTypePrecision>10</dataTypePrecision>
<ownDataTypeParameters>,,</ownDataTypeParameters>
<previousColumn>false</previousColumn>
<autoIncrementCycle>false</autoIncrementCycle>
<associations>
<colAssociation fkAssociation="4958A1AE-C514-E2F2-68C3-2D11A6314747" referredColumn="95708747-CE58-124C-6035-5661357F94C3"/>
</associations>
</Column>
<Column name="PRODUCTO_SUCURSAL_COMUNA_id_comuna" id="FCAF75AD-A9B9-46B6-9968-F2008EFA47E3">
<createdBy>Administrador</createdBy>
<createdTime>2026-02-05 02:57:42 UTC</createdTime>
<generatorID>D078D7B9-AF6A-B355-32D1-DABFC15EDDB2</generatorID>
<ownerDesignName>Semana5</ownerDesignName>
<useDomainConstraints>false</useDomainConstraints>
<use>1</use>
<logicalDatatype>LOGDT019</logicalDatatype>
<dataTypePrecision>10</dataTypePrecision>
<ownDataTypeParameters>,,</ownDataTypeParameters>
<previousColumn>false</previousColumn>
<autoIncrementCycle>false</autoIncrementCycle>
<associations>
<colAssociation fkAssociation="4958A1AE-C514-E2F2-68C3-2D11A6314747" referredColumn="370DDAFD-82F4-7F06-07D0-819C3CC9043A"/>
</associations>
</Column>
<Column name="PRODUCTO_SUCURSAL_COMUNA_id_region" id="C7B08962-0F18-13A1-5550-5873C4D81E19">
<createdBy>Administrador</createdBy>
<createdTime>2026-02-05 02:57:42 UTC</createdTime>
<generatorID>53D40196-3DFA-4C71-F3B0-018962D09A1C</generatorID>
<ownerDesignName>Semana5</ownerDesignName>
<useDomainConstraints>false</useDomainConstraints>
<use>1</use>
<logicalDatatype>LOGDT019</logicalDatatype>
<dataTypePrecision>10</dataTypePrecision>
<ownDataTypeParameters>,,</ownDataTypeParameters>
<previousColumn>false</previousColumn>
<autoIncrementCycle>false</autoIncrementCycle>
<associations>
<colAssociation fkAssociation="4958A1AE-C514-E2F2-68C3-2D11A6314747" referredColumn="04F88DEB-39FB-730E-8908-46F98FEF867A"/>
</associations>
</Column>
</columns>
<indexes itemClass="oracle.dbtools.crest.model.design.relational.Index">
<ind_PK_UK id="0A6BB527-2946-2F78-694A-20E2E2DEA95F" name="BOLETA_PK">
<createdBy>Administrador</createdBy>
<createdTime>2026-02-05 02:57:42 UTC</createdTime>
<generatorID>734D17D6-CA96-DEB5-CA81-79713BB24DAC</generatorID>
<ownerDesignName>Semana5</ownerDesignName>
<pk>true</pk>
<indexState>Primary Constraint</indexState>
<isSurrogateKey>false</isSurrogateKey>
<indexColumnUsage>
<colUsage columnID="74CB862F-A418-9302-7FC3-D89AA8C4E712"/>
<colUsage columnID="89E667DF-D7D8-F369-461F-BB71CA63DB03"/>
<colUsage columnID="5B4F5484-F545-DE60-FDE8-E2B66E3B8BFF"/>
<colUsage columnID="57009EA6-045F-4006-49A2-80C33DC14E86"/>
<colUsage columnID="C4B454F8-6E52-B932-78F4-D4FDFD276713"/>
<colUsage columnID="00779E79-8155-F80E-584F-57E668673311"/>
<colUsage columnID="FDA6E0E8-117E-748D-429E-E1E51FF4CF4A"/>
<colUsage columnID="51857CE7-CC15-1FD5-6962-8D2C90704A4D"/>
<colUsage columnID="40F5B6A6-9581-6B40-6691-055AB524152B"/>
<colUsage columnID="D6CDDCAD-8586-2D7E-D34C-72C1E7390910"/>
<colUsage columnID="9D653B8E-3B8A-8579-FF24-C1BD1453849D"/>
<colUsage columnID="E2D22D7B-5CC6-29AA-21BC-0825CB9C2B84"/>
<colUsage columnID="FCAF75AD-A9B9-46B6-9968-F2008EFA47E3"/>
<colUsage columnID="C7B08962-0F18-13A1-5550-5873C4D81E19"/>
</indexColumnUsage>
</ind_PK_UK>
<ind_PK_UK id="2A848F16-9518-C1B1-980B-C652021739DC" name="BOLETA_CLIENTE_FK">
<createdBy>Administrador</createdBy>
<createdTime>2026-02-05 02:57:42 UTC</createdTime>
<generatorID>52A10D40-68B9-DED2-F30F-485AB320F051</generatorID>
<ownerDesignName>Semana5</ownerDesignName>
<indexState>Foreign Key</indexState>
<isSurrogateKey>false</isSurrogateKey>
<indexColumnUsage>
<colUsage columnID="89E667DF-D7D8-F369-461F-BB71CA63DB03"/>
<colUsage columnID="5B4F5484-F545-DE60-FDE8-E2B66E3B8BFF"/>
<colUsage columnID="57009EA6-045F-4006-49A2-80C33DC14E86"/>
</indexColumnUsage>
</ind_PK_UK>
<ind_PK_UK id="0D516B00-5A8D-995F-03F9-1BBF89667EE1" name="BOLETA_PRODUCTO_FK">
<createdBy>Administrador</createdBy>
<createdTime>2026-02-05 02:57:42 UTC</createdTime>
<generatorID>C4C3EF02-B591-6879-4BE2-FAFE4798BFC9</generatorID>
<ownerDesignName>Semana5</ownerDesignName>
<indexState>Foreign Key</indexState>
<isSurrogateKey>false</isSurrogateKey>
<indexColumnUsage>
<colUsage columnID="C4B454F8-6E52-B932-78F4-D4FDFD276713"/>
<colUsage columnID="00779E79-8155-F80E-584F-57E668673311"/>
<colUsage columnID="FDA6E0E8-117E-748D-429E-E1E51FF4CF4A"/>
<colUsage columnID="51857CE7-CC15-1FD5-6962-8D2C90704A4D"/>
<colUsage columnID="40F5B6A6-9581-6B40-6691-055AB524152B"/>
<colUsage columnID="D6CDDCAD-8586-2D7E-D34C-72C1E7390910"/>
<colUsage columnID="9D653B8E-3B8A-8579-FF24-C1BD1453849D"/>
<colUsage columnID="E2D22D7B-5CC6-29AA-21BC-0825CB9C2B84"/>
<colUsage columnID="FCAF75AD-A9B9-46B6-9968-F2008EFA47E3"/>
<colUsage columnID="C7B08962-0F18-13A1-5550-5873C4D81E19"/>
</indexColumnUsage>
</ind_PK_UK>
</indexes>
</Table>