<?xml version = '1.0' encoding = 'UTF-8'?>
<Table class="oracle.dbtools.crest.model.design.relational.Table" directorySegmentName="seg_0" id="D55A7863-91D2-F183-4E15-96FF7DA93722" name="CLIENTE">
<createdBy>Administrador</createdBy>
<createdTime>2026-02-05 02:57:42 UTC</createdTime>
<generatorID>FD2C7D6F-C39B-87BC-9FAE-E6D926269448</generatorID>
<ownerDesignName>Semana5</ownerDesignName>
<allowColumnReorder>false</allowColumnReorder>
<existDependencyGenerateInDDl>true</existDependencyGenerateInDDl>
<parsed>true</parsed>
<columns itemClass="oracle.dbtools.crest.model.design.relational.Column">
<Column name="id_cliente" id="CC36746F-C025-E306-7F5F-B9AC57604201">
<createdBy>Administrador</createdBy>
<createdTime>2026-02-05 02:57:42 UTC</createdTime>
<generatorID>291F77BB-4F27-44B9-5DF2-BAE184CB403A</generatorID>
<ownerDesignName>Semana5</ownerDesignName>
<useDomainConstraints>false</useDomainConstraints>
<use>1</use>
<logicalDatatype>LOGDT019</logicalDatatype>
<dataTypePrecision>10</dataTypePrecision>
<ownDataTypeParameters>,10,</ownDataTypeParameters>
<autoIncrementCycle>false</autoIncrementCycle>
</Column>
<Column name="nombre" id="AC2F4C63-716D-DDBB-A69C-24D4DEFAFB7B">
<createdBy>Administrador</createdBy>
<createdTime>2026-02-05 02:57:42 UTC</createdTime>
<generatorID>CBD34FB7-0B98-5FCD-FC01-EBE743DB72DF</generatorID>
<ownerDesignName>Semana5</ownerDesignName>
<useDomainConstraints>false</useDomainConstraints>
<use>1</use>
<logicalDatatype>LOGDT024</logicalDatatype>
<dataTypeSize>50</dataTypeSize>
<ownDataTypeParameters>50,,</ownDataTypeParameters>
<autoIncrementCycle>false</autoIncrementCycle>
</Column>
<Column name="apellido_paterno" id="05E7B065-8ED5-4422-79C2-0660BA8589FF">
<createdBy>Administrador</createdBy>
<createdTime>2026-02-05 02:57:42 UTC</createdTime>
<generatorID>561A18FA-66F3-687A-37DF-E992B207FE10</generatorID>
<ownerDesignName>Semana5</ownerDesignName>
<useDomainConstraints>false</useDomainConstraints>
<use>1</use>
<logicalDatatype>LOGDT024</logicalDatatype>
<dataTypeSize>50</dataTypeSize>
<ownDataTypeParameters>50,,</ownDataTypeParameters>
<autoIncrementCycle>false</autoIncrementCycle>
</Column>
<Column name="apellido_materno" id="32F6AD5B-E546-CA22-7150-2E51CD5C8AA8">
<createdBy>Administrador</createdBy>
<createdTime>2026-02-05 02:57:42 UTC</createdTime>
<generatorID>13E762CB-90CF-5BD1-8C64-F4CAC26774A7</generatorID>
<ownerDesignName>Semana5</ownerDesignName>
<nullsAllowed>true</nullsAllowed>
<useDomainConstraints>false</useDomainConstraints>
<use>1</use>
<logicalDatatype>LOGDT024</logicalDatatype>
<dataTypeSize>100</dataTypeSize>
<ownDataTypeParameters>100,,</ownDataTypeParameters>
<autoIncrementCycle>false</autoIncrementCycle>
</Column>
<Column name="COMUNA_id_comuna" id="4984BA51-BB2E-6F3B-67FB-8AA84A1C4C76">
<createdBy>Administrador</createdBy>
<createdTime>2026-02-05 02:57:42 UTC</createdTime>
<generatorID>B8F29341-3D0B-594F-3914-F5D0D2663606</generatorID>
<ownerDesignName>Semana5</ownerDesignName>
<useDomainConstraints>false</useDomainConstraints>
<use>1</use>
<logicalDatatype>LOGDT019</logicalDatatype>
<dataTypePrecision>10</dataTypePrecision>
<ownDataTypeParameters>,,</ownDataTypeParameters>
<previousColumn>false</previousColumn>
<autoIncrementCycle>false</autoIncrementCycle>
<associations>
<colAssociation fkAssociation="5001B481-8A70-5056-86A9-A3DD9D869595" referredColumn="9960A59B-D02F-8C05-836C-14BF9FD7A7B2"/>
</associations>
</Column>
<Column name="COMUNA_REGION_id_region" id="3CEC1448-4CC9-7743-008F-82E33247B942">
<createdBy>Administrador</createdBy>
<createdTime>2026-02-05 02:57:42 UTC</createdTime>
<generatorID>EAA8C7B2-2921-DCD5-DEF5-251E914DA45D</generatorID>
<ownerDesignName>Semana5</ownerDesignName>
<useDomainConstraints>false</useDomainConstraints>
<use>1</use>
<logicalDatatype>LOGDT019</logicalDatatype>
<dataTypePrecision>10</dataTypePrecision>
<ownDataTypeParameters>,,</ownDataTypeParameters>
<previousColumn>false</previousColumn>
<autoIncrementCycle>false</autoIncrementCycle>
<associations>
<colAssociation fkAssociation="5001B481-8A70-5056-86A9-A3DD9D869595" referredColumn="5DE9CB4A-878F-C0AE-99CF-76FE33CEDE0B"/>
</associations>
</Column>
</columns>
<indexes itemClass="oracle.dbtools.crest.model.design.relational.Index">
<ind_PK_UK id="715A64C0-8A8A-45DD-A553-132B6DE798D6" name="CLIENTE_PK">
<createdBy>Administrador</createdBy>
<createdTime>2026-02-05 02:57:42 UTC</createdTime>
<generatorID>E830974F-33DE-E23F-8D1E-4AA119CBF3FE</generatorID>
<ownerDesignName>Semana5</ownerDesignName>
<pk>true</pk>
<indexState>Primary Constraint</indexState>
<isSurrogateKey>false</isSurrogateKey>
<indexColumnUsage>
<colUsage columnID="CC36746F-C025-E306-7F5F-B9AC57604201"/>
<colUsage columnID="4984BA51-BB2E-6F3B-67FB-8AA84A1C4C76"/>
<colUsage columnID="3CEC1448-4CC9-7743-008F-82E33247B942"/>
</indexColumnUsage>
</ind_PK_UK>
<ind_PK_UK id="FB446F9E-6644-5F24-CE2B-1D814554AC35" name="CLIENTE_COMUNA_FK">
<createdBy>Administrador</createdBy>
<createdTime>2026-02-05 02:57:42 UTC</createdTime>
<generatorID>0968295A-90DE-2BD8-7CB6-7591F4551879</generatorID>
<ownerDesignName>Semana5</ownerDesignName>
<indexState>Foreign Key</indexState>
<isSurrogateKey>false</isSurrogateKey>
<indexColumnUsage>
<colUsage columnID="4984BA51-BB2E-6F3B-67FB-8AA84A1C4C76"/>
<colUsage columnID="3CEC1448-4CC9-7743-008F-82E33247B942"/>
</indexColumnUsage>
</ind_PK_UK>
</indexes>
</Table>