<?xml version = '1.0' encoding = 'UTF-8'?>
<Table class="oracle.dbtools.crest.model.design.relational.Table" directorySegmentName="seg_0" id="E287AD96-142D-3FEB-80D1-8B4F397D5C55" name="PROOVEDOR_PERSONA">
<createdBy>Administrador</createdBy>
<createdTime>2026-02-05 02:57:42 UTC</createdTime>
<generatorID>BB70E8F6-B6E7-5FCA-6332-2683D31073B6</generatorID>
<ownerDesignName>Semana5</ownerDesignName>
<allowColumnReorder>false</allowColumnReorder>
<existDependencyGenerateInDDl>true</existDependencyGenerateInDDl>
<parsed>true</parsed>
<columns itemClass="oracle.dbtools.crest.model.design.relational.Column">
<Column name="id_proovedor" id="F9E8ACD8-D64A-4BA0-4AF9-59C219485869">
<createdBy>Administrador</createdBy>
<createdTime>2026-02-05 02:57:42 UTC</createdTime>
<generatorID>473FC5D4-9779-E5CE-80B1-A67ABC135176</generatorID>
<ownerDesignName>Semana5</ownerDesignName>
<useDomainConstraints>false</useDomainConstraints>
<use>1</use>
<logicalDatatype>LOGDT019</logicalDatatype>
<dataTypePrecision>10</dataTypePrecision>
<ownDataTypeParameters>,,</ownDataTypeParameters>
<autoIncrementCycle>false</autoIncrementCycle>
<associations>
<colAssociation fkAssociation="79A2AC88-37EF-FE29-3BC4-D9100ED84D40" referredColumn="DD3A239E-88CB-7B18-A916-A3B0909049AD"/>
</associations>
</Column>
<Column name="nombre" id="1898FF7B-830B-E899-3058-8B1DBDB01219">
<createdBy>Administrador</createdBy>
<createdTime>2026-02-05 02:57:42 UTC</createdTime>
<generatorID>C1313CD7-A4D1-E7CA-5041-8516F52E73B2</generatorID>
<ownerDesignName>Semana5</ownerDesignName>
<useDomainConstraints>false</useDomainConstraints>
<use>1</use>
<logicalDatatype>LOGDT024</logicalDatatype>
<dataTypeSize>50</dataTypeSize>
<ownDataTypeParameters>50,,</ownDataTypeParameters>
<autoIncrementCycle>false</autoIncrementCycle>
</Column>
<Column name="apellido_paterno" id="BD21DBCC-CBB5-280E-7167-CC9C1B4DC08A">
<createdBy>Administrador</createdBy>
<createdTime>2026-02-05 02:57:42 UTC</createdTime>
<generatorID>4DFA72EC-561C-487E-8218-C4252D3D6566</generatorID>
<ownerDesignName>Semana5</ownerDesignName>
<useDomainConstraints>false</useDomainConstraints>
<use>1</use>
<logicalDatatype>LOGDT024</logicalDatatype>
<dataTypeSize>50</dataTypeSize>
<ownDataTypeParameters>50,,</ownDataTypeParameters>
<autoIncrementCycle>false</autoIncrementCycle>
</Column>
<Column name="apellido_materno" id="13289B42-1ABF-68C2-EB11-0A9B8007E33B">
<createdBy>Administrador</createdBy>
<createdTime>2026-02-05 02:57:42 UTC</createdTime>
<generatorID>8D468165-C4E2-6A60-DB6A-3517DC6D709F</generatorID>
<ownerDesignName>Semana5</ownerDesignName>
<useDomainConstraints>false</useDomainConstraints>
<use>1</use>
<logicalDatatype>LOGDT024</logicalDatatype>
<dataTypeSize>50</dataTypeSize>
<ownDataTypeParameters>50,,</ownDataTypeParameters>
<autoIncrementCycle>false</autoIncrementCycle>
</Column>
<Column name="id_comuna" id="158634EB-90E2-DE39-F658-5EDF8EC39306">
<createdBy>Administrador</createdBy>
<createdTime>2026-02-05 02:57:42 UTC</createdTime>
<generatorID>B1A5707C-74C4-16FF-3A06-5DDFD7FB5C7A</generatorID>
<ownerDesignName>Semana5</ownerDesignName>
<useDomainConstraints>false</useDomainConstraints>
<use>1</use>
<logicalDatatype>LOGDT019</logicalDatatype>
<dataTypePrecision>10</dataTypePrecision>
<ownDataTypeParameters>,,</ownDataTypeParameters>
<previousColumn>false</previousColumn>
<autoIncrementCycle>false</autoIncrementCycle>
<associations>
<colAssociation fkAssociation="79A2AC88-37EF-FE29-3BC4-D9100ED84D40" referredColumn="3B9CBAF2-6983-D08C-162C-C2E64F12D7F3"/>
</associations>
</Column>
<Column name="id_region" id="19D21682-2BAE-6471-8150-71DBF5AA8781">
<createdBy>Administrador</createdBy>
<createdTime>2026-02-05 02:57:42 UTC</createdTime>
<generatorID>335EACD8-27D1-DE09-1FCA-1D728781641D</generatorID>
<ownerDesignName>Semana5</ownerDesignName>
<useDomainConstraints>false</useDomainConstraints>
<use>1</use>
<logicalDatatype>LOGDT019</logicalDatatype>
<dataTypePrecision>10</dataTypePrecision>
<ownDataTypeParameters>,,</ownDataTypeParameters>
<previousColumn>false</previousColumn>
<autoIncrementCycle>false</autoIncrementCycle>
<associations>
<colAssociation fkAssociation="79A2AC88-37EF-FE29-3BC4-D9100ED84D40" referredColumn="1DA1CE9C-241C-A4D8-27E9-F334A91B1E21"/>
</associations>
</Column>
<Column name="rut_persona" id="6A3BD160-10B5-5E8D-89C1-EA42899C2C2E">
<createdBy>Administrador</createdBy>
<createdTime>2026-02-05 02:57:42 UTC</createdTime>
<generatorID>FA9E58DF-B236-15D6-837B-DAFE9C3E1959</generatorID>
<ownerDesignName>Semana5</ownerDesignName>
<useDomainConstraints>false</useDomainConstraints>
<use>1</use>
<logicalDatatype>LOGDT019</logicalDatatype>
<dataTypePrecision>12</dataTypePrecision>
<ownDataTypeParameters>,12,</ownDataTypeParameters>
<autoIncrementCycle>false</autoIncrementCycle>
</Column>
</columns>
<indexes itemClass="oracle.dbtools.crest.model.design.relational.Index">
<ind_PK_UK id="7C0024EB-61C2-6F0F-3D8B-30A69082924B" name="PROOVEDOR_PERSONA_PK">
<createdBy>Administrador</createdBy>
<createdTime>2026-02-05 02:57:42 UTC</createdTime>
<generatorID>7F02466B-3214-4744-737C-052FA7918A97</generatorID>
<ownerDesignName>Semana5</ownerDesignName>
<pk>true</pk>
<indexState>Primary Constraint</indexState>
<isSurrogateKey>false</isSurrogateKey>
<indexColumnUsage>
<colUsage columnID="F9E8ACD8-D64A-4BA0-4AF9-59C219485869"/>
<colUsage columnID="158634EB-90E2-DE39-F658-5EDF8EC39306"/>
<colUsage columnID="19D21682-2BAE-6471-8150-71DBF5AA8781"/>
</indexColumnUsage>
</ind_PK_UK>
<ind_PK_UK id="0221A702-8BC0-C83C-528B-9E127C688436" name="PROOVEDOR_PERSONA_PROVEEDOR_FK">
<createdBy>Administrador</createdBy>
<createdTime>2026-02-05 02:57:42 UTC</createdTime>
<generatorID>DA073490-B0CF-52AF-0BA2-57632EBFE535</generatorID>
<ownerDesignName>Semana5</ownerDesignName>
<indexState>Foreign Key</indexState>
<isSurrogateKey>false</isSurrogateKey>
<indexColumnUsage>
<colUsage columnID="F9E8ACD8-D64A-4BA0-4AF9-59C219485869"/>
<colUsage columnID="158634EB-90E2-DE39-F658-5EDF8EC39306"/>
<colUsage columnID="19D21682-2BAE-6471-8150-71DBF5AA8781"/>
</indexColumnUsage>
</ind_PK_UK>
</indexes>
</Table>