<?xml version = '1.0' encoding = 'UTF-8'?>
<Arc class="oracle.dbtools.crest.model.design.logical.Arc" directorySegmentName="seg_0" id="B7C8E329-FEB1-85C6-3CFA-BB881E6EA18F" name="Arc_10">
<createdBy>milenperalta</createdBy>
<createdTime>2026-01-26 23:00:31 UTC</createdTime>
<ownerDesignName>Entrega_semana_3</ownerDesignName>
<engineerTo>
<item key="D5E1D8E7-3F55-C1A3-FB99-C9F5A2C2E6BA" value="true"/>
</engineerTo>
<entity>453C6D9C-2E64-0134-3F47-262500616443</entity>
<relations>
<relationID>41C7A971-9468-134B-091E-057F6B5B15E9</relationID>
<relationID>C109FEF2-7FBA-82C5-BAF0-50632D6C0EED</relationID>
</relations>
</Arc>