<?xml version = '1.0' encoding = 'UTF-8'?>
<Arc class="oracle.dbtools.crest.model.design.logical.Arc" directorySegmentName="seg_0" id="E0C8A21F-F760-2642-030B-DD96BE722E53" name="Arc_1">
<createdBy>milenperalta</createdBy>
<createdTime>2026-01-26 22:07:13 UTC</createdTime>
<ownerDesignName>Entrega_semana_3</ownerDesignName>
<engineerTo>
<item key="D5E1D8E7-3F55-C1A3-FB99-C9F5A2C2E6BA" value="true"/>
</engineerTo>
<entity>20A25301-53C9-449A-DFC5-C9613155C758</entity>
<relations>
<relationID>19002EB5-E131-1C28-5B30-E9E586542E06</relationID>
<relationID>49D3DF33-FBBD-0AA4-B27E-38770F0C2421</relationID>
</relations>
</Arc>