<?xml version = '1.0' encoding = 'UTF-8'?>
<relationalModel class="oracle.dbtools.crest.model.design.relational.RelationalDesign" name="Relational_1" id="D5E1D8E7-3F55-C1A3-FB99-C9F5A2C2E6BA" mainViewID="E9C9A1D0-FFD6-8FB8-D2CC-34CFC146F285">
<createdBy>milenperalta</createdBy>
<createdTime>2026-01-26 21:36:06 UTC</createdTime>
<ownerDesignName>Entrega_semana_3</ownerDesignName>
<shouldBeOpen>false</shouldBeOpen>
<selectedRDBMSSite>32076570-2523-435C-2E92-BF29817DFF70</selectedRDBMSSite>
</relationalModel>