<?xml version = '1.0' encoding = 'UTF-8'?>
<Relation class="oracle.dbtools.crest.model.design.logical.Relation" name="Relation_6" directorySegmentName="seg_0" id="1326AC18-5609-26AC-D7C4-433032D7892C">
<createdBy>milenperalta</createdBy>
<createdTime>2026-01-26 21:55:29 UTC</createdTime>
<ownerDesignName>Entrega_semana_3</ownerDesignName>
<engineerTo>
<item key="D5E1D8E7-3F55-C1A3-FB99-C9F5A2C2E6BA" value="true"/>
</engineerTo>
<sourcePk>E4DC93B1-2B91-BEFD-C636-004F7EF0C60E</sourcePk>
<identifying>false</identifying>
<optionalSource>false</optionalSource>
<optionalTarget>false</optionalTarget>
<sourceCardinality>1</sourceCardinality>
<sourceEntity>8736ED48-8E42-1A94-0BC9-4533EE245916</sourceEntity>
<targetCardinalityString>*</targetCardinalityString>
<targetEntity>3E0A5A7D-716E-9FC1-0500-5B5D078FD527</targetEntity>
<transferable>true</transferable>
<deleteRule>NO ACTION</deleteRule>
</Relation>