<?xml version = '1.0' encoding = 'UTF-8'?>
<Relation class="oracle.dbtools.crest.model.design.logical.Relation" name="Relation_8" directorySegmentName="seg_0" id="940AD7BE-8066-5617-68FC-0CFC8020C863">
<createdBy>milenperalta</createdBy>
<createdTime>2026-01-26 22:31:29 UTC</createdTime>
<ownerDesignName>Entrega_semana_3</ownerDesignName>
<engineerTo>
<item key="D5E1D8E7-3F55-C1A3-FB99-C9F5A2C2E6BA" value="true"/>
</engineerTo>
<sourcePk>0E76A066-0203-DDEB-139B-0EDEA0F9346A</sourcePk>
<identifying>false</identifying>
<optionalSource>false</optionalSource>
<optionalTarget>false</optionalTarget>
<sourceCardinality>1</sourceCardinality>
<sourceEntity>453C6D9C-2E64-0134-3F47-262500616443</sourceEntity>
<targetCardinalityString>*</targetCardinalityString>
<targetEntity>3E0A5A7D-716E-9FC1-0500-5B5D078FD527</targetEntity>
<transferable>true</transferable>
<deleteRule>NO ACTION</deleteRule>
</Relation>