<?xml version = '1.0' encoding = 'UTF-8'?>
<Relation class="oracle.dbtools.crest.model.design.logical.Relation" name="Relation_1" directorySegmentName="seg_0" id="DC3BB07F-835F-BC43-47BF-3879B41ED674">
<createdBy>milenperalta</createdBy>
<createdTime>2026-01-26 21:53:00 UTC</createdTime>
<ownerDesignName>Entrega_semana_3</ownerDesignName>
<engineerTo>
<item key="D5E1D8E7-3F55-C1A3-FB99-C9F5A2C2E6BA" value="true"/>
</engineerTo>
<sourcePk>72648FB0-FA06-2313-3BCC-BC72A209AE52</sourcePk>
<identifying>false</identifying>
<optionalSource>false</optionalSource>
<optionalTarget>false</optionalTarget>
<sourceCardinality>1</sourceCardinality>
<sourceEntity>37735680-8A31-8253-30E4-3D3DF4BA6539</sourceEntity>
<targetCardinalityString>*</targetCardinalityString>
<targetEntity>C7D36E13-A714-C4ED-EB3F-CE4AD46DE549</targetEntity>
<transferable>true</transferable>
<deleteRule>NO ACTION</deleteRule>
</Relation>