<?xml version = '1.0' encoding = 'UTF-8'?>
<Relation class="oracle.dbtools.crest.model.design.logical.Relation" name="Relation_4" directorySegmentName="seg_0" id="E339F886-1D9B-871C-EA20-DF0F99C5A72A">
<createdBy>milenperalta</createdBy>
<createdTime>2026-01-26 21:54:20 UTC</createdTime>
<ownerDesignName>Entrega_semana_3</ownerDesignName>
<engineerTo>
<item key="D5E1D8E7-3F55-C1A3-FB99-C9F5A2C2E6BA" value="true"/>
</engineerTo>
<identifying>false</identifying>
<optionalSource>false</optionalSource>
<optionalTarget>false</optionalTarget>
<sourceCardinality>1</sourceCardinality>
<sourceEntity>7BA48625-0E45-DFDD-8555-7858F62CFCE3</sourceEntity>
<targetCardinalityString>*</targetCardinalityString>
<targetEntity>6F3D948E-54A5-EEB9-0331-2580B4F3D5F7</targetEntity>
<transferable>true</transferable>
<deleteRule>NO ACTION</deleteRule>
</Relation>