<?xml version = '1.0' encoding = 'UTF-8'?>
<Relation class="oracle.dbtools.crest.model.design.logical.Relation" name="PRODUCTO_BOLETA" directorySegmentName="seg_0" id="EBD31D06-4A9E-54E1-0190-E67EA769CB67">
<createdBy>milenperalta</createdBy>
<createdTime>2026-01-26 21:55:45 UTC</createdTime>
<ownerDesignName>Entrega_semana_3</ownerDesignName>
<engineerTo>
<item key="D5E1D8E7-3F55-C1A3-FB99-C9F5A2C2E6BA" value="true"/>
</engineerTo>
<identifying>false</identifying>
<optionalSource>false</optionalSource>
<optionalTarget>false</optionalTarget>
<sourceCardinality>*</sourceCardinality>
<sourceEntity>3E0A5A7D-716E-9FC1-0500-5B5D078FD527</sourceEntity>
<targetCardinalityString>*</targetCardinalityString>
<targetEntity>C7D36E13-A714-C4ED-EB3F-CE4AD46DE549</targetEntity>
<transferable>true</transferable>
<deleteRule>NO ACTION</deleteRule>
<attributes itemClass="oracle.dbtools.crest.model.design.logical.Attribute">
<attribute name="cantidad" id="8B8B57F4-528F-57F3-CD00-8214CEFC1047">
<createdBy>milenperalta</createdBy>
<createdTime>2026-01-26 22:38:08 UTC</createdTime>
<ownerDesignName>Entrega_semana_3</ownerDesignName>
<engineerTo>
<item key="D5E1D8E7-3F55-C1A3-FB99-C9F5A2C2E6BA" value="true"/>
</engineerTo>
<nullsAllowed>true</nullsAllowed>
<useDomainConstraints>false</useDomainConstraints>
<use>1</use>
<ownDataTypeParameters>,,</ownDataTypeParameters>
</attribute>
</attributes>
</Relation>