<?xml version = '1.0' encoding = 'UTF-8'?>
<FKArc class="oracle.dbtools.crest.model.design.relational.FKArc" directorySegmentName="seg_0" id="7E01C2BE-797E-166C-DCD5-6E4D1CD5A6F8" name="FKArc_1">
<createdBy>Administrador</createdBy>
<createdTime>2026-02-05 02:57:42 UTC</createdTime>
<ownerDesignName>Semana5</ownerDesignName>
<mandatory>false</mandatory>
<reverseArc>true</reverseArc>
<table>0CEB0866-63EB-D711-BC16-7F2C42B114E4</table>
<fkeys>
<fkeyID>8E12D112-F55E-002B-88E9-99E2AEB1CBE1</fkeyID>
<fkeyID>79A2AC88-37EF-FE29-3BC4-D9100ED84D40</fkeyID>
</fkeys>
</FKArc>