<?xml version = '1.0' encoding = 'UTF-8'?>
<Diagram class="oracle.dbtools.crest.swingui.relational.DPVRelational" name="Relational_1" id="E9C9A1D0-FFD6-8FB8-D2CC-34CFC146F285">
<createdBy>milenperalta</createdBy>
<modifiedBy>milenperalta</modifiedBy>
<createdTime>2026-01-26 22:51:14 UTC</createdTime>
<autoRoute>false</autoRoute>
<boxInbox>true</boxInbox>
<showLegend>false</showLegend>
<showLabels>false</showLabels>
<showRelAttributes>false</showRelAttributes>
<gridEnabled>false</gridEnabled>
<showGrid>false</showGrid>
<diagramColor>-1</diagramColor>
<display>false</display>
<notation>1</notation>
<objectViews>
<OView class="oracle.dbtools.crest.swingui.relational.TVTable" oid="038525D8-0F69-497D-3818-EEFAA97F711A" otype="Table" vid="6532D95D-F933-84C7-008D-481AC73BCDA9">
<hideElementsInCurrentOnly>false</hideElementsInCurrentOnly>
<bounds x="618" y="45" width="192" height="127"/>
</OView>
<OView class="oracle.dbtools.crest.swingui.relational.TVTable" oid="0F6DAEFF-97CF-22B9-3710-38D762D02796" otype="Table" vid="2E71D729-A18E-729E-1A7C-AA24CD5CB2EA">
<hideElementsInCurrentOnly>false</hideElementsInCurrentOnly>
<bounds x="688" y="239" width="196" height="123"/>
</OView>
<OView class="oracle.dbtools.crest.swingui.relational.TVTable" oid="1B141E9C-8556-2EF2-2C9E-BBBBF6E39987" otype="Table" vid="33939766-7E78-EA4F-43ED-44DB8058945E">
<hideElementsInCurrentOnly>false</hideElementsInCurrentOnly>
<bounds x="126" y="58" width="192" height="129"/>
</OView>
<OView class="oracle.dbtools.crest.swingui.relational.TVTable" oid="251E0C65-DB46-7A32-8F77-79959B376E52" otype="Table" vid="57A054D1-87E7-C070-4A13-BE71855DCE97">
<hideElementsInCurrentOnly>false</hideElementsInCurrentOnly>
<bounds x="1114" y="430" width="170" height="71"/>
</OView>
<OView class="oracle.dbtools.crest.swingui.relational.TVTable" oid="29F8C079-C549-D1F3-9C52-31D0623A00A9" otype="Table" vid="6E554F27-5275-BD30-3349-498B6C197C53">
<hideElementsInCurrentOnly>false</hideElementsInCurrentOnly>
<bounds x="906" y="428" width="170" height="78"/>
</OView>
<OView class="oracle.dbtools.crest.swingui.relational.TVTable" oid="3F2E59E6-825F-0CB0-6506-DE6FB40A7826" otype="Table" vid="D858863A-8B59-9305-37A8-8861DE3E7254">
<hideElementsInCurrentOnly>false</hideElementsInCurrentOnly>
<bounds x="128" y="250" width="199" height="130"/>
</OView>
<OView class="oracle.dbtools.crest.swingui.relational.TVTable" oid="537489C3-EC6B-BBB4-26B7-0078BCB1E677" otype="Table" vid="739143D5-83E2-4473-3009-9C9C6807ED12">
<hideElementsInCurrentOnly>false</hideElementsInCurrentOnly>
<bounds x="563" y="413" width="170" height="110"/>
</OView>
<OView class="oracle.dbtools.crest.swingui.relational.TVTable" oid="6055F911-ED3C-15DE-AC98-C8CF1E557AE6" otype="Table" vid="A9451D79-5973-2D65-67A0-54742874A674">
<hideElementsInCurrentOnly>false</hideElementsInCurrentOnly>
<bounds x="248" y="463" width="191" height="57"/>
</OView>
<OView class="oracle.dbtools.crest.swingui.relational.TVTable" oid="915C6CE5-01F6-9C5C-C8B9-10710A3ADC5E" otype="Table" vid="C00F4216-1709-25B1-3609-6D084BB02FDA">
<hideElementsInCurrentOnly>false</hideElementsInCurrentOnly>
<bounds x="398" y="90" width="170" height="110"/>
</OView>
<OView class="oracle.dbtools.crest.swingui.relational.TVTable" oid="BF24050A-43E7-77E4-3565-E01EF36D7901" otype="Table" vid="2ABCDD67-E4CA-543C-E379-8887F46F1726">
<hideElementsInCurrentOnly>false</hideElementsInCurrentOnly>
<bounds x="39" y="465" width="175" height="55"/>
</OView>
<OView class="oracle.dbtools.crest.swingui.relational.TVTable" oid="C3A298BB-F880-AFB6-0B53-44710237FF39" otype="Table" vid="884B9F95-0BC6-1289-7CBF-3BC8BD70D729">
<hideElementsInCurrentOnly>false</hideElementsInCurrentOnly>
<bounds x="414" y="237" width="197" height="122"/>
</OView>
<OView class="oracle.dbtools.crest.swingui.relational.TVTable" oid="F0E21A6E-BC3F-CDCE-6D33-65B5AC978CF8" otype="Table" vid="644B6EFE-A1FB-5A59-BB46-D3E51F3D04CE">
<hideElementsInCurrentOnly>false</hideElementsInCurrentOnly>
<bounds x="986" y="229" width="205" height="131"/>
</OView>
</objectViews>
<connectors>
<Connector class="oracle.dbtools.crest.swingui.relational.TVFKRelation" oid="0A5463C2-0B13-253F-0134-31E4D1A77F26" otype="FKIndexAssociation" vid_source="6532D95D-F933-84C7-008D-481AC73BCDA9" vid_target="644B6EFE-A1FB-5A59-BB46-D3E51F3D04CE">
<hideElementsInCurrentOnly>false</hideElementsInCurrentOnly>
<backgroundColor>-16777216</backgroundColor>
<lineWidth>1</lineWidth>
<points>
<point x="810" y="119"/>
<point x="1058" y="119"/>
<point x="1058" y="229"/>
</points>
</Connector>
<Connector class="oracle.dbtools.crest.swingui.relational.TVFKRelation" oid="0C8416CC-7D7F-26E8-0826-33DB23545D79" otype="FKIndexAssociation" vid_source="644B6EFE-A1FB-5A59-BB46-D3E51F3D04CE" vid_target="6E554F27-5275-BD30-3349-498B6C197C53">
<hideElementsInCurrentOnly>false</hideElementsInCurrentOnly>
<backgroundColor>-16777216</backgroundColor>
<lineWidth>1</lineWidth>
<points>
<point x="1031" y="360"/>
<point x="1031" y="428"/>
</points>
</Connector>
<Connector class="oracle.dbtools.crest.swingui.relational.TVFKRelation" oid="14DA9A37-C234-1AD9-FF9A-A82C20B6AFAC" otype="FKIndexAssociation" vid_source="D858863A-8B59-9305-37A8-8861DE3E7254" vid_target="884B9F95-0BC6-1289-7CBF-3BC8BD70D729">
<hideElementsInCurrentOnly>false</hideElementsInCurrentOnly>
<backgroundColor>-16777216</backgroundColor>
<lineWidth>1</lineWidth>
<points>
<point x="327" y="304"/>
<point x="414" y="304"/>
</points>
</Connector>
<Connector class="oracle.dbtools.crest.swingui.relational.TVFKRelation" oid="3396D708-BC70-6D85-41E0-CFF135D7EBF2" otype="FKIndexAssociation" vid_source="33939766-7E78-EA4F-43ED-44DB8058945E" vid_target="C00F4216-1709-25B1-3609-6D084BB02FDA">
<hideElementsInCurrentOnly>false</hideElementsInCurrentOnly>
<backgroundColor>-16777216</backgroundColor>
<lineWidth>1</lineWidth>
<points>
<point x="318" y="138"/>
<point x="398" y="138"/>
</points>
</Connector>
<Connector class="oracle.dbtools.crest.swingui.relational.TVFKRelation" oid="41414DB6-6206-1783-1F3B-FBF2C50F58AC" otype="FKIndexAssociation" vid_source="644B6EFE-A1FB-5A59-BB46-D3E51F3D04CE" vid_target="57A054D1-87E7-C070-4A13-BE71855DCE97">
<hideElementsInCurrentOnly>false</hideElementsInCurrentOnly>
<backgroundColor>-16777216</backgroundColor>
<lineWidth>1</lineWidth>
<points>
<point x="1152" y="360"/>
<point x="1152" y="430"/>
</points>
</Connector>
<Connector class="oracle.dbtools.crest.swingui.relational.TVFKRelation" oid="578CE70F-73CF-994F-4E86-83D28DA0469B" otype="FKIndexAssociation" vid_source="6532D95D-F933-84C7-008D-481AC73BCDA9" vid_target="33939766-7E78-EA4F-43ED-44DB8058945E">
<hideElementsInCurrentOnly>false</hideElementsInCurrentOnly>
<backgroundColor>-16777216</backgroundColor>
<lineWidth>1</lineWidth>
<points>
<point x="618" y="114"/>
<point x="318" y="115"/>
</points>
</Connector>
<Connector class="oracle.dbtools.crest.swingui.relational.TVFKRelation" oid="681102B1-9325-AC36-212B-7C06C306A7B7" otype="FKIndexAssociation" vid_source="739143D5-83E2-4473-3009-9C9C6807ED12" vid_target="6E554F27-5275-BD30-3349-498B6C197C53">
<hideElementsInCurrentOnly>false</hideElementsInCurrentOnly>
<backgroundColor>-16777216</backgroundColor>
<lineWidth>1</lineWidth>
<points>
<point x="733" y="467"/>
<point x="906" y="467"/>
</points>
</Connector>
<Connector class="oracle.dbtools.crest.swingui.relational.TVFKRelation" oid="9893609A-C8B7-C98B-2A35-388245F63F24" otype="FKIndexAssociation" vid_source="2E71D729-A18E-729E-1A7C-AA24CD5CB2EA" vid_target="884B9F95-0BC6-1289-7CBF-3BC8BD70D729">
<hideElementsInCurrentOnly>false</hideElementsInCurrentOnly>
<backgroundColor>-16777216</backgroundColor>
<lineWidth>1</lineWidth>
<points>
<point x="688" y="299"/>
<point x="611" y="299"/>
</points>
</Connector>
<Connector class="oracle.dbtools.crest.swingui.relational.TVFKRelation" oid="9FFAD210-1E36-4703-95DB-E45D685EFC63" otype="FKIndexAssociation" vid_source="2E71D729-A18E-729E-1A7C-AA24CD5CB2EA" vid_target="644B6EFE-A1FB-5A59-BB46-D3E51F3D04CE">
<hideElementsInCurrentOnly>false</hideElementsInCurrentOnly>
<backgroundColor>-16777216</backgroundColor>
<lineWidth>1</lineWidth>
<points>
<point x="884" y="299"/>
<point x="986" y="299"/>
</points>
</Connector>
<Connector class="oracle.dbtools.crest.swingui.relational.TVFKRelation" oid="B32B3ED8-7C77-9FF6-999D-319411027764" otype="FKIndexAssociation" vid_source="884B9F95-0BC6-1289-7CBF-3BC8BD70D729" vid_target="C00F4216-1709-25B1-3609-6D084BB02FDA">
<hideElementsInCurrentOnly>false</hideElementsInCurrentOnly>
<backgroundColor>-16777216</backgroundColor>
<lineWidth>1</lineWidth>
<points>
<point x="491" y="237"/>
<point x="491" y="200"/>
</points>
</Connector>
<Connector class="oracle.dbtools.crest.swingui.relational.TVFKRelation" oid="F2294F1C-C90B-8F00-ECCC-F8D01842D70B" otype="FKIndexAssociation" vid_source="D858863A-8B59-9305-37A8-8861DE3E7254" vid_target="A9451D79-5973-2D65-67A0-54742874A674">
<hideElementsInCurrentOnly>false</hideElementsInCurrentOnly>
<backgroundColor>-16777216</backgroundColor>
<lineWidth>1</lineWidth>
<points>
<point x="287" y="380"/>
<point x="287" y="463"/>
</points>
</Connector>
<Connector class="oracle.dbtools.crest.swingui.relational.TVFKRelation" oid="F6A927F8-8B69-87E1-686B-0E6D6A686F40" otype="FKIndexAssociation" vid_source="D858863A-8B59-9305-37A8-8861DE3E7254" vid_target="2ABCDD67-E4CA-543C-E379-8887F46F1726">
<hideElementsInCurrentOnly>false</hideElementsInCurrentOnly>
<backgroundColor>-16777216</backgroundColor>
<lineWidth>1</lineWidth>
<points>
<point x="171" y="380"/>
<point x="171" y="465"/>
</points>
</Connector>
</connectors>
<arcs>
<Arc class="oracle.dbtools.crest.swingui.relational.TVFKArc" oid="235725B6-6A0F-ADD3-7F93-D75C138EEB7C" otype="FKArc" vid="68778AF2-8B03-589F-E187-5E332C5A106C">
<hideElementsInCurrentOnly>false</hideElementsInCurrentOnly>
<bounds x="966" y="209" width="245" height="171"/>
</Arc>
<Arc class="oracle.dbtools.crest.swingui.relational.TVFKArc" oid="2E0B1F4C-0565-1709-606F-D00151F28F82" otype="FKArc" vid="6D8DE400-DE57-21D9-EB8C-548C423F6C23">
<hideElementsInCurrentOnly>false</hideElementsInCurrentOnly>
<bounds x="108" y="230" width="239" height="170"/>
</Arc>
<Arc class="oracle.dbtools.crest.swingui.relational.TVFKArc" oid="B534728F-332C-203A-90F0-72E98CBCF59E" otype="FKArc" vid="070B6A05-3DA5-94EB-2AEA-656E93D7F1B9">
<hideElementsInCurrentOnly>false</hideElementsInCurrentOnly>
<bounds x="946" y="189" width="285" height="211"/>
</Arc>
</arcs>
</Diagram>