<?xml version = '1.0' encoding = 'UTF-8'?>
<Entity class="oracle.dbtools.crest.model.design.logical.Entity" directorySegmentName="seg_0" id="2849A431-E24F-F8DD-B6F8-11584A8C0841" name="REGION">
<createdBy>Administrador</createdBy>
<createdTime>2026-02-04 20:40:56 UTC</createdTime>
<ownerDesignName>Semana5</ownerDesignName>
<engineerTo>
<item key="AC922F31-0B67-4C79-57E8-927F5F85E84E" value="true"/>
</engineerTo>
<adequatelyNormalized>NO</adequatelyNormalized>
<expectedVolumes>0</expectedVolumes>
<fwdEngineeringStrategyName>Single Table</fwdEngineeringStrategyName>
<growthPercent>0</growthPercent>
<growthType>Year</growthType>
<maxVolumes>9999999</maxVolumes>
<minVolumes>0</minVolumes>
<normalForm>Third</normalForm>
<attributes itemClass="oracle.dbtools.crest.model.design.logical.Attribute">
<Attribute name="id_region" id="DAAF1546-51AD-1D58-6B75-F4C545070BEF">
<createdBy>Administrador</createdBy>
<createdTime>2026-02-04 20:41:16 UTC</createdTime>
<ownerDesignName>Semana5</ownerDesignName>
<engineerTo>
<item key="AC922F31-0B67-4C79-57E8-927F5F85E84E" value="true"/>
</engineerTo>
<useDomainConstraints>false</useDomainConstraints>
<use>1</use>
<logicalDatatype>LOGDT019</logicalDatatype>
<dataTypePrecision>10</dataTypePrecision>
<ownDataTypeParameters>,10,</ownDataTypeParameters>
</Attribute>
<Attribute name="nombre_region" id="06269E23-328E-D7D3-6E40-E8FF6DDE7F51">
<createdBy>Administrador</createdBy>
<createdTime>2026-02-04 20:41:35 UTC</createdTime>
<ownerDesignName>Semana5</ownerDesignName>
<engineerTo>
<item key="AC922F31-0B67-4C79-57E8-927F5F85E84E" value="true"/>
</engineerTo>
<useDomainConstraints>false</useDomainConstraints>
<use>1</use>
<logicalDatatype>LOGDT024</logicalDatatype>
<dataTypeSize>50</dataTypeSize>
<ownDataTypeParameters>50,,</ownDataTypeParameters>
</Attribute>
</attributes>
<identifiers itemClass="oracle.dbtools.crest.model.design.logical.CandidateKey">
<identifier id="CF177C27-B9F9-D047-6F99-1B2B4CEC5115" name="REGION PK">
<createdBy>Administrador</createdBy>
<createdTime>2026-02-04 20:41:33 UTC</createdTime>
<ownerDesignName>Semana5</ownerDesignName>
<engineerTo>
<item key="AC922F31-0B67-4C79-57E8-927F5F85E84E" value="true"/>
</engineerTo>
<pk>true</pk>
<usedAttributes>
<attributeRef>DAAF1546-51AD-1D58-6B75-F4C545070BEF</attributeRef>
</usedAttributes>
</identifier>
</identifiers>
</Entity>