<?xml version = '1.0' encoding = 'UTF-8'?>
<Entity class="oracle.dbtools.crest.model.design.logical.Entity" directorySegmentName="seg_0" id="527348B9-A31B-8EF4-A8A9-E1D3F6056535" name="BOLETA">
<createdBy>Administrador</createdBy>
<createdTime>2026-02-04 20:50:47 UTC</createdTime>
<ownerDesignName>Semana5</ownerDesignName>
<engineerTo>
<item key="AC922F31-0B67-4C79-57E8-927F5F85E84E" value="true"/>
</engineerTo>
<adequatelyNormalized>NO</adequatelyNormalized>
<expectedVolumes>0</expectedVolumes>
<fwdEngineeringStrategyName>Single Table</fwdEngineeringStrategyName>
<growthPercent>0</growthPercent>
<growthType>Year</growthType>
<maxVolumes>9999999</maxVolumes>
<minVolumes>0</minVolumes>
<normalForm>Third</normalForm>
<attributes itemClass="oracle.dbtools.crest.model.design.logical.Attribute">
<Attribute name="id_boleta" id="97D616CC-5D39-BE8B-A168-70C041E6FA75">
<createdBy>Administrador</createdBy>
<createdTime>2026-02-04 20:51:00 UTC</createdTime>
<ownerDesignName>Semana5</ownerDesignName>
<engineerTo>
<item key="AC922F31-0B67-4C79-57E8-927F5F85E84E" value="true"/>
</engineerTo>
<useDomainConstraints>false</useDomainConstraints>
<use>1</use>
<logicalDatatype>LOGDT019</logicalDatatype>
<dataTypePrecision>10</dataTypePrecision>
<ownDataTypeParameters>,10,</ownDataTypeParameters>
</Attribute>
<Attribute name="fecha_venta" id="DBB596F8-F076-EF51-64B5-4D68A863EB70">
<createdBy>Administrador</createdBy>
<createdTime>2026-02-04 20:51:11 UTC</createdTime>
<ownerDesignName>Semana5</ownerDesignName>
<engineerTo>
<item key="AC922F31-0B67-4C79-57E8-927F5F85E84E" value="true"/>
</engineerTo>
<useDomainConstraints>false</useDomainConstraints>
<use>1</use>
<logicalDatatype>LOGDT008</logicalDatatype>
<ownDataTypeParameters>,,</ownDataTypeParameters>
</Attribute>
<Attribute name="monto_total" id="83367C06-7FD5-6B43-45D6-8C799D0C9C20">
<createdBy>Administrador</createdBy>
<createdTime>2026-02-04 20:51:38 UTC</createdTime>
<ownerDesignName>Semana5</ownerDesignName>
<engineerTo>
<item key="AC922F31-0B67-4C79-57E8-927F5F85E84E" value="true"/>
</engineerTo>
<useDomainConstraints>false</useDomainConstraints>
<use>1</use>
<logicalDatatype>LOGDT019</logicalDatatype>
<dataTypePrecision>10</dataTypePrecision>
<ownDataTypeParameters>,10,</ownDataTypeParameters>
</Attribute>
<Attribute name="id_cliente" id="0E0A8CF1-9F93-1AB7-A05B-00E2AEC18906">
<createdBy>Administrador</createdBy>
<createdTime>2026-02-04 21:48:21 UTC</createdTime>
<generatorID>52A10D40-68B9-DED2-F30F-485AB320F051</generatorID>
<ownerDesignName>Semana5</ownerDesignName>
<engineerTo>
<item key="AC922F31-0B67-4C79-57E8-927F5F85E84E" value="true"/>
</engineerTo>
<referedAttribute>291F77BB-4F27-44B9-5DF2-BAE184CB403A</referedAttribute>
<useDomainConstraints>false</useDomainConstraints>
<use>1</use>
<logicalDatatype>LOGDT019</logicalDatatype>
<dataTypePrecision>10</dataTypePrecision>
<ownDataTypeParameters>,,</ownDataTypeParameters>
</Attribute>
<Attribute name="id_comuna1" id="D0E55F65-AEC3-2E9C-398E-291505FE8D5C">
<createdBy>Administrador</createdBy>
<createdTime>2026-02-04 23:33:35 UTC</createdTime>
<generatorID>52A10D40-68B9-DED2-F30F-485AB320F051</generatorID>
<ownerDesignName>Semana5</ownerDesignName>
<engineerTo>
<item key="AC922F31-0B67-4C79-57E8-927F5F85E84E" value="true"/>
</engineerTo>
<referedAttribute>B8F29341-3D0B-594F-3914-F5D0D2663606</referedAttribute>
<useDomainConstraints>false</useDomainConstraints>
<use>1</use>
<logicalDatatype>LOGDT019</logicalDatatype>
<dataTypePrecision>10</dataTypePrecision>
<ownDataTypeParameters>,,</ownDataTypeParameters>
</Attribute>
<Attribute name="id_region1" id="2DF47803-2FE3-DE5E-FE03-2B8128C19872">
<createdBy>Administrador</createdBy>
<createdTime>2026-02-04 23:33:35 UTC</createdTime>
<generatorID>52A10D40-68B9-DED2-F30F-485AB320F051</generatorID>
<ownerDesignName>Semana5</ownerDesignName>
<engineerTo>
<item key="AC922F31-0B67-4C79-57E8-927F5F85E84E" value="true"/>
</engineerTo>
<referedAttribute>EAA8C7B2-2921-DCD5-DEF5-251E914DA45D</referedAttribute>
<useDomainConstraints>false</useDomainConstraints>
<use>1</use>
<logicalDatatype>LOGDT019</logicalDatatype>
<dataTypePrecision>10</dataTypePrecision>
<ownDataTypeParameters>,,</ownDataTypeParameters>
</Attribute>
</attributes>
<identifiers itemClass="oracle.dbtools.crest.model.design.logical.CandidateKey">
<identifier id="734D17D6-CA96-DEB5-CA81-79713BB24DAC" name="BOLETA PK">
<createdBy>Administrador</createdBy>
<createdTime>2026-02-04 21:37:25 UTC</createdTime>
<ownerDesignName>Semana5</ownerDesignName>
<engineerTo>
<item key="AC922F31-0B67-4C79-57E8-927F5F85E84E" value="true"/>
</engineerTo>
<pk>true</pk>
<usedAttributes>
<attributeRef>97D616CC-5D39-BE8B-A168-70C041E6FA75</attributeRef>
<attributeRef>0E0A8CF1-9F93-1AB7-A05B-00E2AEC18906</attributeRef>
<attributeRef>D0E55F65-AEC3-2E9C-398E-291505FE8D5C</attributeRef>
<attributeRef>2DF47803-2FE3-DE5E-FE03-2B8128C19872</attributeRef>
</usedAttributes>
</identifier>
</identifiers>
</Entity>