<?xml version = '1.0' encoding = 'UTF-8'?>
<Entity class="oracle.dbtools.crest.model.design.logical.Entity" directorySegmentName="seg_0" id="58CA8E54-0E2D-E83C-BD73-37A4C44A20C3" name="PRODUCTO">
<createdBy>Administrador</createdBy>
<createdTime>2026-02-04 21:17:47 UTC</createdTime>
<ownerDesignName>Semana5</ownerDesignName>
<engineerTo>
<item key="AC922F31-0B67-4C79-57E8-927F5F85E84E" value="true"/>
</engineerTo>
<adequatelyNormalized>NO</adequatelyNormalized>
<expectedVolumes>0</expectedVolumes>
<fwdEngineeringStrategyName>Single Table</fwdEngineeringStrategyName>
<growthPercent>0</growthPercent>
<growthType>Year</growthType>
<maxVolumes>9999999</maxVolumes>
<minVolumes>0</minVolumes>
<normalForm>Third</normalForm>
<attributes itemClass="oracle.dbtools.crest.model.design.logical.Attribute">
<Attribute name="id_producto" id="13BF9BC6-38CA-5BC5-9B95-6C454F7CE6ED">
<createdBy>Administrador</createdBy>
<createdTime>2026-02-04 21:18:09 UTC</createdTime>
<ownerDesignName>Semana5</ownerDesignName>
<engineerTo>
<item key="AC922F31-0B67-4C79-57E8-927F5F85E84E" value="true"/>
</engineerTo>
<useDomainConstraints>false</useDomainConstraints>
<use>1</use>
<logicalDatatype>LOGDT019</logicalDatatype>
<dataTypePrecision>10</dataTypePrecision>
<ownDataTypeParameters>,10,</ownDataTypeParameters>
</Attribute>
<Attribute name="codigo_producto" id="8BE8B231-EB53-C6F2-BE3A-8B805D4CC1C5">
<createdBy>Administrador</createdBy>
<createdTime>2026-02-04 21:18:26 UTC</createdTime>
<ownerDesignName>Semana5</ownerDesignName>
<engineerTo>
<item key="AC922F31-0B67-4C79-57E8-927F5F85E84E" value="true"/>
</engineerTo>
<useDomainConstraints>false</useDomainConstraints>
<use>1</use>
<logicalDatatype>LOGDT019</logicalDatatype>
<dataTypePrecision>10</dataTypePrecision>
<ownDataTypeParameters>,10,</ownDataTypeParameters>
</Attribute>
<Attribute name="fecha_vencimiento" id="1A37EADB-04AE-F572-A522-49A621222477">
<createdBy>Administrador</createdBy>
<createdTime>2026-02-04 21:56:05 UTC</createdTime>
<ownerDesignName>Semana5</ownerDesignName>
<engineerTo>
<item key="AC922F31-0B67-4C79-57E8-927F5F85E84E" value="true"/>
</engineerTo>
<nullsAllowed>true</nullsAllowed>
<useDomainConstraints>false</useDomainConstraints>
<use>1</use>
<logicalDatatype>LOGDT007</logicalDatatype>
<ownDataTypeParameters>,,</ownDataTypeParameters>
</Attribute>
<Attribute name="descripcion" id="05875085-4CD9-6844-BCF4-EE7AFCF60D4A">
<createdBy>Administrador</createdBy>
<createdTime>2026-02-05 00:00:30 UTC</createdTime>
<ownerDesignName>Semana5</ownerDesignName>
<engineerTo>
<item key="AC922F31-0B67-4C79-57E8-927F5F85E84E" value="true"/>
</engineerTo>
<nullsAllowed>true</nullsAllowed>
<useDomainConstraints>false</useDomainConstraints>
<use>1</use>
<logicalDatatype>LOGDT024</logicalDatatype>
<dataTypeSize>150</dataTypeSize>
<ownDataTypeParameters>150,,</ownDataTypeParameters>
</Attribute>
<Attribute name="precio_unitario" id="7BBEEA71-6A88-4DEC-026E-CEC2AE04739D">
<createdBy>Administrador</createdBy>
<createdTime>2026-02-04 21:19:22 UTC</createdTime>
<ownerDesignName>Semana5</ownerDesignName>
<engineerTo>
<item key="AC922F31-0B67-4C79-57E8-927F5F85E84E" value="true"/>
</engineerTo>
<useDomainConstraints>false</useDomainConstraints>
<use>1</use>
<logicalDatatype>LOGDT019</logicalDatatype>
<dataTypePrecision>10</dataTypePrecision>
<ownDataTypeParameters>,10,</ownDataTypeParameters>
</Attribute>
<Attribute name="stock_actual" id="8D7D11F8-3F17-D68A-7C5E-CB1792F8353F">
<createdBy>Administrador</createdBy>
<createdTime>2026-02-04 21:19:58 UTC</createdTime>
<ownerDesignName>Semana5</ownerDesignName>
<engineerTo>
<item key="AC922F31-0B67-4C79-57E8-927F5F85E84E" value="true"/>
</engineerTo>
<useDomainConstraints>false</useDomainConstraints>
<use>1</use>
<logicalDatatype>LOGDT019</logicalDatatype>
<dataTypePrecision>10</dataTypePrecision>
<ownDataTypeParameters>,10,</ownDataTypeParameters>
</Attribute>
<Attribute name="id_proovedor" id="B2C1B891-A4BE-98AE-844F-9F2394E2F45A">
<createdBy>Administrador</createdBy>
<createdTime>2026-02-04 21:23:14 UTC</createdTime>
<generatorID>FA881311-30E3-B037-7A3B-F7E4BC13831C</generatorID>
<ownerDesignName>Semana5</ownerDesignName>
<engineerTo>
<item key="AC922F31-0B67-4C79-57E8-927F5F85E84E" value="true"/>
</engineerTo>
<referedAttribute>473FC5D4-9779-E5CE-80B1-A67ABC135176</referedAttribute>
<useDomainConstraints>false</useDomainConstraints>
<use>1</use>
<logicalDatatype>LOGDT019</logicalDatatype>
<dataTypePrecision>10</dataTypePrecision>
<ownDataTypeParameters>,,</ownDataTypeParameters>
</Attribute>
<Attribute name="id_modelo" id="4602A249-9D6F-10F8-C9D4-9B63019BE13F">
<createdBy>Administrador</createdBy>
<createdTime>2026-02-04 21:46:52 UTC</createdTime>
<generatorID>D13803F6-DE02-734D-330A-5CAF6F8156DF</generatorID>
<ownerDesignName>Semana5</ownerDesignName>
<engineerTo>
<item key="AC922F31-0B67-4C79-57E8-927F5F85E84E" value="true"/>
</engineerTo>
<referedAttribute>1A82E7EA-2C5A-6DCC-0EFE-9EDC450004E7</referedAttribute>
<useDomainConstraints>false</useDomainConstraints>
<use>1</use>
<logicalDatatype>LOGDT019</logicalDatatype>
<dataTypePrecision>10</dataTypePrecision>
<ownDataTypeParameters>,,</ownDataTypeParameters>
</Attribute>
<Attribute name="id_marca" id="7FC27782-4BCC-3D96-B34F-81E23D835032">
<createdBy>Administrador</createdBy>
<createdTime>2026-02-04 21:46:52 UTC</createdTime>
<generatorID>D13803F6-DE02-734D-330A-5CAF6F8156DF</generatorID>
<ownerDesignName>Semana5</ownerDesignName>
<engineerTo>
<item key="AC922F31-0B67-4C79-57E8-927F5F85E84E" value="true"/>
</engineerTo>
<referedAttribute>9CB31F43-59D4-7175-D10F-CD29E6D7D7EB</referedAttribute>
<useDomainConstraints>false</useDomainConstraints>
<use>1</use>
<logicalDatatype>LOGDT019</logicalDatatype>
<dataTypePrecision>10</dataTypePrecision>
<ownDataTypeParameters>,,</ownDataTypeParameters>
</Attribute>
<Attribute name="id_categoria" id="6F30B450-78D5-1B62-0586-589DFFD711F0">
<createdBy>Administrador</createdBy>
<createdTime>2026-02-04 21:49:09 UTC</createdTime>
<generatorID>C1E503BA-2AF6-1DFF-B668-A315558D9BC2</generatorID>
<ownerDesignName>Semana5</ownerDesignName>
<engineerTo>
<item key="AC922F31-0B67-4C79-57E8-927F5F85E84E" value="true"/>
</engineerTo>
<referedAttribute>8ADCAEE3-E60B-D7A7-AA10-D4505DD86CB8</referedAttribute>
<useDomainConstraints>false</useDomainConstraints>
<use>1</use>
<logicalDatatype>LOGDT019</logicalDatatype>
<dataTypePrecision>10</dataTypePrecision>
<ownDataTypeParameters>,,</ownDataTypeParameters>
</Attribute>
<Attribute name="id_comuna" id="0757EFEE-B06C-A121-7548-1B14FEAAC704">
<createdBy>Administrador</createdBy>
<createdTime>2026-02-04 23:32:01 UTC</createdTime>
<generatorID>FA881311-30E3-B037-7A3B-F7E4BC13831C</generatorID>
<ownerDesignName>Semana5</ownerDesignName>
<engineerTo>
<item key="AC922F31-0B67-4C79-57E8-927F5F85E84E" value="true"/>
</engineerTo>
<referedAttribute>B1A5707C-74C4-16FF-3A06-5DDFD7FB5C7A</referedAttribute>
<useDomainConstraints>false</useDomainConstraints>
<use>1</use>
<logicalDatatype>LOGDT019</logicalDatatype>
<dataTypePrecision>10</dataTypePrecision>
<ownDataTypeParameters>,,</ownDataTypeParameters>
</Attribute>
<Attribute name="id_region" id="52B1F8C5-277B-FA23-1512-786407D79B49">
<createdBy>Administrador</createdBy>
<createdTime>2026-02-04 23:32:01 UTC</createdTime>
<generatorID>FA881311-30E3-B037-7A3B-F7E4BC13831C</generatorID>
<ownerDesignName>Semana5</ownerDesignName>
<engineerTo>
<item key="AC922F31-0B67-4C79-57E8-927F5F85E84E" value="true"/>
</engineerTo>
<referedAttribute>335EACD8-27D1-DE09-1FCA-1D728781641D</referedAttribute>
<useDomainConstraints>false</useDomainConstraints>
<use>1</use>
<logicalDatatype>LOGDT019</logicalDatatype>
<dataTypePrecision>10</dataTypePrecision>
<ownDataTypeParameters>,,</ownDataTypeParameters>
</Attribute>
<Attribute name="id_sucursal" id="0215C33D-3B4E-4814-A70E-3980F4C3B0DB">
<createdBy>Administrador</createdBy>
<createdTime>2026-02-04 23:39:25 UTC</createdTime>
<generatorID>B00A739F-F338-F56C-7F6A-F7D028B376E3</generatorID>
<ownerDesignName>Semana5</ownerDesignName>
<engineerTo>
<item key="AC922F31-0B67-4C79-57E8-927F5F85E84E" value="true"/>
</engineerTo>
<referedAttribute>AEDA9387-EB0C-ECA3-DA57-A5FF32DFB6D7</referedAttribute>
<useDomainConstraints>false</useDomainConstraints>
<use>1</use>
<logicalDatatype>LOGDT019</logicalDatatype>
<dataTypePrecision>10</dataTypePrecision>
<ownDataTypeParameters>,,</ownDataTypeParameters>
</Attribute>
<Attribute name="id_comuna1" id="469D0243-AC9F-FA0D-DFF5-18DA7D2EE717">
<createdBy>Administrador</createdBy>
<createdTime>2026-02-04 23:39:25 UTC</createdTime>
<generatorID>B00A739F-F338-F56C-7F6A-F7D028B376E3</generatorID>
<ownerDesignName>Semana5</ownerDesignName>
<engineerTo>
<item key="AC922F31-0B67-4C79-57E8-927F5F85E84E" value="true"/>
</engineerTo>
<referedAttribute>0E24DAF3-3981-3D7F-85B5-DF84600E9BB8</referedAttribute>
<useDomainConstraints>false</useDomainConstraints>
<use>1</use>
<logicalDatatype>LOGDT019</logicalDatatype>
<dataTypePrecision>10</dataTypePrecision>
<ownDataTypeParameters>,,</ownDataTypeParameters>
</Attribute>
<Attribute name="id_region1" id="2BB7172C-86D2-E786-BC64-AB9EBE3C27C9">
<createdBy>Administrador</createdBy>
<createdTime>2026-02-04 23:39:25 UTC</createdTime>
<generatorID>B00A739F-F338-F56C-7F6A-F7D028B376E3</generatorID>
<ownerDesignName>Semana5</ownerDesignName>
<engineerTo>
<item key="AC922F31-0B67-4C79-57E8-927F5F85E84E" value="true"/>
</engineerTo>
<referedAttribute>12FAFC04-15D4-2034-D3A1-C108F1034730</referedAttribute>
<useDomainConstraints>false</useDomainConstraints>
<use>1</use>
<logicalDatatype>LOGDT019</logicalDatatype>
<dataTypePrecision>10</dataTypePrecision>
<ownDataTypeParameters>,,</ownDataTypeParameters>
</Attribute>
</attributes>
<identifiers itemClass="oracle.dbtools.crest.model.design.logical.CandidateKey">
<identifier id="4DCE14EB-64CD-01D0-83C8-A2490C4CABB8" name="PRODUCTO PK">
<createdBy>Administrador</createdBy>
<createdTime>2026-02-04 21:18:25 UTC</createdTime>
<ownerDesignName>Semana5</ownerDesignName>
<engineerTo>
<item key="AC922F31-0B67-4C79-57E8-927F5F85E84E" value="true"/>
</engineerTo>
<pk>true</pk>
<usedAttributes>
<attributeRef>13BF9BC6-38CA-5BC5-9B95-6C454F7CE6ED</attributeRef>
<attributeRef>B2C1B891-A4BE-98AE-844F-9F2394E2F45A</attributeRef>
<attributeRef>0757EFEE-B06C-A121-7548-1B14FEAAC704</attributeRef>
<attributeRef>52B1F8C5-277B-FA23-1512-786407D79B49</attributeRef>
<attributeRef>4602A249-9D6F-10F8-C9D4-9B63019BE13F</attributeRef>
<attributeRef>7FC27782-4BCC-3D96-B34F-81E23D835032</attributeRef>
<attributeRef>6F30B450-78D5-1B62-0586-589DFFD711F0</attributeRef>
<attributeRef>0215C33D-3B4E-4814-A70E-3980F4C3B0DB</attributeRef>
<attributeRef>469D0243-AC9F-FA0D-DFF5-18DA7D2EE717</attributeRef>
<attributeRef>2BB7172C-86D2-E786-BC64-AB9EBE3C27C9</attributeRef>
</usedAttributes>
</identifier>
<identifier id="7E0424CF-AF8F-A537-FC3F-67332506417A" name="Key_2">
<createdBy>Administrador</createdBy>
<createdTime>2026-02-04 21:19:09 UTC</createdTime>
<ownerDesignName>Semana5</ownerDesignName>
<engineerTo>
<item key="AC922F31-0B67-4C79-57E8-927F5F85E84E" value="true"/>
</engineerTo>
<newElementsIDs>8BE8B231-EB53-C6F2-BE3A-8B805D4CC1C5</newElementsIDs>
</identifier>
</identifiers>
</Entity>