<?xml version = '1.0' encoding = 'UTF-8'?>
<Entity class="oracle.dbtools.crest.model.design.logical.Entity" directorySegmentName="seg_0" id="5C4A2550-5D23-07AA-5CB8-21FBD37476BC" name="DETALLE_BOLETA">
<createdBy>Administrador</createdBy>
<createdTime>2026-02-05 00:06:17 UTC</createdTime>
<ownerDesignName>Semana5</ownerDesignName>
<engineerTo>
<item key="AC922F31-0B67-4C79-57E8-927F5F85E84E" value="true"/>
</engineerTo>
<adequatelyNormalized>NO</adequatelyNormalized>
<expectedVolumes>0</expectedVolumes>
<fwdEngineeringStrategyName>Single Table</fwdEngineeringStrategyName>
<growthPercent>0</growthPercent>
<growthType>Year</growthType>
<maxVolumes>9999999</maxVolumes>
<minVolumes>0</minVolumes>
<normalForm>Third</normalForm>
<attributes itemClass="oracle.dbtools.crest.model.design.logical.Attribute">
<Attribute name="cantidad" id="71BCE6C4-59BD-7197-FBB1-49ECC505AC90">
<createdBy>Administrador</createdBy>
<createdTime>2026-02-05 00:06:24 UTC</createdTime>
<ownerDesignName>Semana5</ownerDesignName>
<engineerTo>
<item key="AC922F31-0B67-4C79-57E8-927F5F85E84E" value="true"/>
</engineerTo>
<useDomainConstraints>false</useDomainConstraints>
<use>1</use>
<logicalDatatype>LOGDT019</logicalDatatype>
<dataTypePrecision>5</dataTypePrecision>
<ownDataTypeParameters>,5,</ownDataTypeParameters>
</Attribute>
<Attribute name="id_boleta" id="FDFB97B2-A4EB-B080-C734-DDEECF0EAB25">
<createdBy>Administrador</createdBy>
<createdTime>2026-02-05 03:07:44 UTC</createdTime>
<generatorID>62B5FA8E-74D2-6C15-252F-5C748A5BC5CA</generatorID>
<ownerDesignName>Semana5</ownerDesignName>
<engineerTo>
<item key="AC922F31-0B67-4C79-57E8-927F5F85E84E" value="true"/>
</engineerTo>
<referedAttribute>97D616CC-5D39-BE8B-A168-70C041E6FA75</referedAttribute>
<useDomainConstraints>false</useDomainConstraints>
<use>1</use>
<logicalDatatype>LOGDT019</logicalDatatype>
<dataTypePrecision>10</dataTypePrecision>
<ownDataTypeParameters>,,</ownDataTypeParameters>
</Attribute>
<Attribute name="id_cliente" id="6ED0C5D3-D1A1-2DEB-FC94-1F623A940B96">
<createdBy>Administrador</createdBy>
<createdTime>2026-02-05 03:07:44 UTC</createdTime>
<generatorID>62B5FA8E-74D2-6C15-252F-5C748A5BC5CA</generatorID>
<ownerDesignName>Semana5</ownerDesignName>
<engineerTo>
<item key="AC922F31-0B67-4C79-57E8-927F5F85E84E" value="true"/>
</engineerTo>
<referedAttribute>0E0A8CF1-9F93-1AB7-A05B-00E2AEC18906</referedAttribute>
<useDomainConstraints>false</useDomainConstraints>
<use>1</use>
<logicalDatatype>LOGDT019</logicalDatatype>
<dataTypePrecision>10</dataTypePrecision>
<ownDataTypeParameters>,,</ownDataTypeParameters>
</Attribute>
<Attribute name="id_comuna1" id="4A4AEC4B-5B92-9DE3-BAF4-F54DB565A21C">
<createdBy>Administrador</createdBy>
<createdTime>2026-02-05 03:07:44 UTC</createdTime>
<generatorID>62B5FA8E-74D2-6C15-252F-5C748A5BC5CA</generatorID>
<ownerDesignName>Semana5</ownerDesignName>
<engineerTo>
<item key="AC922F31-0B67-4C79-57E8-927F5F85E84E" value="true"/>
</engineerTo>
<referedAttribute>D0E55F65-AEC3-2E9C-398E-291505FE8D5C</referedAttribute>
<useDomainConstraints>false</useDomainConstraints>
<use>1</use>
<logicalDatatype>LOGDT019</logicalDatatype>
<dataTypePrecision>10</dataTypePrecision>
<ownDataTypeParameters>,,</ownDataTypeParameters>
</Attribute>
<Attribute name="id_region1" id="B87BB0FE-03AD-DA5A-D35F-7014481ACB77">
<createdBy>Administrador</createdBy>
<createdTime>2026-02-05 03:07:44 UTC</createdTime>
<generatorID>62B5FA8E-74D2-6C15-252F-5C748A5BC5CA</generatorID>
<ownerDesignName>Semana5</ownerDesignName>
<engineerTo>
<item key="AC922F31-0B67-4C79-57E8-927F5F85E84E" value="true"/>
</engineerTo>
<referedAttribute>2DF47803-2FE3-DE5E-FE03-2B8128C19872</referedAttribute>
<useDomainConstraints>false</useDomainConstraints>
<use>1</use>
<logicalDatatype>LOGDT019</logicalDatatype>
<dataTypePrecision>10</dataTypePrecision>
<ownDataTypeParameters>,,</ownDataTypeParameters>
</Attribute>
<Attribute name="id_producto" id="EB2391D7-737D-1925-6EA5-12C6A7952585">
<createdBy>Administrador</createdBy>
<createdTime>2026-02-05 03:08:01 UTC</createdTime>
<generatorID>C7FEA04F-E4CA-0D26-218D-49327FF5F12D</generatorID>
<ownerDesignName>Semana5</ownerDesignName>
<engineerTo>
<item key="AC922F31-0B67-4C79-57E8-927F5F85E84E" value="true"/>
</engineerTo>
<referedAttribute>13BF9BC6-38CA-5BC5-9B95-6C454F7CE6ED</referedAttribute>
<useDomainConstraints>false</useDomainConstraints>
<use>1</use>
<logicalDatatype>LOGDT019</logicalDatatype>
<dataTypePrecision>10</dataTypePrecision>
<ownDataTypeParameters>,,</ownDataTypeParameters>
</Attribute>
<Attribute name="id_proovedor" id="64FDEFDE-0A92-426F-7183-F26EA39754E3">
<createdBy>Administrador</createdBy>
<createdTime>2026-02-05 03:08:01 UTC</createdTime>
<generatorID>C7FEA04F-E4CA-0D26-218D-49327FF5F12D</generatorID>
<ownerDesignName>Semana5</ownerDesignName>
<engineerTo>
<item key="AC922F31-0B67-4C79-57E8-927F5F85E84E" value="true"/>
</engineerTo>
<referedAttribute>B2C1B891-A4BE-98AE-844F-9F2394E2F45A</referedAttribute>
<useDomainConstraints>false</useDomainConstraints>
<use>1</use>
<logicalDatatype>LOGDT019</logicalDatatype>
<dataTypePrecision>10</dataTypePrecision>
<ownDataTypeParameters>,,</ownDataTypeParameters>
</Attribute>
<Attribute name="id_comuna" id="F7E03836-20BA-48E1-A6DF-450A43312569">
<createdBy>Administrador</createdBy>
<createdTime>2026-02-05 03:08:01 UTC</createdTime>
<generatorID>C7FEA04F-E4CA-0D26-218D-49327FF5F12D</generatorID>
<ownerDesignName>Semana5</ownerDesignName>
<engineerTo>
<item key="AC922F31-0B67-4C79-57E8-927F5F85E84E" value="true"/>
</engineerTo>
<referedAttribute>0757EFEE-B06C-A121-7548-1B14FEAAC704</referedAttribute>
<useDomainConstraints>false</useDomainConstraints>
<use>1</use>
<logicalDatatype>LOGDT019</logicalDatatype>
<dataTypePrecision>10</dataTypePrecision>
<ownDataTypeParameters>,,</ownDataTypeParameters>
</Attribute>
<Attribute name="id_region" id="34198006-1B63-B062-C587-63FAF0104F69">
<createdBy>Administrador</createdBy>
<createdTime>2026-02-05 03:08:01 UTC</createdTime>
<generatorID>C7FEA04F-E4CA-0D26-218D-49327FF5F12D</generatorID>
<ownerDesignName>Semana5</ownerDesignName>
<engineerTo>
<item key="AC922F31-0B67-4C79-57E8-927F5F85E84E" value="true"/>
</engineerTo>
<referedAttribute>52B1F8C5-277B-FA23-1512-786407D79B49</referedAttribute>
<useDomainConstraints>false</useDomainConstraints>
<use>1</use>
<logicalDatatype>LOGDT019</logicalDatatype>
<dataTypePrecision>10</dataTypePrecision>
<ownDataTypeParameters>,,</ownDataTypeParameters>
</Attribute>
<Attribute name="id_modelo" id="74E2A2EF-F655-790B-0D40-B744AAF080F1">
<createdBy>Administrador</createdBy>
<createdTime>2026-02-05 03:08:01 UTC</createdTime>
<generatorID>C7FEA04F-E4CA-0D26-218D-49327FF5F12D</generatorID>
<ownerDesignName>Semana5</ownerDesignName>
<engineerTo>
<item key="AC922F31-0B67-4C79-57E8-927F5F85E84E" value="true"/>
</engineerTo>
<referedAttribute>4602A249-9D6F-10F8-C9D4-9B63019BE13F</referedAttribute>
<useDomainConstraints>false</useDomainConstraints>
<use>1</use>
<logicalDatatype>LOGDT019</logicalDatatype>
<dataTypePrecision>10</dataTypePrecision>
<ownDataTypeParameters>,,</ownDataTypeParameters>
</Attribute>
<Attribute name="id_marca" id="0A6F8643-722E-BDC1-4FE9-CDB34EE0D591">
<createdBy>Administrador</createdBy>
<createdTime>2026-02-05 03:08:01 UTC</createdTime>
<generatorID>C7FEA04F-E4CA-0D26-218D-49327FF5F12D</generatorID>
<ownerDesignName>Semana5</ownerDesignName>
<engineerTo>
<item key="AC922F31-0B67-4C79-57E8-927F5F85E84E" value="true"/>
</engineerTo>
<referedAttribute>7FC27782-4BCC-3D96-B34F-81E23D835032</referedAttribute>
<useDomainConstraints>false</useDomainConstraints>
<use>1</use>
<logicalDatatype>LOGDT019</logicalDatatype>
<dataTypePrecision>10</dataTypePrecision>
<ownDataTypeParameters>,,</ownDataTypeParameters>
</Attribute>
<Attribute name="id_categoria" id="2AF7F6F8-0074-8F8E-24FB-998FDF4AA9A5">
<createdBy>Administrador</createdBy>
<createdTime>2026-02-05 03:08:01 UTC</createdTime>
<generatorID>C7FEA04F-E4CA-0D26-218D-49327FF5F12D</generatorID>
<ownerDesignName>Semana5</ownerDesignName>
<engineerTo>
<item key="AC922F31-0B67-4C79-57E8-927F5F85E84E" value="true"/>
</engineerTo>
<referedAttribute>6F30B450-78D5-1B62-0586-589DFFD711F0</referedAttribute>
<useDomainConstraints>false</useDomainConstraints>
<use>1</use>
<logicalDatatype>LOGDT019</logicalDatatype>
<dataTypePrecision>10</dataTypePrecision>
<ownDataTypeParameters>,,</ownDataTypeParameters>
</Attribute>
<Attribute name="id_sucursal" id="5A8796D4-51E4-2179-B228-DCF2B56231E3">
<createdBy>Administrador</createdBy>
<createdTime>2026-02-05 03:08:01 UTC</createdTime>
<generatorID>C7FEA04F-E4CA-0D26-218D-49327FF5F12D</generatorID>
<ownerDesignName>Semana5</ownerDesignName>
<engineerTo>
<item key="AC922F31-0B67-4C79-57E8-927F5F85E84E" value="true"/>
</engineerTo>
<referedAttribute>0215C33D-3B4E-4814-A70E-3980F4C3B0DB</referedAttribute>
<useDomainConstraints>false</useDomainConstraints>
<use>1</use>
<logicalDatatype>LOGDT019</logicalDatatype>
<dataTypePrecision>10</dataTypePrecision>
<ownDataTypeParameters>,,</ownDataTypeParameters>
</Attribute>
<Attribute name="id_comuna11" id="F8CF6694-197F-1EB7-C2E7-846B44C641EB">
<createdBy>Administrador</createdBy>
<createdTime>2026-02-05 03:08:01 UTC</createdTime>
<generatorID>C7FEA04F-E4CA-0D26-218D-49327FF5F12D</generatorID>
<ownerDesignName>Semana5</ownerDesignName>
<engineerTo>
<item key="AC922F31-0B67-4C79-57E8-927F5F85E84E" value="true"/>
</engineerTo>
<referedAttribute>469D0243-AC9F-FA0D-DFF5-18DA7D2EE717</referedAttribute>
<useDomainConstraints>false</useDomainConstraints>
<use>1</use>
<logicalDatatype>LOGDT019</logicalDatatype>
<dataTypePrecision>10</dataTypePrecision>
<ownDataTypeParameters>,,</ownDataTypeParameters>
</Attribute>
<Attribute name="id_region11" id="35B932C3-73BD-A0BA-15EE-3791114B008D">
<createdBy>Administrador</createdBy>
<createdTime>2026-02-05 03:08:01 UTC</createdTime>
<generatorID>C7FEA04F-E4CA-0D26-218D-49327FF5F12D</generatorID>
<ownerDesignName>Semana5</ownerDesignName>
<engineerTo>
<item key="AC922F31-0B67-4C79-57E8-927F5F85E84E" value="true"/>
</engineerTo>
<referedAttribute>2BB7172C-86D2-E786-BC64-AB9EBE3C27C9</referedAttribute>
<useDomainConstraints>false</useDomainConstraints>
<use>1</use>
<logicalDatatype>LOGDT019</logicalDatatype>
<dataTypePrecision>10</dataTypePrecision>
<ownDataTypeParameters>,,</ownDataTypeParameters>
</Attribute>
</attributes>
</Entity>