<?xml version = '1.0' encoding = 'UTF-8'?>
<Entity class="oracle.dbtools.crest.model.design.logical.Entity" directorySegmentName="seg_0" id="5FEB5CCF-3C4B-02A3-703C-956A7AF263FD" name="PROVEEDOR">
<createdBy>Administrador</createdBy>
<createdTime>2026-02-04 20:03:55 UTC</createdTime>
<ownerDesignName>Semana5</ownerDesignName>
<engineerTo>
<item key="AC922F31-0B67-4C79-57E8-927F5F85E84E" value="true"/>
</engineerTo>
<adequatelyNormalized>NO</adequatelyNormalized>
<expectedVolumes>0</expectedVolumes>
<fwdEngineeringStrategyName>Single Table</fwdEngineeringStrategyName>
<growthPercent>0</growthPercent>
<growthType>Year</growthType>
<maxVolumes>9999999</maxVolumes>
<minVolumes>0</minVolumes>
<normalForm>Third</normalForm>
<attributes itemClass="oracle.dbtools.crest.model.design.logical.Attribute">
<Attribute name="id_proovedor" id="473FC5D4-9779-E5CE-80B1-A67ABC135176">
<createdBy>Administrador</createdBy>
<createdTime>2026-02-04 20:04:09 UTC</createdTime>
<ownerDesignName>Semana5</ownerDesignName>
<engineerTo>
<item key="AC922F31-0B67-4C79-57E8-927F5F85E84E" value="true"/>
</engineerTo>
<useDomainConstraints>false</useDomainConstraints>
<use>1</use>
<logicalDatatype>LOGDT019</logicalDatatype>
<dataTypePrecision>10</dataTypePrecision>
<ownDataTypeParameters>,10,</ownDataTypeParameters>
</Attribute>
<Attribute name="tipo_proovedor" id="D02009BC-97B7-5C74-B829-CD2B826EB025">
<createdBy>Administrador</createdBy>
<createdTime>2026-02-04 20:04:29 UTC</createdTime>
<ownerDesignName>Semana5</ownerDesignName>
<engineerTo>
<item key="AC922F31-0B67-4C79-57E8-927F5F85E84E" value="true"/>
</engineerTo>
<useDomainConstraints>false</useDomainConstraints>
<use>1</use>
<logicalDatatype>LOGDT025</logicalDatatype>
<dataTypeSize>E,P CHAR</dataTypeSize>
<ownDataTypeParameters>E,P CHAR,,</ownDataTypeParameters>
</Attribute>
<Attribute name="mail" id="23B44947-D805-96D5-0DEF-1D7BEB742B64">
<createdBy>Administrador</createdBy>
<createdTime>2026-02-04 21:30:42 UTC</createdTime>
<ownerDesignName>Semana5</ownerDesignName>
<engineerTo>
<item key="AC922F31-0B67-4C79-57E8-927F5F85E84E" value="true"/>
</engineerTo>
<useDomainConstraints>false</useDomainConstraints>
<use>1</use>
<logicalDatatype>LOGDT024</logicalDatatype>
<dataTypeSize>100</dataTypeSize>
<ownDataTypeParameters>100,,</ownDataTypeParameters>
</Attribute>
<Attribute name="telefono" id="5AA9F02B-4490-E626-454C-69300B8EB530">
<createdBy>Administrador</createdBy>
<createdTime>2026-02-04 21:30:56 UTC</createdTime>
<ownerDesignName>Semana5</ownerDesignName>
<engineerTo>
<item key="AC922F31-0B67-4C79-57E8-927F5F85E84E" value="true"/>
</engineerTo>
<useDomainConstraints>false</useDomainConstraints>
<use>1</use>
<logicalDatatype>LOGDT019</logicalDatatype>
<dataTypePrecision>11</dataTypePrecision>
<ownDataTypeParameters>,11,</ownDataTypeParameters>
</Attribute>
<Attribute name="id_comuna" id="B1A5707C-74C4-16FF-3A06-5DDFD7FB5C7A">
<createdBy>Administrador</createdBy>
<createdTime>2026-02-04 23:32:01 UTC</createdTime>
<generatorID>45B08C27-9794-10B6-2C49-BDED07599382</generatorID>
<ownerDesignName>Semana5</ownerDesignName>
<engineerTo>
<item key="AC922F31-0B67-4C79-57E8-927F5F85E84E" value="true"/>
</engineerTo>
<referedAttribute>C4D8F1A5-9EE2-4105-DB32-8B26B318FB16</referedAttribute>
<useDomainConstraints>false</useDomainConstraints>
<use>1</use>
<logicalDatatype>LOGDT019</logicalDatatype>
<dataTypePrecision>10</dataTypePrecision>
<ownDataTypeParameters>,,</ownDataTypeParameters>
</Attribute>
<Attribute name="id_region" id="335EACD8-27D1-DE09-1FCA-1D728781641D">
<createdBy>Administrador</createdBy>
<createdTime>2026-02-04 23:32:01 UTC</createdTime>
<generatorID>45B08C27-9794-10B6-2C49-BDED07599382</generatorID>
<ownerDesignName>Semana5</ownerDesignName>
<engineerTo>
<item key="AC922F31-0B67-4C79-57E8-927F5F85E84E" value="true"/>
</engineerTo>
<referedAttribute>6848FF46-1976-F1A4-865C-259EF810C00E</referedAttribute>
<useDomainConstraints>false</useDomainConstraints>
<use>1</use>
<logicalDatatype>LOGDT019</logicalDatatype>
<dataTypePrecision>10</dataTypePrecision>
<ownDataTypeParameters>,,</ownDataTypeParameters>
</Attribute>
</attributes>
<identifiers itemClass="oracle.dbtools.crest.model.design.logical.CandidateKey">
<identifier id="7F02466B-3214-4744-737C-052FA7918A97" name="PROVEEDOR PK">
<createdBy>Administrador</createdBy>
<createdTime>2026-02-04 20:04:15 UTC</createdTime>
<ownerDesignName>Semana5</ownerDesignName>
<engineerTo>
<item key="AC922F31-0B67-4C79-57E8-927F5F85E84E" value="true"/>
</engineerTo>
<pk>true</pk>
<usedAttributes>
<attributeRef>473FC5D4-9779-E5CE-80B1-A67ABC135176</attributeRef>
<attributeRef>B1A5707C-74C4-16FF-3A06-5DDFD7FB5C7A</attributeRef>
<attributeRef>335EACD8-27D1-DE09-1FCA-1D728781641D</attributeRef>
</usedAttributes>
</identifier>
</identifiers>
</Entity>