<?xml version = '1.0' encoding = 'UTF-8'?>
<Entity class="oracle.dbtools.crest.model.design.logical.Entity" directorySegmentName="seg_0" id="82991505-9294-7D62-9D1D-2855CDE01879" name="COMUNA">
<createdBy>Administrador</createdBy>
<createdTime>2026-02-04 20:06:38 UTC</createdTime>
<ownerDesignName>Semana5</ownerDesignName>
<engineerTo>
<item key="AC922F31-0B67-4C79-57E8-927F5F85E84E" value="true"/>
</engineerTo>
<adequatelyNormalized>NO</adequatelyNormalized>
<expectedVolumes>0</expectedVolumes>
<fwdEngineeringStrategyName>Single Table</fwdEngineeringStrategyName>
<growthPercent>0</growthPercent>
<growthType>Year</growthType>
<maxVolumes>9999999</maxVolumes>
<minVolumes>0</minVolumes>
<normalForm>Third</normalForm>
<attributes itemClass="oracle.dbtools.crest.model.design.logical.Attribute">
<Attribute name="id_comuna" id="C4D8F1A5-9EE2-4105-DB32-8B26B318FB16">
<createdBy>Administrador</createdBy>
<createdTime>2026-02-04 20:06:45 UTC</createdTime>
<ownerDesignName>Semana5</ownerDesignName>
<engineerTo>
<item key="AC922F31-0B67-4C79-57E8-927F5F85E84E" value="true"/>
</engineerTo>
<useDomainConstraints>false</useDomainConstraints>
<use>1</use>
<logicalDatatype>LOGDT019</logicalDatatype>
<dataTypePrecision>10</dataTypePrecision>
<ownDataTypeParameters>,10,</ownDataTypeParameters>
</Attribute>
<Attribute name="nombre_comuna" id="02F92C1C-72FE-E493-EE69-7473B98384EE">
<createdBy>Administrador</createdBy>
<createdTime>2026-02-04 20:07:29 UTC</createdTime>
<ownerDesignName>Semana5</ownerDesignName>
<engineerTo>
<item key="AC922F31-0B67-4C79-57E8-927F5F85E84E" value="true"/>
</engineerTo>
<useDomainConstraints>false</useDomainConstraints>
<use>1</use>
<logicalDatatype>LOGDT024</logicalDatatype>
<dataTypeSize>50</dataTypeSize>
<ownDataTypeParameters>50,,</ownDataTypeParameters>
</Attribute>
<Attribute name="id_region" id="6848FF46-1976-F1A4-865C-259EF810C00E">
<createdBy>Administrador</createdBy>
<createdTime>2026-02-04 20:42:39 UTC</createdTime>
<generatorID>F26DD836-BE5C-0D1B-AB30-7CCA6E5CA032</generatorID>
<ownerDesignName>Semana5</ownerDesignName>
<engineerTo>
<item key="AC922F31-0B67-4C79-57E8-927F5F85E84E" value="true"/>
</engineerTo>
<referedAttribute>DAAF1546-51AD-1D58-6B75-F4C545070BEF</referedAttribute>
<useDomainConstraints>false</useDomainConstraints>
<use>1</use>
<logicalDatatype>LOGDT019</logicalDatatype>
<dataTypePrecision>10</dataTypePrecision>
<ownDataTypeParameters>,,</ownDataTypeParameters>
</Attribute>
</attributes>
<identifiers itemClass="oracle.dbtools.crest.model.design.logical.CandidateKey">
<identifier id="EA52917E-1EBC-A5A7-C9FE-3CCB7F3ABC72" name="COMUNA PK">
<createdBy>Administrador</createdBy>
<createdTime>2026-02-04 20:07:34 UTC</createdTime>
<ownerDesignName>Semana5</ownerDesignName>
<engineerTo>
<item key="AC922F31-0B67-4C79-57E8-927F5F85E84E" value="true"/>
</engineerTo>
<pk>true</pk>
<usedAttributes>
<attributeRef>C4D8F1A5-9EE2-4105-DB32-8B26B318FB16</attributeRef>
<attributeRef>6848FF46-1976-F1A4-865C-259EF810C00E</attributeRef>
</usedAttributes>
</identifier>
</identifiers>
</Entity>