<?xml version = '1.0' encoding = 'UTF-8'?>
<Entity class="oracle.dbtools.crest.model.design.logical.Entity" directorySegmentName="seg_0" id="8CD102B7-4C73-BED4-E7F6-4EEE576ACAF3" name="SUCURSAL">
<createdBy>Administrador</createdBy>
<createdTime>2026-02-04 20:08:31 UTC</createdTime>
<ownerDesignName>Semana5</ownerDesignName>
<engineerTo>
<item key="AC922F31-0B67-4C79-57E8-927F5F85E84E" value="true"/>
</engineerTo>
<adequatelyNormalized>NO</adequatelyNormalized>
<expectedVolumes>0</expectedVolumes>
<fwdEngineeringStrategyName>Single Table</fwdEngineeringStrategyName>
<growthPercent>0</growthPercent>
<growthType>Year</growthType>
<maxVolumes>9999999</maxVolumes>
<minVolumes>0</minVolumes>
<normalForm>Third</normalForm>
<attributes itemClass="oracle.dbtools.crest.model.design.logical.Attribute">
<Attribute name="id_sucursal" id="AEDA9387-EB0C-ECA3-DA57-A5FF32DFB6D7">
<createdBy>Administrador</createdBy>
<createdTime>2026-02-04 20:08:40 UTC</createdTime>
<ownerDesignName>Semana5</ownerDesignName>
<engineerTo>
<item key="AC922F31-0B67-4C79-57E8-927F5F85E84E" value="true"/>
</engineerTo>
<useDomainConstraints>false</useDomainConstraints>
<use>1</use>
<logicalDatatype>LOGDT019</logicalDatatype>
<dataTypePrecision>10</dataTypePrecision>
<ownDataTypeParameters>,10,</ownDataTypeParameters>
</Attribute>
<Attribute name="nombre_sucursal" id="D913052F-95F8-92A1-1F35-4598005AD8A3">
<createdBy>Administrador</createdBy>
<createdTime>2026-02-04 20:09:10 UTC</createdTime>
<ownerDesignName>Semana5</ownerDesignName>
<engineerTo>
<item key="AC922F31-0B67-4C79-57E8-927F5F85E84E" value="true"/>
</engineerTo>
<useDomainConstraints>false</useDomainConstraints>
<use>1</use>
<logicalDatatype>LOGDT024</logicalDatatype>
<dataTypeSize>100</dataTypeSize>
<ownDataTypeParameters>100,,</ownDataTypeParameters>
</Attribute>
<Attribute name="direccion" id="AC819BDF-B59C-75CC-E9D4-9F364B1D7154">
<createdBy>Administrador</createdBy>
<createdTime>2026-02-04 20:09:55 UTC</createdTime>
<ownerDesignName>Semana5</ownerDesignName>
<engineerTo>
<item key="AC922F31-0B67-4C79-57E8-927F5F85E84E" value="true"/>
</engineerTo>
<useDomainConstraints>false</useDomainConstraints>
<use>1</use>
<logicalDatatype>LOGDT024</logicalDatatype>
<dataTypeSize>150</dataTypeSize>
<ownDataTypeParameters>150,,</ownDataTypeParameters>
</Attribute>
<Attribute name="id_comuna" id="0E24DAF3-3981-3D7F-85B5-DF84600E9BB8">
<createdBy>Administrador</createdBy>
<createdTime>2026-02-04 20:10:30 UTC</createdTime>
<generatorID>8B2EE663-D168-4B6F-1379-300C47805544</generatorID>
<ownerDesignName>Semana5</ownerDesignName>
<engineerTo>
<item key="AC922F31-0B67-4C79-57E8-927F5F85E84E" value="true"/>
</engineerTo>
<referedAttribute>C4D8F1A5-9EE2-4105-DB32-8B26B318FB16</referedAttribute>
<useDomainConstraints>false</useDomainConstraints>
<use>1</use>
<logicalDatatype>LOGDT019</logicalDatatype>
<dataTypePrecision>10</dataTypePrecision>
<ownDataTypeParameters>,,</ownDataTypeParameters>
</Attribute>
<Attribute name="id_region" id="12FAFC04-15D4-2034-D3A1-C108F1034730">
<createdBy>Administrador</createdBy>
<createdTime>2026-02-04 20:42:39 UTC</createdTime>
<generatorID>8B2EE663-D168-4B6F-1379-300C47805544</generatorID>
<ownerDesignName>Semana5</ownerDesignName>
<engineerTo>
<item key="AC922F31-0B67-4C79-57E8-927F5F85E84E" value="true"/>
</engineerTo>
<referedAttribute>6848FF46-1976-F1A4-865C-259EF810C00E</referedAttribute>
<useDomainConstraints>false</useDomainConstraints>
<use>1</use>
<logicalDatatype>LOGDT019</logicalDatatype>
<dataTypePrecision>10</dataTypePrecision>
<ownDataTypeParameters>,,</ownDataTypeParameters>
</Attribute>
</attributes>
<identifiers itemClass="oracle.dbtools.crest.model.design.logical.CandidateKey">
<identifier id="04765308-61FE-33D8-D619-D8271C3B5E8B" name="SUCURSAL PK">
<createdBy>Administrador</createdBy>
<createdTime>2026-02-04 20:08:47 UTC</createdTime>
<ownerDesignName>Semana5</ownerDesignName>
<engineerTo>
<item key="AC922F31-0B67-4C79-57E8-927F5F85E84E" value="true"/>
</engineerTo>
<pk>true</pk>
<usedAttributes>
<attributeRef>AEDA9387-EB0C-ECA3-DA57-A5FF32DFB6D7</attributeRef>
<attributeRef>0E24DAF3-3981-3D7F-85B5-DF84600E9BB8</attributeRef>
<attributeRef>12FAFC04-15D4-2034-D3A1-C108F1034730</attributeRef>
</usedAttributes>
</identifier>
</identifiers>
</Entity>