<?xml version = '1.0' encoding = 'UTF-8'?>
<Entity class="oracle.dbtools.crest.model.design.logical.Entity" directorySegmentName="seg_0" id="D772A17E-9E64-81B7-E825-F2CC2677E793" name="PROOVEDOR_EMPRESA">
<createdBy>Administrador</createdBy>
<createdTime>2026-02-04 20:14:11 UTC</createdTime>
<ownerDesignName>Semana5</ownerDesignName>
<engineerTo>
<item key="AC922F31-0B67-4C79-57E8-927F5F85E84E" value="true"/>
</engineerTo>
<adequatelyNormalized>NO</adequatelyNormalized>
<expectedVolumes>0</expectedVolumes>
<fwdEngineeringStrategyName>Single Table</fwdEngineeringStrategyName>
<growthPercent>0</growthPercent>
<growthType>Year</growthType>
<hierarchicalParent>5FEB5CCF-3C4B-02A3-703C-956A7AF263FD</hierarchicalParent>
<maxVolumes>9999999</maxVolumes>
<minVolumes>0</minVolumes>
<normalForm>Third</normalForm>
<attributes itemClass="oracle.dbtools.crest.model.design.logical.Attribute">
<Attribute name="rut_empresa" id="6A1DD529-A532-767F-F0F8-63DCCC3A0E48">
<createdBy>Administrador</createdBy>
<createdTime>2026-02-04 21:34:21 UTC</createdTime>
<ownerDesignName>Semana5</ownerDesignName>
<engineerTo>
<item key="AC922F31-0B67-4C79-57E8-927F5F85E84E" value="true"/>
</engineerTo>
<useDomainConstraints>false</useDomainConstraints>
<use>1</use>
<logicalDatatype>LOGDT019</logicalDatatype>
<dataTypePrecision>12</dataTypePrecision>
<ownDataTypeParameters>,12,</ownDataTypeParameters>
</Attribute>
<Attribute name="sitio_web" id="2F62D73A-D2B8-D225-C447-BA3694E16DE2">
<createdBy>Administrador</createdBy>
<createdTime>2026-02-04 20:14:27 UTC</createdTime>
<ownerDesignName>Semana5</ownerDesignName>
<engineerTo>
<item key="AC922F31-0B67-4C79-57E8-927F5F85E84E" value="true"/>
</engineerTo>
<nullsAllowed>true</nullsAllowed>
<useDomainConstraints>false</useDomainConstraints>
<use>1</use>
<logicalDatatype>LOGDT024</logicalDatatype>
<dataTypeSize>150</dataTypeSize>
<ownDataTypeParameters>150,,</ownDataTypeParameters>
</Attribute>
</attributes>
</Entity>