<?xml version = '1.0' encoding = 'UTF-8'?>
<Entity class="oracle.dbtools.crest.model.design.logical.Entity" directorySegmentName="seg_0" id="EFF99D37-977D-61D3-55E8-A97AFC8FB496" name="MODELO">
<createdBy>Administrador</createdBy>
<createdTime>2026-02-04 20:48:04 UTC</createdTime>
<ownerDesignName>Semana5</ownerDesignName>
<engineerTo>
<item key="AC922F31-0B67-4C79-57E8-927F5F85E84E" value="true"/>
</engineerTo>
<adequatelyNormalized>NO</adequatelyNormalized>
<expectedVolumes>0</expectedVolumes>
<fwdEngineeringStrategyName>Single Table</fwdEngineeringStrategyName>
<growthPercent>0</growthPercent>
<growthType>Year</growthType>
<maxVolumes>9999999</maxVolumes>
<minVolumes>0</minVolumes>
<normalForm>Third</normalForm>
<attributes itemClass="oracle.dbtools.crest.model.design.logical.Attribute">
<Attribute name="id_modelo" id="1A82E7EA-2C5A-6DCC-0EFE-9EDC450004E7">
<createdBy>Administrador</createdBy>
<createdTime>2026-02-04 20:48:14 UTC</createdTime>
<ownerDesignName>Semana5</ownerDesignName>
<engineerTo>
<item key="AC922F31-0B67-4C79-57E8-927F5F85E84E" value="true"/>
</engineerTo>
<useDomainConstraints>false</useDomainConstraints>
<use>1</use>
<logicalDatatype>LOGDT019</logicalDatatype>
<dataTypePrecision>10</dataTypePrecision>
<ownDataTypeParameters>,10,</ownDataTypeParameters>
</Attribute>
<Attribute name="nombre_modelo" id="BE431764-1F58-BB08-8088-90EB62A1E988">
<createdBy>Administrador</createdBy>
<createdTime>2026-02-04 20:48:28 UTC</createdTime>
<ownerDesignName>Semana5</ownerDesignName>
<engineerTo>
<item key="AC922F31-0B67-4C79-57E8-927F5F85E84E" value="true"/>
</engineerTo>
<useDomainConstraints>false</useDomainConstraints>
<use>1</use>
<logicalDatatype>LOGDT024</logicalDatatype>
<dataTypeSize>50</dataTypeSize>
<ownDataTypeParameters>50,,</ownDataTypeParameters>
</Attribute>
<Attribute name="id_marca" id="9CB31F43-59D4-7175-D10F-CD29E6D7D7EB">
<createdBy>Administrador</createdBy>
<createdTime>2026-02-04 21:38:20 UTC</createdTime>
<generatorID>8FF1EA0D-0019-9F7F-AD5B-1B2EDC0C80BC</generatorID>
<ownerDesignName>Semana5</ownerDesignName>
<engineerTo>
<item key="AC922F31-0B67-4C79-57E8-927F5F85E84E" value="true"/>
</engineerTo>
<referedAttribute>7D2F6C32-A4B6-E51D-94C2-ECC6C6B1D812</referedAttribute>
<useDomainConstraints>false</useDomainConstraints>
<use>1</use>
<logicalDatatype>LOGDT019</logicalDatatype>
<dataTypePrecision>10</dataTypePrecision>
<ownDataTypeParameters>,,</ownDataTypeParameters>
</Attribute>
</attributes>
<identifiers itemClass="oracle.dbtools.crest.model.design.logical.CandidateKey">
<identifier id="2D1B3CFD-BE46-3120-83FB-BF822013BF88" name="MODELO PK">
<createdBy>Administrador</createdBy>
<createdTime>2026-02-04 20:48:21 UTC</createdTime>
<ownerDesignName>Semana5</ownerDesignName>
<engineerTo>
<item key="AC922F31-0B67-4C79-57E8-927F5F85E84E" value="true"/>
</engineerTo>
<pk>true</pk>
<usedAttributes>
<attributeRef>1A82E7EA-2C5A-6DCC-0EFE-9EDC450004E7</attributeRef>
<attributeRef>9CB31F43-59D4-7175-D10F-CD29E6D7D7EB</attributeRef>
</usedAttributes>
</identifier>
</identifiers>
</Entity>