<?xml version = '1.0' encoding = 'UTF-8'?>
<Entity class="oracle.dbtools.crest.model.design.logical.Entity" directorySegmentName="seg_0" id="FD2C7D6F-C39B-87BC-9FAE-E6D926269448" name="CLIENTE">
<createdBy>Administrador</createdBy>
<createdTime>2026-02-04 20:53:16 UTC</createdTime>
<ownerDesignName>Semana5</ownerDesignName>
<engineerTo>
<item key="AC922F31-0B67-4C79-57E8-927F5F85E84E" value="true"/>
</engineerTo>
<adequatelyNormalized>NO</adequatelyNormalized>
<expectedVolumes>0</expectedVolumes>
<fwdEngineeringStrategyName>Single Table</fwdEngineeringStrategyName>
<growthPercent>0</growthPercent>
<growthType>Year</growthType>
<maxVolumes>9999999</maxVolumes>
<minVolumes>0</minVolumes>
<normalForm>Third</normalForm>
<attributes itemClass="oracle.dbtools.crest.model.design.logical.Attribute">
<Attribute name="id_cliente" id="291F77BB-4F27-44B9-5DF2-BAE184CB403A">
<createdBy>Administrador</createdBy>
<createdTime>2026-02-04 20:53:23 UTC</createdTime>
<ownerDesignName>Semana5</ownerDesignName>
<engineerTo>
<item key="AC922F31-0B67-4C79-57E8-927F5F85E84E" value="true"/>
</engineerTo>
<useDomainConstraints>false</useDomainConstraints>
<use>1</use>
<logicalDatatype>LOGDT019</logicalDatatype>
<dataTypePrecision>10</dataTypePrecision>
<ownDataTypeParameters>,10,</ownDataTypeParameters>
</Attribute>
<Attribute name="nombre" id="CBD34FB7-0B98-5FCD-FC01-EBE743DB72DF">
<createdBy>Administrador</createdBy>
<createdTime>2026-02-04 20:53:43 UTC</createdTime>
<ownerDesignName>Semana5</ownerDesignName>
<engineerTo>
<item key="AC922F31-0B67-4C79-57E8-927F5F85E84E" value="true"/>
</engineerTo>
<useDomainConstraints>false</useDomainConstraints>
<use>1</use>
<logicalDatatype>LOGDT024</logicalDatatype>
<dataTypeSize>50</dataTypeSize>
<ownDataTypeParameters>50,,</ownDataTypeParameters>
</Attribute>
<Attribute name="apellido_paterno" id="561A18FA-66F3-687A-37DF-E992B207FE10">
<createdBy>Administrador</createdBy>
<createdTime>2026-02-04 20:54:11 UTC</createdTime>
<ownerDesignName>Semana5</ownerDesignName>
<engineerTo>
<item key="AC922F31-0B67-4C79-57E8-927F5F85E84E" value="true"/>
</engineerTo>
<useDomainConstraints>false</useDomainConstraints>
<use>1</use>
<logicalDatatype>LOGDT024</logicalDatatype>
<dataTypeSize>50</dataTypeSize>
<ownDataTypeParameters>50,,</ownDataTypeParameters>
</Attribute>
<Attribute name="apellido_materno" id="13E762CB-90CF-5BD1-8C64-F4CAC26774A7">
<createdBy>Administrador</createdBy>
<createdTime>2026-02-04 20:54:30 UTC</createdTime>
<ownerDesignName>Semana5</ownerDesignName>
<engineerTo>
<item key="AC922F31-0B67-4C79-57E8-927F5F85E84E" value="true"/>
</engineerTo>
<nullsAllowed>true</nullsAllowed>
<useDomainConstraints>false</useDomainConstraints>
<use>1</use>
<logicalDatatype>LOGDT024</logicalDatatype>
<dataTypeSize>100</dataTypeSize>
<ownDataTypeParameters>100,,</ownDataTypeParameters>
</Attribute>
<Attribute name="id_comuna" id="B8F29341-3D0B-594F-3914-F5D0D2663606">
<createdBy>Administrador</createdBy>
<createdTime>2026-02-04 23:33:35 UTC</createdTime>
<generatorID>0968295A-90DE-2BD8-7CB6-7591F4551879</generatorID>
<ownerDesignName>Semana5</ownerDesignName>
<engineerTo>
<item key="AC922F31-0B67-4C79-57E8-927F5F85E84E" value="true"/>
</engineerTo>
<referedAttribute>C4D8F1A5-9EE2-4105-DB32-8B26B318FB16</referedAttribute>
<useDomainConstraints>false</useDomainConstraints>
<use>1</use>
<logicalDatatype>LOGDT019</logicalDatatype>
<dataTypePrecision>10</dataTypePrecision>
<ownDataTypeParameters>,,</ownDataTypeParameters>
</Attribute>
<Attribute name="id_region" id="EAA8C7B2-2921-DCD5-DEF5-251E914DA45D">
<createdBy>Administrador</createdBy>
<createdTime>2026-02-04 23:33:35 UTC</createdTime>
<generatorID>0968295A-90DE-2BD8-7CB6-7591F4551879</generatorID>
<ownerDesignName>Semana5</ownerDesignName>
<engineerTo>
<item key="AC922F31-0B67-4C79-57E8-927F5F85E84E" value="true"/>
</engineerTo>
<referedAttribute>6848FF46-1976-F1A4-865C-259EF810C00E</referedAttribute>
<useDomainConstraints>false</useDomainConstraints>
<use>1</use>
<logicalDatatype>LOGDT019</logicalDatatype>
<dataTypePrecision>10</dataTypePrecision>
<ownDataTypeParameters>,,</ownDataTypeParameters>
</Attribute>
</attributes>
<identifiers itemClass="oracle.dbtools.crest.model.design.logical.CandidateKey">
<identifier id="E830974F-33DE-E23F-8D1E-4AA119CBF3FE" name="CLIENTE PK">
<createdBy>Administrador</createdBy>
<createdTime>2026-02-04 20:53:32 UTC</createdTime>
<ownerDesignName>Semana5</ownerDesignName>
<engineerTo>
<item key="AC922F31-0B67-4C79-57E8-927F5F85E84E" value="true"/>
</engineerTo>
<pk>true</pk>
<usedAttributes>
<attributeRef>291F77BB-4F27-44B9-5DF2-BAE184CB403A</attributeRef>
<attributeRef>B8F29341-3D0B-594F-3914-F5D0D2663606</attributeRef>
<attributeRef>EAA8C7B2-2921-DCD5-DEF5-251E914DA45D</attributeRef>
</usedAttributes>
</identifier>
</identifiers>
</Entity>