<?xml version = '1.0' encoding = 'UTF-8'?>
<Diagram class="oracle.dbtools.crest.swingui.logical.DPVLogical" name="Logical" id="127B97DA-203E-D47C-D1AD-3FEEB9791AC2">
<createdBy>milenperalta</createdBy>
<modifiedBy>milenperalta</modifiedBy>
<createdTime>2026-01-26 21:38:50 UTC</createdTime>
<autoRoute>false</autoRoute>
<boxInbox>false</boxInbox>
<showLegend>false</showLegend>
<showLabels>true</showLabels>
<showRelAttributes>true</showRelAttributes>
<gridEnabled>false</gridEnabled>
<showGrid>false</showGrid>
<diagramColor>-1</diagramColor>
<display>false</display>
<notation>2</notation>
<objectViews>
<OView class="oracle.dbtools.crest.swingui.logical.TVEntity" oid="20A25301-53C9-449A-DFC5-C9613155C758" otype="Entity" vid="34D8D7C1-30CF-0C26-AC73-182C14A75269">
<hideElementsInCurrentOnly>false</hideElementsInCurrentOnly>
<bounds x="986" y="229" width="205" height="131"/>
</OView>
<OView class="oracle.dbtools.crest.swingui.logical.TVEntity" oid="2C30483A-83FC-4F0C-F830-BF1971AB4B28" otype="Entity" vid="6707CBA5-1F3E-1B80-0713-4D3BC224BD87">
<hideElementsInCurrentOnly>false</hideElementsInCurrentOnly>
<bounds x="39" y="465" width="175" height="55"/>
</OView>
<OView class="oracle.dbtools.crest.swingui.logical.TVEntity" oid="37735680-8A31-8253-30E4-3D3DF4BA6539" otype="Entity" vid="50BB9B5E-243D-10CF-453D-693EB4D4A65D">
<hideElementsInCurrentOnly>false</hideElementsInCurrentOnly>
<bounds x="618" y="45" width="192" height="127"/>
</OView>
<OView class="oracle.dbtools.crest.swingui.logical.TVEntity" oid="3E0A5A7D-716E-9FC1-0500-5B5D078FD527" otype="Entity" vid="B51197B4-AB60-4E0C-2025-CBEDAB7CD9D1">
<hideElementsInCurrentOnly>false</hideElementsInCurrentOnly>
<bounds x="414" y="237" width="197" height="122"/>
</OView>
<OView class="oracle.dbtools.crest.swingui.logical.TVEntity" oid="453C6D9C-2E64-0134-3F47-262500616443" otype="Entity" vid="CE035AA0-8F56-157C-19E4-FAC27E0AC514">
<hideElementsInCurrentOnly>false</hideElementsInCurrentOnly>
<bounds x="128" y="250" width="199" height="130"/>
</OView>
<OView class="oracle.dbtools.crest.swingui.logical.TVEntity" oid="6F3D948E-54A5-EEB9-0331-2580B4F3D5F7" otype="Entity" vid="F111E78E-D4CD-ACB4-4F54-2EAB3B0851AF">
<hideElementsInCurrentOnly>false</hideElementsInCurrentOnly>
<bounds x="906" y="428" width="170" height="78"/>
</OView>
<OView class="oracle.dbtools.crest.swingui.logical.TVEntity" oid="7BA48625-0E45-DFDD-8555-7858F62CFCE3" otype="Entity" vid="D8C7CF0D-2549-7705-FE99-EB790271BD55">
<hideElementsInCurrentOnly>false</hideElementsInCurrentOnly>
<bounds x="563" y="413" width="170" height="110"/>
</OView>
<OView class="oracle.dbtools.crest.swingui.logical.TVEntity" oid="8736ED48-8E42-1A94-0BC9-4533EE245916" otype="Entity" vid="46E51FDB-ADA9-86B8-8F6B-E1047BC390C9">
<hideElementsInCurrentOnly>false</hideElementsInCurrentOnly>
<bounds x="688" y="239" width="196" height="123"/>
</OView>
<OView class="oracle.dbtools.crest.swingui.logical.TVEntity" oid="B88F75E0-78DF-8E22-BE6C-DB478C13A086" otype="Entity" vid="6F47BF24-3FF4-BF4D-234C-315BE59C6B9A">
<hideElementsInCurrentOnly>false</hideElementsInCurrentOnly>
<bounds x="1114" y="430" width="170" height="71"/>
</OView>
<OView class="oracle.dbtools.crest.swingui.logical.TVEntity" oid="C7D36E13-A714-C4ED-EB3F-CE4AD46DE549" otype="Entity" vid="72D6C9D9-BF92-64C1-ED14-C5A26FE2881D">
<hideElementsInCurrentOnly>false</hideElementsInCurrentOnly>
<bounds x="126" y="58" width="192" height="129"/>
</OView>
<OView class="oracle.dbtools.crest.swingui.logical.TVEntity" oid="E6BE9CD7-5440-2C4C-3236-917C329A8AE4" otype="Entity" vid="AB485D24-B6DB-43A0-AA88-6337A10732A5">
<hideElementsInCurrentOnly>false</hideElementsInCurrentOnly>
<bounds x="248" y="463" width="191" height="57"/>
</OView>
</objectViews>
<connectors>
<Connector class="oracle.dbtools.crest.swingui.logical.TVRelation" oid="1326AC18-5609-26AC-D7C4-433032D7892C" otype="Relation" vid_source="46E51FDB-ADA9-86B8-8F6B-E1047BC390C9" vid_target="B51197B4-AB60-4E0C-2025-CBEDAB7CD9D1">
<hideElementsInCurrentOnly>false</hideElementsInCurrentOnly>
<backgroundColor>-16777216</backgroundColor>
<lineWidth>1</lineWidth>
<points>
<point x="688" y="299"/>
<point x="611" y="299"/>
</points>
</Connector>
<Connector class="oracle.dbtools.crest.swingui.logical.TVInheritanceRelation" oid="19002EB5-E131-1C28-5B30-E9E586542E06" otype="Hierarchy relation" vid_source="34D8D7C1-30CF-0C26-AC73-182C14A75269" vid_target="6F47BF24-3FF4-BF4D-234C-315BE59C6B9A">
<hideElementsInCurrentOnly>false</hideElementsInCurrentOnly>
<backgroundColor>-65536</backgroundColor>
<lineWidth>1</lineWidth>
<points>
<point x="1152" y="360"/>
<point x="1152" y="430"/>
</points>
</Connector>
<Connector class="oracle.dbtools.crest.swingui.logical.TVInheritanceRelation" oid="41C7A971-9468-134B-091E-057F6B5B15E9" otype="Hierarchy relation" vid_source="CE035AA0-8F56-157C-19E4-FAC27E0AC514" vid_target="AB485D24-B6DB-43A0-AA88-6337A10732A5">
<hideElementsInCurrentOnly>false</hideElementsInCurrentOnly>
<backgroundColor>-65536</backgroundColor>
<lineWidth>1</lineWidth>
<points>
<point x="287" y="380"/>
<point x="287" y="463"/>
</points>
</Connector>
<Connector class="oracle.dbtools.crest.swingui.logical.TVInheritanceRelation" oid="49D3DF33-FBBD-0AA4-B27E-38770F0C2421" otype="Hierarchy relation" vid_source="34D8D7C1-30CF-0C26-AC73-182C14A75269" vid_target="F111E78E-D4CD-ACB4-4F54-2EAB3B0851AF">
<hideElementsInCurrentOnly>false</hideElementsInCurrentOnly>
<backgroundColor>-65536</backgroundColor>
<lineWidth>1</lineWidth>
<points>
<point x="1031" y="360"/>
<point x="1031" y="428"/>
</points>
</Connector>
<Connector class="oracle.dbtools.crest.swingui.logical.TVRelation" oid="5CF4A3B2-4DF6-FEAC-DE94-383B317C8433" otype="Relation" vid_source="46E51FDB-ADA9-86B8-8F6B-E1047BC390C9" vid_target="34D8D7C1-30CF-0C26-AC73-182C14A75269">
<hideElementsInCurrentOnly>false</hideElementsInCurrentOnly>
<backgroundColor>-16777216</backgroundColor>
<lineWidth>1</lineWidth>
<points>
<point x="884" y="299"/>
<point x="986" y="299"/>
</points>
</Connector>
<Connector class="oracle.dbtools.crest.swingui.logical.TVRelation" oid="61989D0D-7CB4-14F0-8D5C-831FAA8B9214" otype="Relation" vid_source="50BB9B5E-243D-10CF-453D-693EB4D4A65D" vid_target="34D8D7C1-30CF-0C26-AC73-182C14A75269">
<hideElementsInCurrentOnly>false</hideElementsInCurrentOnly>
<backgroundColor>-16777216</backgroundColor>
<lineWidth>1</lineWidth>
<points>
<point x="810" y="119"/>
<point x="1058" y="119"/>
<point x="1058" y="229"/>
</points>
</Connector>
<Connector class="oracle.dbtools.crest.swingui.logical.TVRelation" oid="940AD7BE-8066-5617-68FC-0CFC8020C863" otype="Relation" vid_source="CE035AA0-8F56-157C-19E4-FAC27E0AC514" vid_target="B51197B4-AB60-4E0C-2025-CBEDAB7CD9D1">
<hideElementsInCurrentOnly>false</hideElementsInCurrentOnly>
<backgroundColor>-16777216</backgroundColor>
<lineWidth>1</lineWidth>
<points>
<point x="327" y="304"/>
<point x="414" y="304"/>
</points>
</Connector>
<Connector class="oracle.dbtools.crest.swingui.logical.TVInheritanceRelation" oid="C109FEF2-7FBA-82C5-BAF0-50632D6C0EED" otype="Hierarchy relation" vid_source="CE035AA0-8F56-157C-19E4-FAC27E0AC514" vid_target="6707CBA5-1F3E-1B80-0713-4D3BC224BD87">
<hideElementsInCurrentOnly>false</hideElementsInCurrentOnly>
<backgroundColor>-65536</backgroundColor>
<lineWidth>1</lineWidth>
<points>
<point x="171" y="380"/>
<point x="171" y="465"/>
</points>
</Connector>
<Connector class="oracle.dbtools.crest.swingui.logical.TVRelation" oid="DC3BB07F-835F-BC43-47BF-3879B41ED674" otype="Relation" vid_source="50BB9B5E-243D-10CF-453D-693EB4D4A65D" vid_target="72D6C9D9-BF92-64C1-ED14-C5A26FE2881D">
<hideElementsInCurrentOnly>false</hideElementsInCurrentOnly>
<backgroundColor>-16777216</backgroundColor>
<lineWidth>1</lineWidth>
<points>
<point x="618" y="115"/>
<point x="318" y="115"/>
</points>
</Connector>
<Connector class="oracle.dbtools.crest.swingui.logical.TVRelation" oid="E339F886-1D9B-871C-EA20-DF0F99C5A72A" otype="Relation" vid_source="D8C7CF0D-2549-7705-FE99-EB790271BD55" vid_target="F111E78E-D4CD-ACB4-4F54-2EAB3B0851AF">
<hideElementsInCurrentOnly>false</hideElementsInCurrentOnly>
<backgroundColor>-16777216</backgroundColor>
<lineWidth>1</lineWidth>
<points>
<point x="733" y="467"/>
<point x="906" y="467"/>
</points>
</Connector>
<Connector class="oracle.dbtools.crest.swingui.logical.TVRelation" oid="EBD31D06-4A9E-54E1-0190-E67EA769CB67" otype="Relation" vid_source="B51197B4-AB60-4E0C-2025-CBEDAB7CD9D1" vid_target="72D6C9D9-BF92-64C1-ED14-C5A26FE2881D">
<hideElementsInCurrentOnly>false</hideElementsInCurrentOnly>
<backgroundColor>-16777216</backgroundColor>
<lineWidth>1</lineWidth>
<centerLabel class="oracle.dbtools.crest.model.design.Label">
<site>1</site>
<labelBounds x="38" y="0" width="128" height="30"/>
<noBackgroundColor>true</noBackgroundColor>
<noForegroundColor>true</noForegroundColor>
</centerLabel>
<points>
<point x="449" y="237"/>
<point x="449" y="166"/>
<point x="318" y="166"/>
</points>
</Connector>
</connectors>
<arcs>
<Arc class="oracle.dbtools.crest.swingui.logical.TVArc" oid="B7C8E329-FEB1-85C6-3CFA-BB881E6EA18F" otype="Arc" vid="86FF33E2-BB06-9C27-2278-458CA68B4910">
<hideElementsInCurrentOnly>false</hideElementsInCurrentOnly>
<bounds x="108" y="230" width="239" height="170"/>
</Arc>
<Arc class="oracle.dbtools.crest.swingui.logical.TVArc" oid="E0C8A21F-F760-2642-030B-DD96BE722E53" otype="Arc" vid="4686F522-0CA7-EA85-5DD6-E10CD0E4C7D8">
<hideElementsInCurrentOnly>false</hideElementsInCurrentOnly>
<bounds x="966" y="209" width="245" height="171"/>
</Arc>
</arcs>
</Diagram>