<?xml version = '1.0' encoding = 'UTF-8'?>
<Diagram class="oracle.dbtools.crest.swingui.relational.DPVRelational" name="Relational_1" id="B09D29BF-8341-96BB-8DF9-0A4380D19945">
<createdBy>Administrador</createdBy>
<modifiedBy>Administrador</modifiedBy>
<createdTime>2026-02-05 02:57:42 UTC</createdTime>
<autoRoute>false</autoRoute>
<boxInbox>true</boxInbox>
<showLegend>false</showLegend>
<showLabels>false</showLabels>
<showRelAttributes>false</showRelAttributes>
<gridEnabled>false</gridEnabled>
<showGrid>false</showGrid>
<diagramColor>-1</diagramColor>
<display>false</display>
<notation>1</notation>
<objectViews>
<OView class="oracle.dbtools.crest.swingui.relational.TVTable" oid="0CEB0866-63EB-D711-BC16-7F2C42B114E4" otype="Table" vid="7CB8E92B-D5ED-84CB-A73C-E5B25EC6F120">
<hideElementsInCurrentOnly>false</hideElementsInCurrentOnly>
<bounds x="374" y="57" width="174" height="147"/>
</OView>
<OView class="oracle.dbtools.crest.swingui.relational.TVTable" oid="232420EE-8C1D-DECB-B7B1-7FF67A5C5C7D" otype="Table" vid="1EFAAEB4-A520-9FF0-10BD-8E7F7F34BB9B">
<hideElementsInCurrentOnly>false</hideElementsInCurrentOnly>
<bounds x="580" y="435" width="170" height="161"/>
</OView>
<OView class="oracle.dbtools.crest.swingui.relational.TVTable" oid="242E8718-51BD-80C7-7773-4D4587372CC8" otype="Table" vid="8A712800-4679-FB65-B3CA-F0EC4666106E">
<hideElementsInCurrentOnly>false</hideElementsInCurrentOnly>
<bounds x="340" y="413" width="170" height="110"/>
</OView>
<OView class="oracle.dbtools.crest.swingui.relational.TVTable" oid="6EA89610-6E71-3C98-472F-6EA15EACD965" otype="Table" vid="24888022-08A2-00AC-B0D5-DB182630C657">
<hideElementsInCurrentOnly>false</hideElementsInCurrentOnly>
<bounds x="993" y="250" width="170" height="110"/>
</OView>
<OView class="oracle.dbtools.crest.swingui.relational.TVTable" oid="98CAF409-63B3-E9C5-A83C-0BE184C7C42C" otype="Table" vid="9B59A36E-E3CE-1040-D4B1-2E9ABFDDA8D8">
<hideElementsInCurrentOnly>false</hideElementsInCurrentOnly>
<bounds x="14" y="15" width="170" height="110"/>
</OView>
<OView class="oracle.dbtools.crest.swingui.relational.TVTable" oid="A1AA7303-3D39-3CF4-24BC-BF57D4BCFF13" otype="Table" vid="62EF903D-1D0F-1C5A-8B8A-4FF31916D23E">
<hideElementsInCurrentOnly>false</hideElementsInCurrentOnly>
<bounds x="992" y="43" width="170" height="110"/>
</OView>
<OView class="oracle.dbtools.crest.swingui.relational.TVTable" oid="AB93CCD2-9F97-E2F5-9F12-CEF93C5ED55F" otype="Table" vid="438187A1-E291-3DF8-1510-EB60E1AB8729">
<hideElementsInCurrentOnly>false</hideElementsInCurrentOnly>
<bounds x="13" y="456" width="169" height="136"/>
</OView>
<OView class="oracle.dbtools.crest.swingui.relational.TVTable" oid="BAE5CE32-0754-C8FC-466B-AA2E06301A8D" otype="Table" vid="409A5424-3648-B809-9EB3-876E4F1E79C9">
<hideElementsInCurrentOnly>false</hideElementsInCurrentOnly>
<bounds x="776" y="383" width="137" height="49"/>
</OView>
<OView class="oracle.dbtools.crest.swingui.relational.TVTable" oid="BDA1EB6F-4CB7-7618-D21D-548AE64B1457" otype="Table" vid="895C36B6-5F5E-3DA9-6AE2-63E08E3DED0E">
<hideElementsInCurrentOnly>false</hideElementsInCurrentOnly>
<bounds x="52" y="224" width="170" height="109"/>
</OView>
<OView class="oracle.dbtools.crest.swingui.relational.TVTable" oid="C70E4C05-BDBB-E1A7-21C7-91554853C640" otype="Table" vid="BAAFA52A-CB55-DB0E-EB9D-BB1E706B35E5">
<hideElementsInCurrentOnly>false</hideElementsInCurrentOnly>
<bounds x="300" y="257" width="150" height="134"/>
</OView>
<OView class="oracle.dbtools.crest.swingui.relational.TVTable" oid="CA724DAC-BB0D-6AEA-2DD6-4DC279242AC3" otype="Table" vid="033903B1-A679-2121-1387-E44BD5EA1642">
<hideElementsInCurrentOnly>false</hideElementsInCurrentOnly>
<bounds x="994" y="448" width="170" height="110"/>
</OView>
<OView class="oracle.dbtools.crest.swingui.relational.TVTable" oid="CFD589D8-26F6-7531-441B-9C7AE85CFD2B" otype="Table" vid="5BC26BD8-0F9A-CE7F-4024-A3A661A3EE60">
<hideElementsInCurrentOnly>false</hideElementsInCurrentOnly>
<bounds x="735" y="183" width="170" height="169"/>
</OView>
<OView class="oracle.dbtools.crest.swingui.relational.TVTable" oid="D55A7863-91D2-F183-4E15-96FF7DA93722" otype="Table" vid="E8C4B523-9B5C-0DB7-10AB-E8A4345EC041">
<hideElementsInCurrentOnly>false</hideElementsInCurrentOnly>
<bounds x="758" y="0" width="170" height="148"/>
</OView>
<OView class="oracle.dbtools.crest.swingui.relational.TVTable" oid="E287AD96-142D-3FEB-80D1-8B4F397D5C55" otype="Table" vid="8052A293-4249-3F60-3280-B4F0BF474ED2">
<hideElementsInCurrentOnly>false</hideElementsInCurrentOnly>
<bounds x="488" y="255" width="147" height="143"/>
</OView>
</objectViews>
<connectors>
<Connector class="oracle.dbtools.crest.swingui.relational.TVFKRelation" oid="004C7B1C-EB18-4A0E-E10E-7177F88B48E1" otype="FKIndexAssociation" vid_source="62EF903D-1D0F-1C5A-8B8A-4FF31916D23E" vid_target="1EFAAEB4-A520-9FF0-10BD-8E7F7F34BB9B">
<hideElementsInCurrentOnly>false</hideElementsInCurrentOnly>
<backgroundColor>-16777216</backgroundColor>
<lineWidth>1</lineWidth>
<points>
<point x="992" y="125"/>
<point x="965" y="125"/>
<point x="965" y="466"/>
<point x="750" y="466"/>
</points>
</Connector>
<Connector class="oracle.dbtools.crest.swingui.relational.TVFKRelation" oid="40EE3DDF-7833-9AA3-9681-DB61E9126F94" otype="FKIndexAssociation" vid_source="895C36B6-5F5E-3DA9-6AE2-63E08E3DED0E" vid_target="7CB8E92B-D5ED-84CB-A73C-E5B25EC6F120">
<hideElementsInCurrentOnly>false</hideElementsInCurrentOnly>
<backgroundColor>-16777216</backgroundColor>
<lineWidth>1</lineWidth>
<points>
<point x="222" y="309"/>
<point x="260" y="309"/>
<point x="261" y="172"/>
<point x="374" y="172"/>
</points>
</Connector>
<Connector class="oracle.dbtools.crest.swingui.relational.TVFKRelation" oid="4958A1AE-C514-E2F2-68C3-2D11A6314747" otype="FKIndexAssociation" vid_source="1EFAAEB4-A520-9FF0-10BD-8E7F7F34BB9B" vid_target="5BC26BD8-0F9A-CE7F-4024-A3A661A3EE60">
<hideElementsInCurrentOnly>false</hideElementsInCurrentOnly>
<backgroundColor>-16777216</backgroundColor>
<lineWidth>1</lineWidth>
<points>
<point x="747" y="435"/>
<point x="747" y="416"/>
<point x="859" y="416"/>
<point x="859" y="352"/>
</points>
</Connector>
<Connector class="oracle.dbtools.crest.swingui.relational.TVFKRelation" oid="5001B481-8A70-5056-86A9-A3DD9D869595" otype="FKIndexAssociation" vid_source="895C36B6-5F5E-3DA9-6AE2-63E08E3DED0E" vid_target="E8C4B523-9B5C-0DB7-10AB-E8A4345EC041">
<hideElementsInCurrentOnly>false</hideElementsInCurrentOnly>
<backgroundColor>-16777216</backgroundColor>
<lineWidth>1</lineWidth>
<points>
<point x="213" y="224"/>
<point x="213" y="51"/>
<point x="239" y="50"/>
<point x="758" y="50"/>
</points>
</Connector>
<Connector class="oracle.dbtools.crest.swingui.relational.TVFKRelation" oid="5A17CBA6-EF3F-EFE6-59AC-1B5301B08619" otype="FKIndexAssociation" vid_source="033903B1-A679-2121-1387-E44BD5EA1642" vid_target="1EFAAEB4-A520-9FF0-10BD-8E7F7F34BB9B">
<hideElementsInCurrentOnly>false</hideElementsInCurrentOnly>
<backgroundColor>-16777216</backgroundColor>
<lineWidth>1</lineWidth>
<points>
<point x="994" y="503"/>
<point x="750" y="503"/>
</points>
</Connector>
<Connector class="oracle.dbtools.crest.swingui.relational.TVFKRelation" oid="79A2AC88-37EF-FE29-3BC4-D9100ED84D40" otype="FKIndexAssociation" vid_source="7CB8E92B-D5ED-84CB-A73C-E5B25EC6F120" vid_target="8052A293-4249-3F60-3280-B4F0BF474ED2">
<hideElementsInCurrentOnly>false</hideElementsInCurrentOnly>
<backgroundColor>-16777216</backgroundColor>
<lineWidth>1</lineWidth>
<points>
<point x="518" y="204"/>
<point x="518" y="255"/>
</points>
</Connector>
<Connector class="oracle.dbtools.crest.swingui.relational.TVFKRelation" oid="7F434E27-A941-74AF-D432-2953C03998EF" otype="FKIndexAssociation" vid_source="9B59A36E-E3CE-1040-D4B1-2E9ABFDDA8D8" vid_target="895C36B6-5F5E-3DA9-6AE2-63E08E3DED0E">
<hideElementsInCurrentOnly>false</hideElementsInCurrentOnly>
<backgroundColor>-16777216</backgroundColor>
<lineWidth>1</lineWidth>
<points>
<point x="118" y="125"/>
<point x="118" y="224"/>
</points>
</Connector>
<Connector class="oracle.dbtools.crest.swingui.relational.TVFKRelation" oid="8E12D112-F55E-002B-88E9-99E2AEB1CBE1" otype="FKIndexAssociation" vid_source="7CB8E92B-D5ED-84CB-A73C-E5B25EC6F120" vid_target="BAAFA52A-CB55-DB0E-EB9D-BB1E706B35E5">
<hideElementsInCurrentOnly>false</hideElementsInCurrentOnly>
<backgroundColor>-16777216</backgroundColor>
<lineWidth>1</lineWidth>
<points>
<point x="412" y="204"/>
<point x="412" y="257"/>
</points>
</Connector>
<Connector class="oracle.dbtools.crest.swingui.relational.TVFKRelation" oid="924C4640-E588-95CE-D624-2222A9746504" otype="FKIndexAssociation" vid_source="438187A1-E291-3DF8-1510-EB60E1AB8729" vid_target="1EFAAEB4-A520-9FF0-10BD-8E7F7F34BB9B">
<hideElementsInCurrentOnly>false</hideElementsInCurrentOnly>
<backgroundColor>-16777216</backgroundColor>
<lineWidth>1</lineWidth>
<points>
<point x="182" y="539"/>
<point x="580" y="539"/>
</points>
</Connector>
<Connector class="oracle.dbtools.crest.swingui.relational.TVFKRelation" oid="933657CA-53ED-BCF9-8544-8CBA65943BA9" otype="FKIndexAssociation" vid_source="E8C4B523-9B5C-0DB7-10AB-E8A4345EC041" vid_target="5BC26BD8-0F9A-CE7F-4024-A3A661A3EE60">
<hideElementsInCurrentOnly>false</hideElementsInCurrentOnly>
<backgroundColor>-16777216</backgroundColor>
<lineWidth>1</lineWidth>
<points>
<point x="846" y="148"/>
<point x="846" y="183"/>
</points>
</Connector>
<Connector class="oracle.dbtools.crest.swingui.relational.TVFKRelation" oid="935C90D1-1C91-4586-3C57-70FE87C8B815" otype="FKIndexAssociation" vid_source="895C36B6-5F5E-3DA9-6AE2-63E08E3DED0E" vid_target="438187A1-E291-3DF8-1510-EB60E1AB8729">
<hideElementsInCurrentOnly>false</hideElementsInCurrentOnly>
<backgroundColor>-16777216</backgroundColor>
<lineWidth>1</lineWidth>
<points>
<point x="117" y="333"/>
<point x="117" y="456"/>
</points>
</Connector>
<Connector class="oracle.dbtools.crest.swingui.relational.TVFKRelation" oid="B8BB0757-197D-7582-DCCC-741E0F2FDE76" otype="FKIndexAssociation" vid_source="24888022-08A2-00AC-B0D5-DB182630C657" vid_target="033903B1-A679-2121-1387-E44BD5EA1642">
<hideElementsInCurrentOnly>false</hideElementsInCurrentOnly>
<backgroundColor>-16777216</backgroundColor>
<lineWidth>1</lineWidth>
<points>
<point x="1078" y="360"/>
<point x="1078" y="448"/>
</points>
</Connector>
<Connector class="oracle.dbtools.crest.swingui.relational.TVFKRelation" oid="C46EA57D-4A83-188B-E403-EA9AF4384A67" otype="FKIndexAssociation" vid_source="7CB8E92B-D5ED-84CB-A73C-E5B25EC6F120" vid_target="1EFAAEB4-A520-9FF0-10BD-8E7F7F34BB9B">
<hideElementsInCurrentOnly>false</hideElementsInCurrentOnly>
<backgroundColor>-16777216</backgroundColor>
<lineWidth>1</lineWidth>
<points>
<point x="548" y="132"/>
<point x="694" y="132"/>
<point x="694" y="435"/>
</points>
</Connector>
</connectors>
<arcs>
<Arc class="oracle.dbtools.crest.swingui.relational.TVFKArc" oid="5400D5CB-562E-1624-A941-62BA321C2F7E" otype="FKArc" vid="55DF253B-33E9-8B87-E19B-E4C64FB2164C">
<hideElementsInCurrentOnly>false</hideElementsInCurrentOnly>
<bounds x="334" y="17" width="254" height="227"/>
</Arc>
<Arc class="oracle.dbtools.crest.swingui.relational.TVFKArc" oid="7E01C2BE-797E-166C-DCD5-6E4D1CD5A6F8" otype="FKArc" vid="F48675F4-06AD-D952-92E1-BE4A94F77381">
<hideElementsInCurrentOnly>false</hideElementsInCurrentOnly>
<bounds x="354" y="37" width="214" height="187"/>
</Arc>
</arcs>
</Diagram>