<?xml version = '1.0' encoding = 'UTF-8'?>
<Entity class="oracle.dbtools.crest.model.design.logical.Entity" directorySegmentName="seg_0" id="20A25301-53C9-449A-DFC5-C9613155C758" name="CONTRATO">
<createdBy>milenperalta</createdBy>
<createdTime>2026-01-26 21:47:44 UTC</createdTime>
<ownerDesignName>Entrega_semana_3</ownerDesignName>
<engineerTo>
<item key="D5E1D8E7-3F55-C1A3-FB99-C9F5A2C2E6BA" value="true"/>
</engineerTo>
<adequatelyNormalized>NO</adequatelyNormalized>
<expectedVolumes>0</expectedVolumes>
<fwdEngineeringStrategyName>Single Table</fwdEngineeringStrategyName>
<growthPercent>0</growthPercent>
<growthType>Year</growthType>
<maxVolumes>9999999</maxVolumes>
<minVolumes>0</minVolumes>
<normalForm>Third</normalForm>
<attributes itemClass="oracle.dbtools.crest.model.design.logical.Attribute">
<Attribute name="id_contrato" id="6D877C2A-DE94-2573-D06A-C2616A31E883">
<createdBy>milenperalta</createdBy>
<createdTime>2026-01-26 21:47:50 UTC</createdTime>
<ownerDesignName>Entrega_semana_3</ownerDesignName>
<engineerTo>
<item key="D5E1D8E7-3F55-C1A3-FB99-C9F5A2C2E6BA" value="true"/>
</engineerTo>
<use>0</use>
<ownDataTypeParameters>,,</ownDataTypeParameters>
</Attribute>
<Attribute name="fecha_inicio" id="9A96BB4F-CB38-A89B-46E2-ABF4193C4F90">
<createdBy>milenperalta</createdBy>
<createdTime>2026-01-26 21:48:15 UTC</createdTime>
<ownerDesignName>Entrega_semana_3</ownerDesignName>
<engineerTo>
<item key="D5E1D8E7-3F55-C1A3-FB99-C9F5A2C2E6BA" value="true"/>
</engineerTo>
<use>0</use>
<ownDataTypeParameters>,,</ownDataTypeParameters>
</Attribute>
<Attribute name="sucursal" id="A7907291-9569-2A08-12A1-E4F831988974">
<createdBy>milenperalta</createdBy>
<createdTime>2026-01-26 21:48:34 UTC</createdTime>
<ownerDesignName>Entrega_semana_3</ownerDesignName>
<engineerTo>
<item key="D5E1D8E7-3F55-C1A3-FB99-C9F5A2C2E6BA" value="true"/>
</engineerTo>
<nullsAllowed>true</nullsAllowed>
<use>0</use>
<ownDataTypeParameters>,,</ownDataTypeParameters>
</Attribute>
<Attribute name="id_sucursal" id="4CBF9C55-4304-188D-EC72-C3DFC2384B2C">
<createdBy>milenperalta</createdBy>
<createdTime>2026-01-26 21:53:18 UTC</createdTime>
<generatorID>61989D0D-7CB4-14F0-8D5C-831FAA8B9214</generatorID>
<ownerDesignName>Entrega_semana_3</ownerDesignName>
<engineerTo>
<item key="D5E1D8E7-3F55-C1A3-FB99-C9F5A2C2E6BA" value="true"/>
</engineerTo>
<referedAttribute>5C06702F-EB3E-5AD3-2E5C-9F01842EE13D</referedAttribute>
<use>0</use>
<ownDataTypeParameters>,,</ownDataTypeParameters>
</Attribute>
<Attribute name="rut_trabajador" id="A7CF4237-8E0E-35D3-0C6F-8D1FDBEC557C">
<createdBy>milenperalta</createdBy>
<createdTime>2026-01-26 21:53:45 UTC</createdTime>
<generatorID>5CF4A3B2-4DF6-FEAC-DE94-383B317C8433</generatorID>
<ownerDesignName>Entrega_semana_3</ownerDesignName>
<engineerTo>
<item key="D5E1D8E7-3F55-C1A3-FB99-C9F5A2C2E6BA" value="true"/>
</engineerTo>
<referedAttribute>691A3555-7E9A-115A-DB60-1EBD39E9C27E</referedAttribute>
<use>0</use>
<ownDataTypeParameters>,,</ownDataTypeParameters>
</Attribute>
</attributes>
<identifiers itemClass="oracle.dbtools.crest.model.design.logical.CandidateKey">
<identifier id="F21C7C20-AC3E-A3AC-A598-A99ADECB46C2" name="CONTRATO PK">
<createdBy>milenperalta</createdBy>
<createdTime>2026-01-26 21:48:13 UTC</createdTime>
<ownerDesignName>Entrega_semana_3</ownerDesignName>
<engineerTo>
<item key="D5E1D8E7-3F55-C1A3-FB99-C9F5A2C2E6BA" value="true"/>
</engineerTo>
<pk>true</pk>
<usedAttributes>
<attributeRef>6D877C2A-DE94-2573-D06A-C2616A31E883</attributeRef>
</usedAttributes>
</identifier>
</identifiers>
</Entity>