<?xml version = '1.0' encoding = 'UTF-8'?>
<Entity class="oracle.dbtools.crest.model.design.logical.Entity" directorySegmentName="seg_0" id="37735680-8A31-8253-30E4-3D3DF4BA6539" name="SUCURSAL">
<createdBy>milenperalta</createdBy>
<createdTime>2026-01-26 21:38:50 UTC</createdTime>
<ownerDesignName>Entrega_semana_3</ownerDesignName>
<engineerTo>
<item key="D5E1D8E7-3F55-C1A3-FB99-C9F5A2C2E6BA" value="true"/>
</engineerTo>
<adequatelyNormalized>NO</adequatelyNormalized>
<expectedVolumes>0</expectedVolumes>
<fwdEngineeringStrategyName>Single Table</fwdEngineeringStrategyName>
<growthPercent>0</growthPercent>
<growthType>Year</growthType>
<maxVolumes>9999999</maxVolumes>
<minVolumes>0</minVolumes>
<normalForm>Third</normalForm>
<attributes itemClass="oracle.dbtools.crest.model.design.logical.Attribute">
<Attribute name="id_sucursal" id="5C06702F-EB3E-5AD3-2E5C-9F01842EE13D">
<createdBy>milenperalta</createdBy>
<createdTime>2026-01-26 21:38:56 UTC</createdTime>
<ownerDesignName>Entrega_semana_3</ownerDesignName>
<engineerTo>
<item key="D5E1D8E7-3F55-C1A3-FB99-C9F5A2C2E6BA" value="true"/>
</engineerTo>
<use>0</use>
<ownDataTypeParameters>,,</ownDataTypeParameters>
</Attribute>
<Attribute name="nombre" id="EDC221DA-4DCE-A5C6-F0F8-80B3F235077C">
<createdBy>milenperalta</createdBy>
<createdTime>2026-01-26 21:39:41 UTC</createdTime>
<ownerDesignName>Entrega_semana_3</ownerDesignName>
<engineerTo>
<item key="D5E1D8E7-3F55-C1A3-FB99-C9F5A2C2E6BA" value="true"/>
</engineerTo>
<use>0</use>
<ownDataTypeParameters>,,</ownDataTypeParameters>
</Attribute>
<Attribute name="dirección" id="5FB02385-D670-9EDD-9B58-EC5D8E0A6879">
<createdBy>milenperalta</createdBy>
<createdTime>2026-01-26 21:40:31 UTC</createdTime>
<ownerDesignName>Entrega_semana_3</ownerDesignName>
<engineerTo>
<item key="D5E1D8E7-3F55-C1A3-FB99-C9F5A2C2E6BA" value="true"/>
</engineerTo>
<use>0</use>
<ownDataTypeParameters>,,</ownDataTypeParameters>
</Attribute>
<Attribute name="comuna" id="E362ABD4-5BB0-6E9B-AE6C-64CCE7FFED80">
<createdBy>milenperalta</createdBy>
<createdTime>2026-01-26 21:40:39 UTC</createdTime>
<ownerDesignName>Entrega_semana_3</ownerDesignName>
<engineerTo>
<item key="D5E1D8E7-3F55-C1A3-FB99-C9F5A2C2E6BA" value="true"/>
</engineerTo>
<use>0</use>
<ownDataTypeParameters>,,</ownDataTypeParameters>
</Attribute>
</attributes>
<identifiers itemClass="oracle.dbtools.crest.model.design.logical.CandidateKey">
<identifier id="72648FB0-FA06-2313-3BCC-BC72A209AE52" name="SUCURSAL PK">
<createdBy>milenperalta</createdBy>
<createdTime>2026-01-26 21:39:01 UTC</createdTime>
<ownerDesignName>Entrega_semana_3</ownerDesignName>
<engineerTo>
<item key="D5E1D8E7-3F55-C1A3-FB99-C9F5A2C2E6BA" value="true"/>
</engineerTo>
<pk>true</pk>
<usedAttributes>
<attributeRef>5C06702F-EB3E-5AD3-2E5C-9F01842EE13D</attributeRef>
</usedAttributes>
</identifier>
</identifiers>
</Entity>