<?xml version = '1.0' encoding = 'UTF-8'?>
<Entity class="oracle.dbtools.crest.model.design.logical.Entity" directorySegmentName="seg_0" id="3E0A5A7D-716E-9FC1-0500-5B5D078FD527" name="BOLETA">
<createdBy>milenperalta</createdBy>
<createdTime>2026-01-26 21:44:51 UTC</createdTime>
<ownerDesignName>Entrega_semana_3</ownerDesignName>
<engineerTo>
<item key="D5E1D8E7-3F55-C1A3-FB99-C9F5A2C2E6BA" value="true"/>
</engineerTo>
<adequatelyNormalized>NO</adequatelyNormalized>
<expectedVolumes>0</expectedVolumes>
<fwdEngineeringStrategyName>Single Table</fwdEngineeringStrategyName>
<growthPercent>0</growthPercent>
<growthType>Year</growthType>
<maxVolumes>9999999</maxVolumes>
<minVolumes>0</minVolumes>
<normalForm>Third</normalForm>
<attributes itemClass="oracle.dbtools.crest.model.design.logical.Attribute">
<Attribute name="numero_boleta" id="A2B6B119-8477-910A-8E7B-E2AD690E9798">
<createdBy>milenperalta</createdBy>
<createdTime>2026-01-26 21:44:57 UTC</createdTime>
<ownerDesignName>Entrega_semana_3</ownerDesignName>
<engineerTo>
<item key="D5E1D8E7-3F55-C1A3-FB99-C9F5A2C2E6BA" value="true"/>
</engineerTo>
<use>0</use>
<ownDataTypeParameters>,,</ownDataTypeParameters>
</Attribute>
<Attribute name="fecha_boleta" id="4D082C21-F415-8D1A-F779-461750E963FE">
<createdBy>milenperalta</createdBy>
<createdTime>2026-01-26 21:45:02 UTC</createdTime>
<ownerDesignName>Entrega_semana_3</ownerDesignName>
<engineerTo>
<item key="D5E1D8E7-3F55-C1A3-FB99-C9F5A2C2E6BA" value="true"/>
</engineerTo>
<use>0</use>
<ownDataTypeParameters>,,</ownDataTypeParameters>
</Attribute>
<Attribute name="monto_total" id="C12BF1F3-C66D-2B46-D142-47941C5F9108">
<createdBy>milenperalta</createdBy>
<createdTime>2026-01-26 21:45:09 UTC</createdTime>
<ownerDesignName>Entrega_semana_3</ownerDesignName>
<engineerTo>
<item key="D5E1D8E7-3F55-C1A3-FB99-C9F5A2C2E6BA" value="true"/>
</engineerTo>
<use>0</use>
<ownDataTypeParameters>,,</ownDataTypeParameters>
</Attribute>
<Attribute name="rut_trabajador" id="E419624C-57BC-1933-0006-31897B3AB0CE">
<createdBy>milenperalta</createdBy>
<createdTime>2026-01-26 21:55:29 UTC</createdTime>
<generatorID>1326AC18-5609-26AC-D7C4-433032D7892C</generatorID>
<ownerDesignName>Entrega_semana_3</ownerDesignName>
<engineerTo>
<item key="D5E1D8E7-3F55-C1A3-FB99-C9F5A2C2E6BA" value="true"/>
</engineerTo>
<referedAttribute>691A3555-7E9A-115A-DB60-1EBD39E9C27E</referedAttribute>
<use>0</use>
<ownDataTypeParameters>,,</ownDataTypeParameters>
</Attribute>
<Attribute name="id_cliente" id="47B662EE-20DD-1D0E-9959-A410F1114CAD">
<createdBy>milenperalta</createdBy>
<createdTime>2026-01-26 22:31:29 UTC</createdTime>
<generatorID>940AD7BE-8066-5617-68FC-0CFC8020C863</generatorID>
<ownerDesignName>Entrega_semana_3</ownerDesignName>
<engineerTo>
<item key="D5E1D8E7-3F55-C1A3-FB99-C9F5A2C2E6BA" value="true"/>
</engineerTo>
<referedAttribute>61B9C969-3FCD-C181-5DB1-F439FC71120F</referedAttribute>
<use>0</use>
<ownDataTypeParameters>,,</ownDataTypeParameters>
</Attribute>
</attributes>
<identifiers itemClass="oracle.dbtools.crest.model.design.logical.CandidateKey">
<identifier id="BA3833FF-09B1-2B4A-E93E-5960B945EB8E" name="BOLETA PK">
<createdBy>milenperalta</createdBy>
<createdTime>2026-01-26 21:45:01 UTC</createdTime>
<ownerDesignName>Entrega_semana_3</ownerDesignName>
<engineerTo>
<item key="D5E1D8E7-3F55-C1A3-FB99-C9F5A2C2E6BA" value="true"/>
</engineerTo>
<pk>true</pk>
<usedAttributes>
<attributeRef>A2B6B119-8477-910A-8E7B-E2AD690E9798</attributeRef>
</usedAttributes>
</identifier>
</identifiers>
</Entity>