<?xml version = '1.0' encoding = 'UTF-8'?>
<Entity class="oracle.dbtools.crest.model.design.logical.Entity" directorySegmentName="seg_0" id="453C6D9C-2E64-0134-3F47-262500616443" name="CLIENTE">
<createdBy>milenperalta</createdBy>
<createdTime>2026-01-26 21:42:18 UTC</createdTime>
<ownerDesignName>Entrega_semana_3</ownerDesignName>
<engineerTo>
<item key="D5E1D8E7-3F55-C1A3-FB99-C9F5A2C2E6BA" value="true"/>
</engineerTo>
<adequatelyNormalized>NO</adequatelyNormalized>
<expectedVolumes>0</expectedVolumes>
<fwdEngineeringStrategyName>Single Table</fwdEngineeringStrategyName>
<growthPercent>0</growthPercent>
<growthType>Year</growthType>
<maxVolumes>9999999</maxVolumes>
<minVolumes>0</minVolumes>
<normalForm>Third</normalForm>
<attributes itemClass="oracle.dbtools.crest.model.design.logical.Attribute">
<Attribute name="id_cliente" id="61B9C969-3FCD-C181-5DB1-F439FC71120F">
<createdBy>milenperalta</createdBy>
<createdTime>2026-01-26 21:42:23 UTC</createdTime>
<ownerDesignName>Entrega_semana_3</ownerDesignName>
<engineerTo>
<item key="D5E1D8E7-3F55-C1A3-FB99-C9F5A2C2E6BA" value="true"/>
</engineerTo>
<use>0</use>
<ownDataTypeParameters>,,</ownDataTypeParameters>
</Attribute>
<Attribute name="nombre" id="70D171BD-2DF3-40B2-DD8D-C89551AA2D06">
<createdBy>milenperalta</createdBy>
<createdTime>2026-01-26 21:42:28 UTC</createdTime>
<ownerDesignName>Entrega_semana_3</ownerDesignName>
<engineerTo>
<item key="D5E1D8E7-3F55-C1A3-FB99-C9F5A2C2E6BA" value="true"/>
</engineerTo>
<use>0</use>
<ownDataTypeParameters>,,</ownDataTypeParameters>
</Attribute>
<Attribute name="rut" id="B9ED6D35-2C9F-65B4-8657-BE20C33F0897">
<createdBy>milenperalta</createdBy>
<createdTime>2026-01-26 21:42:31 UTC</createdTime>
<ownerDesignName>Entrega_semana_3</ownerDesignName>
<engineerTo>
<item key="D5E1D8E7-3F55-C1A3-FB99-C9F5A2C2E6BA" value="true"/>
</engineerTo>
<use>0</use>
<ownDataTypeParameters>,,</ownDataTypeParameters>
</Attribute>
<Attribute name="puntos_acumulados" id="DAF5B9E2-062A-307E-BBD6-5A99B5C73518">
<createdBy>milenperalta</createdBy>
<createdTime>2026-01-26 21:42:35 UTC</createdTime>
<ownerDesignName>Entrega_semana_3</ownerDesignName>
<engineerTo>
<item key="D5E1D8E7-3F55-C1A3-FB99-C9F5A2C2E6BA" value="true"/>
</engineerTo>
<use>0</use>
<ownDataTypeParameters>,,</ownDataTypeParameters>
</Attribute>
</attributes>
<identifiers itemClass="oracle.dbtools.crest.model.design.logical.CandidateKey">
<identifier id="0E76A066-0203-DDEB-139B-0EDEA0F9346A" name="CLIENTE PK">
<createdBy>milenperalta</createdBy>
<createdTime>2026-01-26 21:42:26 UTC</createdTime>
<ownerDesignName>Entrega_semana_3</ownerDesignName>
<engineerTo>
<item key="D5E1D8E7-3F55-C1A3-FB99-C9F5A2C2E6BA" value="true"/>
</engineerTo>
<pk>true</pk>
<usedAttributes>
<attributeRef>61B9C969-3FCD-C181-5DB1-F439FC71120F</attributeRef>
</usedAttributes>
</identifier>
</identifiers>
</Entity>