<?xml version = '1.0' encoding = 'UTF-8'?>
<Entity class="oracle.dbtools.crest.model.design.logical.Entity" directorySegmentName="seg_0" id="8736ED48-8E42-1A94-0BC9-4533EE245916" name="TRABAJADOR">
<createdBy>milenperalta</createdBy>
<createdTime>2026-01-26 21:46:20 UTC</createdTime>
<ownerDesignName>Entrega_semana_3</ownerDesignName>
<engineerTo>
<item key="D5E1D8E7-3F55-C1A3-FB99-C9F5A2C2E6BA" value="true"/>
</engineerTo>
<adequatelyNormalized>NO</adequatelyNormalized>
<expectedVolumes>0</expectedVolumes>
<fwdEngineeringStrategyName>Single Table</fwdEngineeringStrategyName>
<growthPercent>0</growthPercent>
<growthType>Year</growthType>
<maxVolumes>9999999</maxVolumes>
<minVolumes>0</minVolumes>
<normalForm>Third</normalForm>
<attributes itemClass="oracle.dbtools.crest.model.design.logical.Attribute">
<Attribute name="rut_trabajador" id="691A3555-7E9A-115A-DB60-1EBD39E9C27E">
<createdBy>milenperalta</createdBy>
<createdTime>2026-01-26 21:46:31 UTC</createdTime>
<ownerDesignName>Entrega_semana_3</ownerDesignName>
<engineerTo>
<item key="D5E1D8E7-3F55-C1A3-FB99-C9F5A2C2E6BA" value="true"/>
</engineerTo>
<use>0</use>
<ownDataTypeParameters>,,</ownDataTypeParameters>
</Attribute>
<Attribute name="nombre" id="71C906DD-BAAD-E648-4216-55BA048AB8F6">
<createdBy>milenperalta</createdBy>
<createdTime>2026-01-26 21:46:41 UTC</createdTime>
<ownerDesignName>Entrega_semana_3</ownerDesignName>
<engineerTo>
<item key="D5E1D8E7-3F55-C1A3-FB99-C9F5A2C2E6BA" value="true"/>
</engineerTo>
<use>0</use>
<ownDataTypeParameters>,,</ownDataTypeParameters>
</Attribute>
<Attribute name="fecha_nacimiento" id="A074A9DC-B015-46FF-9185-C3A9AEB0BC6C">
<createdBy>milenperalta</createdBy>
<createdTime>2026-01-26 21:46:47 UTC</createdTime>
<ownerDesignName>Entrega_semana_3</ownerDesignName>
<engineerTo>
<item key="D5E1D8E7-3F55-C1A3-FB99-C9F5A2C2E6BA" value="true"/>
</engineerTo>
<use>0</use>
<ownDataTypeParameters>,,</ownDataTypeParameters>
</Attribute>
</attributes>
<identifiers itemClass="oracle.dbtools.crest.model.design.logical.CandidateKey">
<identifier id="E4DC93B1-2B91-BEFD-C636-004F7EF0C60E" name="TRABAJADOR PK">
<createdBy>milenperalta</createdBy>
<createdTime>2026-01-26 21:46:39 UTC</createdTime>
<ownerDesignName>Entrega_semana_3</ownerDesignName>
<engineerTo>
<item key="D5E1D8E7-3F55-C1A3-FB99-C9F5A2C2E6BA" value="true"/>
</engineerTo>
<pk>true</pk>
<usedAttributes>
<attributeRef>691A3555-7E9A-115A-DB60-1EBD39E9C27E</attributeRef>
</usedAttributes>
</identifier>
</identifiers>
</Entity>