<?xml version = '1.0' encoding = 'UTF-8'?>
<Entity class="oracle.dbtools.crest.model.design.logical.Entity" directorySegmentName="seg_0" id="C7D36E13-A714-C4ED-EB3F-CE4AD46DE549" name="PRODUCTO">
<createdBy>milenperalta</createdBy>
<createdTime>2026-01-26 21:41:31 UTC</createdTime>
<ownerDesignName>Entrega_semana_3</ownerDesignName>
<engineerTo>
<item key="D5E1D8E7-3F55-C1A3-FB99-C9F5A2C2E6BA" value="true"/>
</engineerTo>
<adequatelyNormalized>NO</adequatelyNormalized>
<expectedVolumes>0</expectedVolumes>
<fwdEngineeringStrategyName>Single Table</fwdEngineeringStrategyName>
<growthPercent>0</growthPercent>
<growthType>Year</growthType>
<maxVolumes>9999999</maxVolumes>
<minVolumes>0</minVolumes>
<normalForm>Third</normalForm>
<attributes itemClass="oracle.dbtools.crest.model.design.logical.Attribute">
<Attribute name="codigo_producto" id="50C3ACC2-4CB1-CBA7-112B-C469FD776CEF">
<createdBy>milenperalta</createdBy>
<createdTime>2026-01-26 21:41:36 UTC</createdTime>
<ownerDesignName>Entrega_semana_3</ownerDesignName>
<engineerTo>
<item key="D5E1D8E7-3F55-C1A3-FB99-C9F5A2C2E6BA" value="true"/>
</engineerTo>
<use>0</use>
<ownDataTypeParameters>,,</ownDataTypeParameters>
</Attribute>
<Attribute name="descripcion" id="5FA433B4-BE2F-0BE1-CF0B-83C2FD5E02AD">
<createdBy>milenperalta</createdBy>
<createdTime>2026-01-26 21:41:45 UTC</createdTime>
<ownerDesignName>Entrega_semana_3</ownerDesignName>
<engineerTo>
<item key="D5E1D8E7-3F55-C1A3-FB99-C9F5A2C2E6BA" value="true"/>
</engineerTo>
<use>0</use>
<ownDataTypeParameters>,,</ownDataTypeParameters>
</Attribute>
<Attribute name="precio" id="7CA7516A-6266-DE28-3EEF-BF7450318A74">
<createdBy>milenperalta</createdBy>
<createdTime>2026-01-26 21:41:54 UTC</createdTime>
<ownerDesignName>Entrega_semana_3</ownerDesignName>
<engineerTo>
<item key="D5E1D8E7-3F55-C1A3-FB99-C9F5A2C2E6BA" value="true"/>
</engineerTo>
<use>0</use>
<ownDataTypeParameters>,,</ownDataTypeParameters>
</Attribute>
<Attribute name="marca" id="19C35AB6-0282-AD56-9108-509D789646D5">
<createdBy>milenperalta</createdBy>
<createdTime>2026-01-26 21:42:04 UTC</createdTime>
<ownerDesignName>Entrega_semana_3</ownerDesignName>
<engineerTo>
<item key="D5E1D8E7-3F55-C1A3-FB99-C9F5A2C2E6BA" value="true"/>
</engineerTo>
<use>0</use>
<ownDataTypeParameters>,,</ownDataTypeParameters>
</Attribute>
<Attribute name="stock" id="1BD3F06D-B7D9-CF4B-B4A4-924075B43F66">
<createdBy>milenperalta</createdBy>
<createdTime>2026-01-26 21:42:08 UTC</createdTime>
<ownerDesignName>Entrega_semana_3</ownerDesignName>
<engineerTo>
<item key="D5E1D8E7-3F55-C1A3-FB99-C9F5A2C2E6BA" value="true"/>
</engineerTo>
<use>0</use>
<ownDataTypeParameters>,,</ownDataTypeParameters>
</Attribute>
<Attribute name="id_sucursal" id="1ED5EFB2-6AAA-7328-6CF2-94FDC88AB667">
<createdBy>milenperalta</createdBy>
<createdTime>2026-01-26 21:53:00 UTC</createdTime>
<generatorID>DC3BB07F-835F-BC43-47BF-3879B41ED674</generatorID>
<ownerDesignName>Entrega_semana_3</ownerDesignName>
<engineerTo>
<item key="D5E1D8E7-3F55-C1A3-FB99-C9F5A2C2E6BA" value="true"/>
</engineerTo>
<referedAttribute>5C06702F-EB3E-5AD3-2E5C-9F01842EE13D</referedAttribute>
<use>0</use>
<ownDataTypeParameters>,,</ownDataTypeParameters>
</Attribute>
</attributes>
<identifiers itemClass="oracle.dbtools.crest.model.design.logical.CandidateKey">
<identifier id="AB15E49B-2273-BF5F-B0F9-F17EA72B48B6" name="PRODUCTO PK">
<createdBy>milenperalta</createdBy>
<createdTime>2026-01-26 21:41:44 UTC</createdTime>
<ownerDesignName>Entrega_semana_3</ownerDesignName>
<engineerTo>
<item key="D5E1D8E7-3F55-C1A3-FB99-C9F5A2C2E6BA" value="true"/>
</engineerTo>
<pk>true</pk>
<usedAttributes>
<attributeRef>50C3ACC2-4CB1-CBA7-112B-C469FD776CEF</attributeRef>
</usedAttributes>
</identifier>
</identifiers>
</Entity>