<?xml version = '1.0' encoding = 'UTF-8'?>
<Entity class="oracle.dbtools.crest.model.design.logical.Entity" directorySegmentName="seg_0" id="E6BE9CD7-5440-2C4C-3236-917C329A8AE4" name="CLIENTE VIP">
<createdBy>milenperalta</createdBy>
<createdTime>2026-01-26 21:42:50 UTC</createdTime>
<ownerDesignName>Entrega_semana_3</ownerDesignName>
<engineerTo>
<item key="D5E1D8E7-3F55-C1A3-FB99-C9F5A2C2E6BA" value="true"/>
</engineerTo>
<adequatelyNormalized>NO</adequatelyNormalized>
<expectedVolumes>0</expectedVolumes>
<fwdEngineeringStrategyName>Single Table</fwdEngineeringStrategyName>
<growthPercent>0</growthPercent>
<growthType>Year</growthType>
<hierarchicalParent>453C6D9C-2E64-0134-3F47-262500616443</hierarchicalParent>
<maxVolumes>9999999</maxVolumes>
<minVolumes>0</minVolumes>
<normalForm>Third</normalForm>
<attributes itemClass="oracle.dbtools.crest.model.design.logical.Attribute">
<Attribute name="porcentaje_descuento" id="AB70519C-8404-0ED5-5B1E-67D1C330C45E">
<createdBy>milenperalta</createdBy>
<createdTime>2026-01-26 21:43:07 UTC</createdTime>
<ownerDesignName>Entrega_semana_3</ownerDesignName>
<engineerTo>
<item key="D5E1D8E7-3F55-C1A3-FB99-C9F5A2C2E6BA" value="true"/>
</engineerTo>
<use>0</use>
<ownDataTypeParameters>,,</ownDataTypeParameters>
</Attribute>
</attributes>
</Entity>