<?xml version = '1.0' encoding = 'UTF-8'?>
<Relation class="oracle.dbtools.crest.model.design.logical.InheritanceRelation" name="Hierarchy_3" directorySegmentName="seg_0" id="49D3DF33-FBBD-0AA4-B27E-38770F0C2421">
<createdBy>milenperalta</createdBy>
<createdTime>2026-01-26 21:49:42 UTC</createdTime>
<ownerDesignName>Entrega_semana_3</ownerDesignName>
<engineerTo>
<item key="D5E1D8E7-3F55-C1A3-FB99-C9F5A2C2E6BA" value="true"/>
</engineerTo>
<arc>E0C8A21F-F760-2642-030B-DD96BE722E53</arc>
<identifying>false</identifying>
<nameOnSource>Super Type</nameOnSource>
<nameOnTarget>Sub Type</nameOnTarget>
<optionalSource>true</optionalSource>
<optionalTarget>true</optionalTarget>
<sourceEntity>20A25301-53C9-449A-DFC5-C9613155C758</sourceEntity>
<targetEntity>6F3D948E-54A5-EEB9-0331-2580B4F3D5F7</targetEntity>
<transferable>true</transferable>
<deleteRule>NO ACTION</deleteRule>
</Relation>