<?xml version = '1.0' encoding = 'UTF-8'?>
<Relation class="oracle.dbtools.crest.model.design.logical.InheritanceRelation" name="Hierarchy_1" directorySegmentName="seg_0" id="C109FEF2-7FBA-82C5-BAF0-50632D6C0EED">
<createdBy>milenperalta</createdBy>
<createdTime>2026-01-26 21:43:38 UTC</createdTime>
<ownerDesignName>Entrega_semana_3</ownerDesignName>
<engineerTo>
<item key="D5E1D8E7-3F55-C1A3-FB99-C9F5A2C2E6BA" value="true"/>
</engineerTo>
<arc>B7C8E329-FEB1-85C6-3CFA-BB881E6EA18F</arc>
<identifying>false</identifying>
<nameOnSource>Super Type</nameOnSource>
<nameOnTarget>Sub Type</nameOnTarget>
<optionalSource>true</optionalSource>
<optionalTarget>true</optionalTarget>
<sourceEntity>453C6D9C-2E64-0134-3F47-262500616443</sourceEntity>
<targetEntity>2C30483A-83FC-4F0C-F830-BF1971AB4B28</targetEntity>
<transferable>true</transferable>
<deleteRule>NO ACTION</deleteRule>
</Relation>