<?xml version = '1.0' encoding = 'UTF-8'?>
<Relation class="oracle.dbtools.crest.model.design.logical.Relation" name="Relation_6" directorySegmentName="seg_0" id="7810083D-E91A-B803-8A94-C58154E0A51E">
<createdBy>milenperalta</createdBy>
<createdTime>2026-01-13 02:16:22 UTC</createdTime>
<ownerDesignName>Semana1</ownerDesignName>
<engineerTo>
<item key="2DBD2206-8F03-AEE2-727B-B2BBB856A28A" value="true"/>
</engineerTo>
<sourcePk>FDE68B78-4320-8FA0-AA9B-9587C76D5634</sourcePk>
<identifying>false</identifying>
<optionalSource>false</optionalSource>
<optionalTarget>false</optionalTarget>
<sourceCardinality>1</sourceCardinality>
<sourceEntity>B344CE25-9A0E-8560-C352-B07545F1C33A</sourceEntity>
<targetCardinalityString>*</targetCardinalityString>
<targetEntity>15511C52-E374-0413-74A6-18002D4F096E</targetEntity>
<transferable>true</transferable>
<deleteRule>NO ACTION</deleteRule>
</Relation>
