<?xml version = '1.0' encoding = 'UTF-8'?>
<Relation class="oracle.dbtools.crest.model.design.logical.Relation" name="Relation_8" directorySegmentName="seg_0" id="A26332B4-8722-74E0-4278-2C80BF4B2476">
<createdBy>milenperalta</createdBy>
<createdTime>2026-01-13 02:16:35 UTC</createdTime>
<ownerDesignName>Semana1</ownerDesignName>
<engineerTo>
<item key="2DBD2206-8F03-AEE2-727B-B2BBB856A28A" value="true"/>
</engineerTo>
<sourcePk>B8D44854-E2B7-FAD5-EC90-59E89E913E98</sourcePk>
<identifying>false</identifying>
<optionalSource>false</optionalSource>
<optionalTarget>false</optionalTarget>
<sourceCardinality>1</sourceCardinality>
<sourceEntity>A02ECC14-879A-85F6-7384-1282DBAE652D</sourceEntity>
<targetCardinalityString>*</targetCardinalityString>
<targetEntity>15511C52-E374-0413-74A6-18002D4F096E</targetEntity>
<transferable>true</transferable>
<deleteRule>NO ACTION</deleteRule>
</Relation>
