<?xml version = '1.0' encoding = 'UTF-8'?>
<Relation class="oracle.dbtools.crest.model.design.logical.Relation" name="Relation_7" directorySegmentName="seg_0" id="E4B9740A-1CCA-147D-A3C0-683829D4A5E2">
<createdBy>milenperalta</createdBy>
<createdTime>2026-01-13 02:16:30 UTC</createdTime>
<ownerDesignName>Semana1</ownerDesignName>
<engineerTo>
<item key="2DBD2206-8F03-AEE2-727B-B2BBB856A28A" value="true"/>
</engineerTo>
<sourcePk>185042E9-536D-5DAA-4E38-AA9D76F8BA72</sourcePk>
<identifying>false</identifying>
<optionalSource>false</optionalSource>
<optionalTarget>false</optionalTarget>
<sourceCardinality>1</sourceCardinality>
<sourceEntity>D444A9F3-7CAF-66DF-1327-E56692CD5DDB</sourceEntity>
<targetCardinalityString>*</targetCardinalityString>
<targetEntity>15511C52-E374-0413-74A6-18002D4F096E</targetEntity>
<transferable>true</transferable>
<deleteRule>NO ACTION</deleteRule>
</Relation>
