<?xml version = '1.0' encoding = 'UTF-8'?>
<Table class="oracle.dbtools.crest.model.design.relational.Table" directorySegmentName="seg_0" id="038525D8-0F69-497D-3818-EEFAA97F711A" name="SUCURSAL">
<createdBy>milenperalta</createdBy>
<createdTime>2026-01-26 22:51:14 UTC</createdTime>
<generatorID>37735680-8A31-8253-30E4-3D3DF4BA6539</generatorID>
<ownerDesignName>Entrega_semana_3</ownerDesignName>
<allowColumnReorder>false</allowColumnReorder>
<existDependencyGenerateInDDl>true</existDependencyGenerateInDDl>
<parsed>true</parsed>
<columns itemClass="oracle.dbtools.crest.model.design.relational.Column">
<Column name="id_sucursal" id="2B9A95E2-3ED4-4AE2-C9B3-1963E63254C9">
<createdBy>milenperalta</createdBy>
<createdTime>2026-01-26 22:51:14 UTC</createdTime>
<generatorID>5C06702F-EB3E-5AD3-2E5C-9F01842EE13D</generatorID>
<ownerDesignName>Entrega_semana_3</ownerDesignName>
<use>0</use>
<ownDataTypeParameters>,,</ownDataTypeParameters>
<autoIncrementCycle>false</autoIncrementCycle>
</Column>
<Column name="nombre" id="7C129ACE-740F-54BD-47CE-D026E644FB5A">
<createdBy>milenperalta</createdBy>
<createdTime>2026-01-26 22:51:14 UTC</createdTime>
<generatorID>EDC221DA-4DCE-A5C6-F0F8-80B3F235077C</generatorID>
<ownerDesignName>Entrega_semana_3</ownerDesignName>
<use>0</use>
<ownDataTypeParameters>,,</ownDataTypeParameters>
<autoIncrementCycle>false</autoIncrementCycle>
</Column>
<Column name="dirección" id="7B24634E-FB13-C0D0-8D55-AE71660289E0">
<createdBy>milenperalta</createdBy>
<createdTime>2026-01-26 22:51:14 UTC</createdTime>
<generatorID>5FB02385-D670-9EDD-9B58-EC5D8E0A6879</generatorID>
<ownerDesignName>Entrega_semana_3</ownerDesignName>
<use>0</use>
<ownDataTypeParameters>,,</ownDataTypeParameters>
<autoIncrementCycle>false</autoIncrementCycle>
</Column>
<Column name="comuna" id="D4CE3298-EF4B-67F2-DFDC-5B2A6BFD2CFC">
<createdBy>milenperalta</createdBy>
<createdTime>2026-01-26 22:51:14 UTC</createdTime>
<generatorID>E362ABD4-5BB0-6E9B-AE6C-64CCE7FFED80</generatorID>
<ownerDesignName>Entrega_semana_3</ownerDesignName>
<use>0</use>
<ownDataTypeParameters>,,</ownDataTypeParameters>
<autoIncrementCycle>false</autoIncrementCycle>
</Column>
</columns>
<indexes itemClass="oracle.dbtools.crest.model.design.relational.Index">
<ind_PK_UK id="A9B500B9-42C6-42C6-2CEB-6083E62F94D0" name="SUCURSAL_PK">
<createdBy>milenperalta</createdBy>
<createdTime>2026-01-26 22:51:14 UTC</createdTime>
<generatorID>72648FB0-FA06-2313-3BCC-BC72A209AE52</generatorID>
<ownerDesignName>Entrega_semana_3</ownerDesignName>
<pk>true</pk>
<indexState>Primary Constraint</indexState>
<isSurrogateKey>false</isSurrogateKey>
<indexColumnUsage>
<colUsage columnID="2B9A95E2-3ED4-4AE2-C9B3-1963E63254C9"/>
</indexColumnUsage>
</ind_PK_UK>
<ind_PK_UK id="94285B6B-0E21-E9ED-F6F3-9DE962AF6947" name="SUCURSAL_nombre_UN">
<createdBy>milenperalta</createdBy>
<createdTime>2026-01-26 22:51:14 UTC</createdTime>
<generatorID>F06615BC-BDC0-CACB-1644-804B69CD0CED</generatorID>
<ownerDesignName>Entrega_semana_3</ownerDesignName>
<indexState>Unique Constraint</indexState>
<isSurrogateKey>false</isSurrogateKey>
<indexColumnUsage>
<colUsage columnID="7C129ACE-740F-54BD-47CE-D026E644FB5A"/>
</indexColumnUsage>
</ind_PK_UK>
</indexes>
</Table>