<?xml version = '1.0' encoding = 'UTF-8'?>
<Table class="oracle.dbtools.crest.model.design.relational.Table" directorySegmentName="seg_0" id="1B141E9C-8556-2EF2-2C9E-BBBBF6E39987" name="PRODUCTO">
<createdBy>milenperalta</createdBy>
<createdTime>2026-01-26 22:51:14 UTC</createdTime>
<generatorID>C7D36E13-A714-C4ED-EB3F-CE4AD46DE549</generatorID>
<ownerDesignName>Entrega_semana_3</ownerDesignName>
<allowColumnReorder>false</allowColumnReorder>
<existDependencyGenerateInDDl>true</existDependencyGenerateInDDl>
<parsed>true</parsed>
<columns itemClass="oracle.dbtools.crest.model.design.relational.Column">
<Column name="codigo_producto" id="00EABCCE-38B0-E67E-FEBA-CAED3F1C9C0A">
<createdBy>milenperalta</createdBy>
<createdTime>2026-01-26 22:51:14 UTC</createdTime>
<generatorID>50C3ACC2-4CB1-CBA7-112B-C469FD776CEF</generatorID>
<ownerDesignName>Entrega_semana_3</ownerDesignName>
<use>0</use>
<ownDataTypeParameters>,,</ownDataTypeParameters>
<autoIncrementCycle>false</autoIncrementCycle>
</Column>
<Column name="descripcion" id="487B19F8-2622-B00D-F71F-D207E0F7019D">
<createdBy>milenperalta</createdBy>
<createdTime>2026-01-26 22:51:14 UTC</createdTime>
<generatorID>5FA433B4-BE2F-0BE1-CF0B-83C2FD5E02AD</generatorID>
<ownerDesignName>Entrega_semana_3</ownerDesignName>
<use>0</use>
<ownDataTypeParameters>,,</ownDataTypeParameters>
<autoIncrementCycle>false</autoIncrementCycle>
</Column>
<Column name="precio" id="E7FFD7C6-CDA4-76C9-96AB-B98016305255">
<createdBy>milenperalta</createdBy>
<createdTime>2026-01-26 22:51:14 UTC</createdTime>
<generatorID>7CA7516A-6266-DE28-3EEF-BF7450318A74</generatorID>
<ownerDesignName>Entrega_semana_3</ownerDesignName>
<use>0</use>
<ownDataTypeParameters>,,</ownDataTypeParameters>
<autoIncrementCycle>false</autoIncrementCycle>
</Column>
<Column name="marca" id="6C915B70-8B52-6885-EADF-A9906D320610">
<createdBy>milenperalta</createdBy>
<createdTime>2026-01-26 22:51:14 UTC</createdTime>
<generatorID>19C35AB6-0282-AD56-9108-509D789646D5</generatorID>
<ownerDesignName>Entrega_semana_3</ownerDesignName>
<use>0</use>
<ownDataTypeParameters>,,</ownDataTypeParameters>
<autoIncrementCycle>false</autoIncrementCycle>
</Column>
<Column name="stock" id="15697227-1F90-3113-7576-65FCCA2460F5">
<createdBy>milenperalta</createdBy>
<createdTime>2026-01-26 22:51:14 UTC</createdTime>
<generatorID>1BD3F06D-B7D9-CF4B-B4A4-924075B43F66</generatorID>
<ownerDesignName>Entrega_semana_3</ownerDesignName>
<use>0</use>
<ownDataTypeParameters>,,</ownDataTypeParameters>
<autoIncrementCycle>false</autoIncrementCycle>
</Column>
<Column name="SUCURSAL_id_sucursal" id="8692C884-5D3D-772B-6CE9-23FDA2C635B1">
<createdBy>milenperalta</createdBy>
<createdTime>2026-01-26 22:51:14 UTC</createdTime>
<generatorID>1ED5EFB2-6AAA-7328-6CF2-94FDC88AB667</generatorID>
<ownerDesignName>Entrega_semana_3</ownerDesignName>
<use>0</use>
<ownDataTypeParameters>,,</ownDataTypeParameters>
<previousColumn>false</previousColumn>
<autoIncrementCycle>false</autoIncrementCycle>
<associations>
<colAssociation fkAssociation="578CE70F-73CF-994F-4E86-83D28DA0469B" referredColumn="2B9A95E2-3ED4-4AE2-C9B3-1963E63254C9"/>
</associations>
</Column>
</columns>
<indexes itemClass="oracle.dbtools.crest.model.design.relational.Index">
<ind_PK_UK id="56F164E1-6A6C-38B6-41F0-C26B4AB45E75" name="PRODUCTO_PK">
<createdBy>milenperalta</createdBy>
<createdTime>2026-01-26 22:51:14 UTC</createdTime>
<generatorID>AB15E49B-2273-BF5F-B0F9-F17EA72B48B6</generatorID>
<ownerDesignName>Entrega_semana_3</ownerDesignName>
<pk>true</pk>
<indexState>Primary Constraint</indexState>
<isSurrogateKey>false</isSurrogateKey>
<indexColumnUsage>
<colUsage columnID="00EABCCE-38B0-E67E-FEBA-CAED3F1C9C0A"/>
</indexColumnUsage>
</ind_PK_UK>
<ind_PK_UK id="0ADE726B-7D4A-24BF-B738-22F0C4BFD5E9" name="PRODUCTO_SUCURSAL_FK">
<createdBy>milenperalta</createdBy>
<createdTime>2026-01-26 22:51:14 UTC</createdTime>
<generatorID>DC3BB07F-835F-BC43-47BF-3879B41ED674</generatorID>
<ownerDesignName>Entrega_semana_3</ownerDesignName>
<indexState>Foreign Key</indexState>
<isSurrogateKey>false</isSurrogateKey>
<indexColumnUsage>
<colUsage columnID="8692C884-5D3D-772B-6CE9-23FDA2C635B1"/>
</indexColumnUsage>
</ind_PK_UK>
</indexes>
</Table>