<?xml version = '1.0' encoding = 'UTF-8'?>
<Table class="oracle.dbtools.crest.model.design.relational.Table" directorySegmentName="seg_0" id="251E0C65-DB46-7A32-8F77-79959B376E52" name="CONTRATO_PRACTICANTE">
<createdBy>milenperalta</createdBy>
<createdTime>2026-01-26 22:51:14 UTC</createdTime>
<generatorID>B88F75E0-78DF-8E22-BE6C-DB478C13A086</generatorID>
<ownerDesignName>Entrega_semana_3</ownerDesignName>
<allowColumnReorder>false</allowColumnReorder>
<existDependencyGenerateInDDl>true</existDependencyGenerateInDDl>
<parsed>true</parsed>
<columns itemClass="oracle.dbtools.crest.model.design.relational.Column">
<Column name="id_contrato" id="9297D9F6-29DE-5308-F663-BD1080E93406">
<createdBy>milenperalta</createdBy>
<createdTime>2026-01-26 22:51:14 UTC</createdTime>
<generatorID>6D877C2A-DE94-2573-D06A-C2616A31E883</generatorID>
<ownerDesignName>Entrega_semana_3</ownerDesignName>
<use>0</use>
<ownDataTypeParameters>,,</ownDataTypeParameters>
<autoIncrementCycle>false</autoIncrementCycle>
<associations>
<colAssociation fkAssociation="41414DB6-6206-1783-1F3B-FBF2C50F58AC" referredColumn="847D2E2D-9634-55CC-934E-8623D9F657CA"/>
</associations>
</Column>
<Column name="cargo" id="A5A0AFD2-997F-8106-32BE-B6A8DD78D564">
<createdBy>milenperalta</createdBy>
<createdTime>2026-01-26 22:51:14 UTC</createdTime>
<generatorID>16FC753A-81A0-520F-C90F-622E8D2399C8</generatorID>
<ownerDesignName>Entrega_semana_3</ownerDesignName>
<use>0</use>
<ownDataTypeParameters>,,</ownDataTypeParameters>
<autoIncrementCycle>false</autoIncrementCycle>
</Column>
</columns>
<indexes itemClass="oracle.dbtools.crest.model.design.relational.Index">
<ind_PK_UK id="B66880DD-B858-0CB3-7E38-3E3C2E8B7EAA" name="CONTRATO_PRACTICANTE_PK">
<createdBy>milenperalta</createdBy>
<createdTime>2026-01-26 22:51:14 UTC</createdTime>
<generatorID>F21C7C20-AC3E-A3AC-A598-A99ADECB46C2</generatorID>
<ownerDesignName>Entrega_semana_3</ownerDesignName>
<pk>true</pk>
<indexState>Primary Constraint</indexState>
<isSurrogateKey>false</isSurrogateKey>
<indexColumnUsage>
<colUsage columnID="9297D9F6-29DE-5308-F663-BD1080E93406"/>
</indexColumnUsage>
</ind_PK_UK>
<ind_PK_UK id="EB09C970-0EAD-4E6B-69B5-E9F298FE0614" name="CONTRATO_PRACTICANTE_CONTRATO_FK">
<createdBy>milenperalta</createdBy>
<createdTime>2026-01-26 22:51:14 UTC</createdTime>
<generatorID>19002EB5-E131-1C28-5B30-E9E586542E06</generatorID>
<ownerDesignName>Entrega_semana_3</ownerDesignName>
<indexState>Foreign Key</indexState>
<isSurrogateKey>false</isSurrogateKey>
<indexColumnUsage>
<colUsage columnID="9297D9F6-29DE-5308-F663-BD1080E93406"/>
</indexColumnUsage>
</ind_PK_UK>
</indexes>
</Table>