<?xml version = '1.0' encoding = 'UTF-8'?>
<Table class="oracle.dbtools.crest.model.design.relational.Table" directorySegmentName="seg_0" id="29F8C079-C549-D1F3-9C52-31D0623A00A9" name="CONTRATO_INDEFINIDO">
<createdBy>milenperalta</createdBy>
<createdTime>2026-01-26 22:51:14 UTC</createdTime>
<generatorID>6F3D948E-54A5-EEB9-0331-2580B4F3D5F7</generatorID>
<ownerDesignName>Entrega_semana_3</ownerDesignName>
<allowColumnReorder>false</allowColumnReorder>
<existDependencyGenerateInDDl>true</existDependencyGenerateInDDl>
<parsed>true</parsed>
<columns itemClass="oracle.dbtools.crest.model.design.relational.Column">
<Column name="id_contrato" id="E3E0F48E-6986-0719-5FA5-9AACE84847D1">
<createdBy>milenperalta</createdBy>
<createdTime>2026-01-26 22:51:14 UTC</createdTime>
<generatorID>6D877C2A-DE94-2573-D06A-C2616A31E883</generatorID>
<ownerDesignName>Entrega_semana_3</ownerDesignName>
<use>0</use>
<ownDataTypeParameters>,,</ownDataTypeParameters>
<autoIncrementCycle>false</autoIncrementCycle>
<associations>
<colAssociation fkAssociation="0C8416CC-7D7F-26E8-0826-33DB23545D79" referredColumn="847D2E2D-9634-55CC-934E-8623D9F657CA"/>
</associations>
</Column>
<Column name="afp" id="A608037B-0DB5-9E4D-CAEB-DF9C829CE00F">
<createdBy>milenperalta</createdBy>
<createdTime>2026-01-26 22:51:14 UTC</createdTime>
<generatorID>2F2925DC-410F-6A36-0E27-04C9D4930F3B</generatorID>
<ownerDesignName>Entrega_semana_3</ownerDesignName>
<use>0</use>
<ownDataTypeParameters>,,</ownDataTypeParameters>
<autoIncrementCycle>false</autoIncrementCycle>
</Column>
<Column name="sistema_salud" id="7BD7FE4B-FA69-211C-B2D5-DEDC0043DAFF">
<createdBy>milenperalta</createdBy>
<createdTime>2026-01-26 22:51:14 UTC</createdTime>
<generatorID>1708D843-0699-E015-ADC0-3211393C3D47</generatorID>
<ownerDesignName>Entrega_semana_3</ownerDesignName>
<use>0</use>
<ownDataTypeParameters>,,</ownDataTypeParameters>
<autoIncrementCycle>false</autoIncrementCycle>
</Column>
<Column name="cargo" id="148F7847-6F9F-4C73-05A9-83EEAA15562D">
<createdBy>milenperalta</createdBy>
<createdTime>2026-01-26 22:51:14 UTC</createdTime>
<generatorID>EF1F8EC0-14B2-02C3-1B5A-03A861898D2C</generatorID>
<ownerDesignName>Entrega_semana_3</ownerDesignName>
<use>0</use>
<ownDataTypeParameters>,,</ownDataTypeParameters>
<autoIncrementCycle>false</autoIncrementCycle>
</Column>
<Column name="CARGO_CARGO_ID" id="09E79BE0-2016-236F-53C2-9C983457008B">
<createdBy>milenperalta</createdBy>
<createdTime>2026-01-26 22:51:14 UTC</createdTime>
<ownerDesignName>Entrega_semana_3</ownerDesignName>
<use>0</use>
<ownDataTypeParameters>,,</ownDataTypeParameters>
<previousColumn>false</previousColumn>
<autoIncrementCycle>false</autoIncrementCycle>
<associations>
<colAssociation fkAssociation="681102B1-9325-AC36-212B-7C06C306A7B7" referredColumn="8A83AA57-E0F9-858C-F732-326A9141202E"/>
</associations>
</Column>
</columns>
<indexes itemClass="oracle.dbtools.crest.model.design.relational.Index">
<ind_PK_UK id="A4F6D0DD-B729-B0F4-9D85-6B3FE612DBFA" name="CONTRATO_INDEFINIDO_PK">
<createdBy>milenperalta</createdBy>
<createdTime>2026-01-26 22:51:14 UTC</createdTime>
<generatorID>F21C7C20-AC3E-A3AC-A598-A99ADECB46C2</generatorID>
<ownerDesignName>Entrega_semana_3</ownerDesignName>
<pk>true</pk>
<indexState>Primary Constraint</indexState>
<isSurrogateKey>false</isSurrogateKey>
<indexColumnUsage>
<colUsage columnID="E3E0F48E-6986-0719-5FA5-9AACE84847D1"/>
</indexColumnUsage>
</ind_PK_UK>
<ind_PK_UK id="63BFA723-33EB-96D7-16B4-68E7C83698E8" name="CONTRATO_INDEFINIDO_CONTRATO_FK">
<createdBy>milenperalta</createdBy>
<createdTime>2026-01-26 22:51:14 UTC</createdTime>
<generatorID>49D3DF33-FBBD-0AA4-B27E-38770F0C2421</generatorID>
<ownerDesignName>Entrega_semana_3</ownerDesignName>
<indexState>Foreign Key</indexState>
<isSurrogateKey>false</isSurrogateKey>
<indexColumnUsage>
<colUsage columnID="E3E0F48E-6986-0719-5FA5-9AACE84847D1"/>
</indexColumnUsage>
</ind_PK_UK>
<ind_PK_UK id="6C6D9689-55F9-1A5D-97FE-D036FAF62DA5" name="CONTRATO_INDEFINIDO_CARGO_FK">
<createdBy>milenperalta</createdBy>
<createdTime>2026-01-26 22:51:14 UTC</createdTime>
<generatorID>E339F886-1D9B-871C-EA20-DF0F99C5A72A</generatorID>
<ownerDesignName>Entrega_semana_3</ownerDesignName>
<indexState>Foreign Key</indexState>
<isSurrogateKey>false</isSurrogateKey>
<indexColumnUsage>
<colUsage columnID="09E79BE0-2016-236F-53C2-9C983457008B"/>
</indexColumnUsage>
</ind_PK_UK>
</indexes>
</Table>