<?xml version = '1.0' encoding = 'UTF-8'?>
<Table class="oracle.dbtools.crest.model.design.relational.Table" directorySegmentName="seg_0" id="3F2E59E6-825F-0CB0-6506-DE6FB40A7826" name="CLIENTE">
<createdBy>milenperalta</createdBy>
<createdTime>2026-01-26 22:51:14 UTC</createdTime>
<generatorID>453C6D9C-2E64-0134-3F47-262500616443</generatorID>
<ownerDesignName>Entrega_semana_3</ownerDesignName>
<allowColumnReorder>false</allowColumnReorder>
<existDependencyGenerateInDDl>true</existDependencyGenerateInDDl>
<parsed>true</parsed>
<columns itemClass="oracle.dbtools.crest.model.design.relational.Column">
<Column name="id_cliente" id="FFB7C048-D68D-A108-C5CC-4791178B5D71">
<createdBy>milenperalta</createdBy>
<createdTime>2026-01-26 22:51:14 UTC</createdTime>
<generatorID>61B9C969-3FCD-C181-5DB1-F439FC71120F</generatorID>
<ownerDesignName>Entrega_semana_3</ownerDesignName>
<use>0</use>
<ownDataTypeParameters>,,</ownDataTypeParameters>
<autoIncrementCycle>false</autoIncrementCycle>
</Column>
<Column name="nombre" id="0A4D5261-4103-C647-826D-A8ADADA7DC4F">
<createdBy>milenperalta</createdBy>
<createdTime>2026-01-26 22:51:14 UTC</createdTime>
<generatorID>70D171BD-2DF3-40B2-DD8D-C89551AA2D06</generatorID>
<ownerDesignName>Entrega_semana_3</ownerDesignName>
<use>0</use>
<ownDataTypeParameters>,,</ownDataTypeParameters>
<autoIncrementCycle>false</autoIncrementCycle>
</Column>
<Column name="rut" id="948BCF71-1B05-6CD1-162E-92CA56A6B730">
<createdBy>milenperalta</createdBy>
<createdTime>2026-01-26 22:51:14 UTC</createdTime>
<generatorID>B9ED6D35-2C9F-65B4-8657-BE20C33F0897</generatorID>
<ownerDesignName>Entrega_semana_3</ownerDesignName>
<use>0</use>
<ownDataTypeParameters>,,</ownDataTypeParameters>
<autoIncrementCycle>false</autoIncrementCycle>
</Column>
<Column name="puntos_acumulados" id="16342A05-74CE-38C6-AD18-7D7DA5C6D8D2">
<createdBy>milenperalta</createdBy>
<createdTime>2026-01-26 22:51:14 UTC</createdTime>
<generatorID>DAF5B9E2-062A-307E-BBD6-5A99B5C73518</generatorID>
<ownerDesignName>Entrega_semana_3</ownerDesignName>
<use>0</use>
<ownDataTypeParameters>,,</ownDataTypeParameters>
<autoIncrementCycle>false</autoIncrementCycle>
</Column>
</columns>
<indexes itemClass="oracle.dbtools.crest.model.design.relational.Index">
<ind_PK_UK id="DC1B843F-F3F7-D27C-2B48-A05118CCCE54" name="CLIENTE_PK">
<createdBy>milenperalta</createdBy>
<createdTime>2026-01-26 22:51:14 UTC</createdTime>
<generatorID>0E76A066-0203-DDEB-139B-0EDEA0F9346A</generatorID>
<ownerDesignName>Entrega_semana_3</ownerDesignName>
<pk>true</pk>
<indexState>Primary Constraint</indexState>
<isSurrogateKey>false</isSurrogateKey>
<indexColumnUsage>
<colUsage columnID="FFB7C048-D68D-A108-C5CC-4791178B5D71"/>
</indexColumnUsage>
</ind_PK_UK>
</indexes>
</Table>