<?xml version = '1.0' encoding = 'UTF-8'?>
<Table class="oracle.dbtools.crest.model.design.relational.Table" directorySegmentName="seg_0" id="6055F911-ED3C-15DE-AC98-C8CF1E557AE6" name="CLIENTE_VIP">
<createdBy>milenperalta</createdBy>
<createdTime>2026-01-26 22:51:14 UTC</createdTime>
<generatorID>E6BE9CD7-5440-2C4C-3236-917C329A8AE4</generatorID>
<ownerDesignName>Entrega_semana_3</ownerDesignName>
<allowColumnReorder>false</allowColumnReorder>
<existDependencyGenerateInDDl>true</existDependencyGenerateInDDl>
<parsed>true</parsed>
<columns itemClass="oracle.dbtools.crest.model.design.relational.Column">
<Column name="id_cliente" id="73121C9D-C5C3-F351-6196-A919E54066F5">
<createdBy>milenperalta</createdBy>
<createdTime>2026-01-26 22:51:14 UTC</createdTime>
<generatorID>61B9C969-3FCD-C181-5DB1-F439FC71120F</generatorID>
<ownerDesignName>Entrega_semana_3</ownerDesignName>
<use>0</use>
<ownDataTypeParameters>,,</ownDataTypeParameters>
<autoIncrementCycle>false</autoIncrementCycle>
<associations>
<colAssociation fkAssociation="F2294F1C-C90B-8F00-ECCC-F8D01842D70B" referredColumn="FFB7C048-D68D-A108-C5CC-4791178B5D71"/>
</associations>
</Column>
<Column name="porcentaje_descuento" id="CC1C1B08-1EC3-DEFA-46FE-C223A9D3CDA9">
<createdBy>milenperalta</createdBy>
<createdTime>2026-01-26 22:51:14 UTC</createdTime>
<generatorID>AB70519C-8404-0ED5-5B1E-67D1C330C45E</generatorID>
<ownerDesignName>Entrega_semana_3</ownerDesignName>
<use>0</use>
<ownDataTypeParameters>,,</ownDataTypeParameters>
<autoIncrementCycle>false</autoIncrementCycle>
</Column>
</columns>
<indexes itemClass="oracle.dbtools.crest.model.design.relational.Index">
<ind_PK_UK id="5AE325FD-6362-4073-7223-975AECED5DE8" name="CLIENTE_VIP_PK">
<createdBy>milenperalta</createdBy>
<createdTime>2026-01-26 22:51:14 UTC</createdTime>
<generatorID>0E76A066-0203-DDEB-139B-0EDEA0F9346A</generatorID>
<ownerDesignName>Entrega_semana_3</ownerDesignName>
<pk>true</pk>
<indexState>Primary Constraint</indexState>
<isSurrogateKey>false</isSurrogateKey>
<indexColumnUsage>
<colUsage columnID="73121C9D-C5C3-F351-6196-A919E54066F5"/>
</indexColumnUsage>
</ind_PK_UK>
<ind_PK_UK id="73D33C45-2EE6-4A83-7788-543B1F605B25" name="CLIENTE_VIP_CLIENTE_FK">
<createdBy>milenperalta</createdBy>
<createdTime>2026-01-26 22:51:14 UTC</createdTime>
<generatorID>41C7A971-9468-134B-091E-057F6B5B15E9</generatorID>
<ownerDesignName>Entrega_semana_3</ownerDesignName>
<indexState>Foreign Key</indexState>
<isSurrogateKey>false</isSurrogateKey>
<indexColumnUsage>
<colUsage columnID="73121C9D-C5C3-F351-6196-A919E54066F5"/>
</indexColumnUsage>
</ind_PK_UK>
</indexes>
</Table>