<?xml version = '1.0' encoding = 'UTF-8'?>
<Table class="oracle.dbtools.crest.model.design.relational.Table" directorySegmentName="seg_0" id="915C6CE5-01F6-9C5C-C8B9-10710A3ADC5E" name="PRODUCTO_BOLETA">
<createdBy>milenperalta</createdBy>
<createdTime>2026-01-26 22:51:14 UTC</createdTime>
<ownerDesignName>Entrega_semana_3</ownerDesignName>
<allowColumnReorder>false</allowColumnReorder>
<existDependencyGenerateInDDl>true</existDependencyGenerateInDDl>
<parsed>true</parsed>
<columns itemClass="oracle.dbtools.crest.model.design.relational.Column">
<Column name="BOLETA_numero_boleta" id="F86509D0-7BE6-81FB-BC5E-B086EB960DA8">
<createdBy>milenperalta</createdBy>
<createdTime>2026-01-26 22:51:14 UTC</createdTime>
<ownerDesignName>Entrega_semana_3</ownerDesignName>
<use>0</use>
<ownDataTypeParameters>,,</ownDataTypeParameters>
<previousColumn>false</previousColumn>
<autoIncrementCycle>false</autoIncrementCycle>
<associations>
<colAssociation fkAssociation="B32B3ED8-7C77-9FF6-999D-319411027764" referredColumn="6283F045-8932-D75A-42BB-0372857FBC31"/>
</associations>
</Column>
<Column name="PRODUCTO_codigo_producto" id="8F79F593-9D75-5655-65FC-2ACA94766FAB">
<createdBy>milenperalta</createdBy>
<createdTime>2026-01-26 22:51:14 UTC</createdTime>
<ownerDesignName>Entrega_semana_3</ownerDesignName>
<use>0</use>
<ownDataTypeParameters>,,</ownDataTypeParameters>
<previousColumn>false</previousColumn>
<autoIncrementCycle>false</autoIncrementCycle>
<associations>
<colAssociation fkAssociation="3396D708-BC70-6D85-41E0-CFF135D7EBF2" referredColumn="00EABCCE-38B0-E67E-FEBA-CAED3F1C9C0A"/>
</associations>
</Column>
<Column name="cantidad" id="FC4385DE-68D5-094C-D85A-EEFB4D461712">
<createdBy>milenperalta</createdBy>
<createdTime>2026-01-26 22:51:14 UTC</createdTime>
<generatorID>8B8B57F4-528F-57F3-CD00-8214CEFC1047</generatorID>
<ownerDesignName>Entrega_semana_3</ownerDesignName>
<nullsAllowed>true</nullsAllowed>
<useDomainConstraints>false</useDomainConstraints>
<use>1</use>
<ownDataTypeParameters>,,</ownDataTypeParameters>
<autoIncrementCycle>false</autoIncrementCycle>
<isRelationshipColumn>true</isRelationshipColumn>
</Column>
</columns>
<indexes itemClass="oracle.dbtools.crest.model.design.relational.Index">
<ind_PK_UK id="A1F28683-91BB-CCB2-5890-4D27D31EAB30" name="PRODUCTO_BOLETA_PK">
<createdBy>milenperalta</createdBy>
<createdTime>2026-01-26 22:51:14 UTC</createdTime>
<ownerDesignName>Entrega_semana_3</ownerDesignName>
<pk>true</pk>
<indexState>Primary Constraint</indexState>
<isSurrogateKey>false</isSurrogateKey>
<indexColumnUsage>
<colUsage columnID="F86509D0-7BE6-81FB-BC5E-B086EB960DA8"/>
<colUsage columnID="8F79F593-9D75-5655-65FC-2ACA94766FAB"/>
</indexColumnUsage>
</ind_PK_UK>
<ind_PK_UK id="2F57C9B2-9EF6-21FF-A18A-9FB55FF37434" name="PRODUCTO_BOLETA_BOLETA_FK">
<createdBy>milenperalta</createdBy>
<createdTime>2026-01-26 22:51:14 UTC</createdTime>
<generatorID>EBD31D06-4A9E-54E1-0190-E67EA769CB67</generatorID>
<ownerDesignName>Entrega_semana_3</ownerDesignName>
<indexState>Foreign Key</indexState>
<isSurrogateKey>false</isSurrogateKey>
<indexColumnUsage>
<colUsage columnID="F86509D0-7BE6-81FB-BC5E-B086EB960DA8"/>
</indexColumnUsage>
</ind_PK_UK>
<ind_PK_UK id="ADF0180A-00E7-265D-5FBE-A5A21393F59B" name="PRODUCTO_BOLETA_PRODUCTO_FK">
<createdBy>milenperalta</createdBy>
<createdTime>2026-01-26 22:51:14 UTC</createdTime>
<generatorID>EBD31D06-4A9E-54E1-0190-E67EA769CB67</generatorID>
<ownerDesignName>Entrega_semana_3</ownerDesignName>
<indexState>Foreign Key</indexState>
<isSurrogateKey>false</isSurrogateKey>
<indexColumnUsage>
<colUsage columnID="8F79F593-9D75-5655-65FC-2ACA94766FAB"/>
</indexColumnUsage>
</ind_PK_UK>
</indexes>
</Table>