<?xml version = '1.0' encoding = 'UTF-8'?>
<Table class="oracle.dbtools.crest.model.design.relational.Table" directorySegmentName="seg_0" id="BF24050A-43E7-77E4-3565-E01EF36D7901" name="CLIENTE_NORMAL">
<createdBy>milenperalta</createdBy>
<createdTime>2026-01-26 22:51:14 UTC</createdTime>
<generatorID>2C30483A-83FC-4F0C-F830-BF1971AB4B28</generatorID>
<ownerDesignName>Entrega_semana_3</ownerDesignName>
<allowColumnReorder>false</allowColumnReorder>
<existDependencyGenerateInDDl>true</existDependencyGenerateInDDl>
<parsed>true</parsed>
<columns itemClass="oracle.dbtools.crest.model.design.relational.Column">
<Column name="id_cliente" id="9E537FF6-9FA3-6F4A-2BDA-9B907031FF8C">
<createdBy>milenperalta</createdBy>
<createdTime>2026-01-26 22:51:14 UTC</createdTime>
<generatorID>61B9C969-3FCD-C181-5DB1-F439FC71120F</generatorID>
<ownerDesignName>Entrega_semana_3</ownerDesignName>
<use>0</use>
<ownDataTypeParameters>,,</ownDataTypeParameters>
<autoIncrementCycle>false</autoIncrementCycle>
<associations>
<colAssociation fkAssociation="F6A927F8-8B69-87E1-686B-0E6D6A686F40" referredColumn="FFB7C048-D68D-A108-C5CC-4791178B5D71"/>
</associations>
</Column>
<Column name="descuento_fijo" id="A5221B18-B8B9-ECF8-EE86-0EDFEF27F824">
<createdBy>milenperalta</createdBy>
<createdTime>2026-01-26 22:51:14 UTC</createdTime>
<generatorID>440067BD-86B7-08D1-3463-562CFBFEA3CC</generatorID>
<ownerDesignName>Entrega_semana_3</ownerDesignName>
<use>0</use>
<ownDataTypeParameters>,,</ownDataTypeParameters>
<autoIncrementCycle>false</autoIncrementCycle>
</Column>
</columns>
<indexes itemClass="oracle.dbtools.crest.model.design.relational.Index">
<ind_PK_UK id="BD5927AD-0254-B00C-C2E0-8BEB81283E13" name="CLIENTE_NORMAL_PK">
<createdBy>milenperalta</createdBy>
<createdTime>2026-01-26 22:51:14 UTC</createdTime>
<generatorID>0E76A066-0203-DDEB-139B-0EDEA0F9346A</generatorID>
<ownerDesignName>Entrega_semana_3</ownerDesignName>
<pk>true</pk>
<indexState>Primary Constraint</indexState>
<isSurrogateKey>false</isSurrogateKey>
<indexColumnUsage>
<colUsage columnID="9E537FF6-9FA3-6F4A-2BDA-9B907031FF8C"/>
</indexColumnUsage>
</ind_PK_UK>
<ind_PK_UK id="75C9DE67-96DA-515D-DE2F-A4A287CA2FF6" name="CLIENTE_NORMAL_CLIENTE_FK">
<createdBy>milenperalta</createdBy>
<createdTime>2026-01-26 22:51:14 UTC</createdTime>
<generatorID>C109FEF2-7FBA-82C5-BAF0-50632D6C0EED</generatorID>
<ownerDesignName>Entrega_semana_3</ownerDesignName>
<indexState>Foreign Key</indexState>
<isSurrogateKey>false</isSurrogateKey>
<indexColumnUsage>
<colUsage columnID="9E537FF6-9FA3-6F4A-2BDA-9B907031FF8C"/>
</indexColumnUsage>
</ind_PK_UK>
</indexes>
</Table>