<?xml version = '1.0' encoding = 'UTF-8'?>
<Table class="oracle.dbtools.crest.model.design.relational.Table" directorySegmentName="seg_0" id="C3A298BB-F880-AFB6-0B53-44710237FF39" name="BOLETA">
<createdBy>milenperalta</createdBy>
<createdTime>2026-01-26 22:51:14 UTC</createdTime>
<generatorID>3E0A5A7D-716E-9FC1-0500-5B5D078FD527</generatorID>
<ownerDesignName>Entrega_semana_3</ownerDesignName>
<allowColumnReorder>false</allowColumnReorder>
<existDependencyGenerateInDDl>true</existDependencyGenerateInDDl>
<parsed>true</parsed>
<columns itemClass="oracle.dbtools.crest.model.design.relational.Column">
<Column name="numero_boleta" id="6283F045-8932-D75A-42BB-0372857FBC31">
<createdBy>milenperalta</createdBy>
<createdTime>2026-01-26 22:51:14 UTC</createdTime>
<generatorID>A2B6B119-8477-910A-8E7B-E2AD690E9798</generatorID>
<ownerDesignName>Entrega_semana_3</ownerDesignName>
<use>0</use>
<ownDataTypeParameters>,,</ownDataTypeParameters>
<autoIncrementCycle>false</autoIncrementCycle>
</Column>
<Column name="fecha_boleta" id="1679D085-4AEC-A6B7-9C8F-22F3D9A936C1">
<createdBy>milenperalta</createdBy>
<createdTime>2026-01-26 22:51:14 UTC</createdTime>
<generatorID>4D082C21-F415-8D1A-F779-461750E963FE</generatorID>
<ownerDesignName>Entrega_semana_3</ownerDesignName>
<use>0</use>
<ownDataTypeParameters>,,</ownDataTypeParameters>
<autoIncrementCycle>false</autoIncrementCycle>
</Column>
<Column name="monto_total" id="8E689EC2-964C-6183-897F-616F2A54765F">
<createdBy>milenperalta</createdBy>
<createdTime>2026-01-26 22:51:14 UTC</createdTime>
<generatorID>C12BF1F3-C66D-2B46-D142-47941C5F9108</generatorID>
<ownerDesignName>Entrega_semana_3</ownerDesignName>
<use>0</use>
<ownDataTypeParameters>,,</ownDataTypeParameters>
<autoIncrementCycle>false</autoIncrementCycle>
</Column>
<Column name="TRABAJADOR_rut_trabajador" id="5C31B141-6D28-2640-81FD-D7C94055A950">
<createdBy>milenperalta</createdBy>
<createdTime>2026-01-26 22:51:14 UTC</createdTime>
<generatorID>E419624C-57BC-1933-0006-31897B3AB0CE</generatorID>
<ownerDesignName>Entrega_semana_3</ownerDesignName>
<use>0</use>
<ownDataTypeParameters>,,</ownDataTypeParameters>
<previousColumn>false</previousColumn>
<autoIncrementCycle>false</autoIncrementCycle>
<associations>
<colAssociation fkAssociation="9893609A-C8B7-C98B-2A35-388245F63F24" referredColumn="72F4E197-B104-1C17-14F3-1C8B117892E2"/>
</associations>
</Column>
<Column name="CLIENTE_id_cliente" id="313D1DA8-92B3-F3D8-A874-C1747606AC33">
<createdBy>milenperalta</createdBy>
<createdTime>2026-01-26 22:51:14 UTC</createdTime>
<generatorID>47B662EE-20DD-1D0E-9959-A410F1114CAD</generatorID>
<ownerDesignName>Entrega_semana_3</ownerDesignName>
<use>0</use>
<ownDataTypeParameters>,,</ownDataTypeParameters>
<previousColumn>false</previousColumn>
<autoIncrementCycle>false</autoIncrementCycle>
<associations>
<colAssociation fkAssociation="14DA9A37-C234-1AD9-FF9A-A82C20B6AFAC" referredColumn="FFB7C048-D68D-A108-C5CC-4791178B5D71"/>
</associations>
</Column>
</columns>
<indexes itemClass="oracle.dbtools.crest.model.design.relational.Index">
<ind_PK_UK id="77E0AEC7-3F07-5BD1-0AAC-BBD0BCF9D292" name="BOLETA_PK">
<createdBy>milenperalta</createdBy>
<createdTime>2026-01-26 22:51:14 UTC</createdTime>
<generatorID>BA3833FF-09B1-2B4A-E93E-5960B945EB8E</generatorID>
<ownerDesignName>Entrega_semana_3</ownerDesignName>
<pk>true</pk>
<indexState>Primary Constraint</indexState>
<isSurrogateKey>false</isSurrogateKey>
<indexColumnUsage>
<colUsage columnID="6283F045-8932-D75A-42BB-0372857FBC31"/>
</indexColumnUsage>
</ind_PK_UK>
<ind_PK_UK id="6F636268-5BF7-45B8-3482-C221733765DE" name="BOLETA_TRABAJADOR_FK">
<createdBy>milenperalta</createdBy>
<createdTime>2026-01-26 22:51:14 UTC</createdTime>
<generatorID>1326AC18-5609-26AC-D7C4-433032D7892C</generatorID>
<ownerDesignName>Entrega_semana_3</ownerDesignName>
<indexState>Foreign Key</indexState>
<isSurrogateKey>false</isSurrogateKey>
<indexColumnUsage>
<colUsage columnID="5C31B141-6D28-2640-81FD-D7C94055A950"/>
</indexColumnUsage>
</ind_PK_UK>
<ind_PK_UK id="B9476A09-14D9-6A74-2055-73066AA562DE" name="BOLETA_CLIENTE_FK">
<createdBy>milenperalta</createdBy>
<createdTime>2026-01-26 22:51:14 UTC</createdTime>
<generatorID>940AD7BE-8066-5617-68FC-0CFC8020C863</generatorID>
<ownerDesignName>Entrega_semana_3</ownerDesignName>
<indexState>Foreign Key</indexState>
<isSurrogateKey>false</isSurrogateKey>
<indexColumnUsage>
<colUsage columnID="313D1DA8-92B3-F3D8-A874-C1747606AC33"/>
</indexColumnUsage>
</ind_PK_UK>
</indexes>
</Table>