<?xml version = '1.0' encoding = 'UTF-8'?>
<Table class="oracle.dbtools.crest.model.design.relational.Table" directorySegmentName="seg_0" id="F0E21A6E-BC3F-CDCE-6D33-65B5AC978CF8" name="CONTRATO">
<createdBy>milenperalta</createdBy>
<createdTime>2026-01-26 22:51:14 UTC</createdTime>
<generatorID>20A25301-53C9-449A-DFC5-C9613155C758</generatorID>
<ownerDesignName>Entrega_semana_3</ownerDesignName>
<allowColumnReorder>false</allowColumnReorder>
<existDependencyGenerateInDDl>true</existDependencyGenerateInDDl>
<parsed>true</parsed>
<columns itemClass="oracle.dbtools.crest.model.design.relational.Column">
<Column name="id_contrato" id="847D2E2D-9634-55CC-934E-8623D9F657CA">
<createdBy>milenperalta</createdBy>
<createdTime>2026-01-26 22:51:14 UTC</createdTime>
<generatorID>6D877C2A-DE94-2573-D06A-C2616A31E883</generatorID>
<ownerDesignName>Entrega_semana_3</ownerDesignName>
<use>0</use>
<ownDataTypeParameters>,,</ownDataTypeParameters>
<autoIncrementCycle>false</autoIncrementCycle>
</Column>
<Column name="fecha_inicio" id="CE0A3C51-B286-3EC9-C327-B69BCACA7B47">
<createdBy>milenperalta</createdBy>
<createdTime>2026-01-26 22:51:14 UTC</createdTime>
<generatorID>9A96BB4F-CB38-A89B-46E2-ABF4193C4F90</generatorID>
<ownerDesignName>Entrega_semana_3</ownerDesignName>
<use>0</use>
<ownDataTypeParameters>,,</ownDataTypeParameters>
<autoIncrementCycle>false</autoIncrementCycle>
</Column>
<Column name="sucursal" id="0056C8AD-1307-B4C9-AA58-92020AEC550F">
<createdBy>milenperalta</createdBy>
<createdTime>2026-01-26 22:51:14 UTC</createdTime>
<generatorID>A7907291-9569-2A08-12A1-E4F831988974</generatorID>
<ownerDesignName>Entrega_semana_3</ownerDesignName>
<nullsAllowed>true</nullsAllowed>
<use>0</use>
<ownDataTypeParameters>,,</ownDataTypeParameters>
<autoIncrementCycle>false</autoIncrementCycle>
</Column>
<Column name="SUCURSAL_id_sucursal" id="9CD710BB-FEAA-E63D-AB2F-B48BFACDA2FC">
<createdBy>milenperalta</createdBy>
<createdTime>2026-01-26 22:51:14 UTC</createdTime>
<generatorID>4CBF9C55-4304-188D-EC72-C3DFC2384B2C</generatorID>
<ownerDesignName>Entrega_semana_3</ownerDesignName>
<use>0</use>
<ownDataTypeParameters>,,</ownDataTypeParameters>
<previousColumn>false</previousColumn>
<autoIncrementCycle>false</autoIncrementCycle>
<associations>
<colAssociation fkAssociation="0A5463C2-0B13-253F-0134-31E4D1A77F26" referredColumn="2B9A95E2-3ED4-4AE2-C9B3-1963E63254C9"/>
</associations>
</Column>
<Column name="TRABAJADOR_rut_trabajador" id="A05E4F77-8D39-5F3D-840D-6E08C90E5025">
<createdBy>milenperalta</createdBy>
<createdTime>2026-01-26 22:51:14 UTC</createdTime>
<generatorID>A7CF4237-8E0E-35D3-0C6F-8D1FDBEC557C</generatorID>
<ownerDesignName>Entrega_semana_3</ownerDesignName>
<use>0</use>
<ownDataTypeParameters>,,</ownDataTypeParameters>
<previousColumn>false</previousColumn>
<autoIncrementCycle>false</autoIncrementCycle>
<associations>
<colAssociation fkAssociation="9FFAD210-1E36-4703-95DB-E45D685EFC63" referredColumn="72F4E197-B104-1C17-14F3-1C8B117892E2"/>
</associations>
</Column>
</columns>
<indexes itemClass="oracle.dbtools.crest.model.design.relational.Index">
<ind_PK_UK id="E5C90DB3-EFFC-3A38-7C76-B024FA86404D" name="CONTRATO_PK">
<createdBy>milenperalta</createdBy>
<createdTime>2026-01-26 22:51:14 UTC</createdTime>
<generatorID>F21C7C20-AC3E-A3AC-A598-A99ADECB46C2</generatorID>
<ownerDesignName>Entrega_semana_3</ownerDesignName>
<pk>true</pk>
<indexState>Primary Constraint</indexState>
<isSurrogateKey>false</isSurrogateKey>
<indexColumnUsage>
<colUsage columnID="847D2E2D-9634-55CC-934E-8623D9F657CA"/>
</indexColumnUsage>
</ind_PK_UK>
<ind_PK_UK id="4918B6FE-C3DC-F0C2-122A-12B1125FFCAC" name="CONTRATO_SUCURSAL_FK">
<createdBy>milenperalta</createdBy>
<createdTime>2026-01-26 22:51:14 UTC</createdTime>
<generatorID>61989D0D-7CB4-14F0-8D5C-831FAA8B9214</generatorID>
<ownerDesignName>Entrega_semana_3</ownerDesignName>
<indexState>Foreign Key</indexState>
<isSurrogateKey>false</isSurrogateKey>
<indexColumnUsage>
<colUsage columnID="9CD710BB-FEAA-E63D-AB2F-B48BFACDA2FC"/>
</indexColumnUsage>
</ind_PK_UK>
<ind_PK_UK id="3DC09A1F-A498-DE29-6531-5DE7F0AFD85F" name="CONTRATO_TRABAJADOR_FK">
<createdBy>milenperalta</createdBy>
<createdTime>2026-01-26 22:51:14 UTC</createdTime>
<generatorID>5CF4A3B2-4DF6-FEAC-DE94-383B317C8433</generatorID>
<ownerDesignName>Entrega_semana_3</ownerDesignName>
<indexState>Foreign Key</indexState>
<isSurrogateKey>false</isSurrogateKey>
<indexColumnUsage>
<colUsage columnID="A05E4F77-8D39-5F3D-840D-6E08C90E5025"/>
</indexColumnUsage>
</ind_PK_UK>
</indexes>
</Table>