<?xml version = '1.0' encoding = 'UTF-8'?>
<Arc class="oracle.dbtools.crest.model.design.logical.Arc" directorySegmentName="seg_0" id="C002CB83-6247-53FE-1138-B16F6CA74CDB" name="Arc_3">
<createdBy>Administrador</createdBy>
<createdTime>2026-02-04 23:50:13 UTC</createdTime>
<ownerDesignName>Semana5</ownerDesignName>
<engineerTo>
<item key="AC922F31-0B67-4C79-57E8-927F5F85E84E" value="true"/>
</engineerTo>
<entity>5FEB5CCF-3C4B-02A3-703C-956A7AF263FD</entity>
<relations>
<relationID>DA073490-B0CF-52AF-0BA2-57632EBFE535</relationID>
<relationID>39D8A29C-62BE-90F7-BF13-B73C6AF35097</relationID>
</relations>
</Arc>