<?xml version = '1.0' encoding = 'UTF-8'?>
<Relation class="oracle.dbtools.crest.model.design.logical.Relation" name="Relation_10" directorySegmentName="seg_0" id="041FA47A-6676-AC1C-20A2-4FA504B20DFB">
<createdBy>Administrador</createdBy>
<createdTime>2026-02-03 00:30:48 UTC</createdTime>
<ownerDesignName>Formativa Semana 4</ownerDesignName>
<engineerTo>
<item key="05268D72-EECE-34D2-E2F7-1DF0532D443A" value="true"/>
</engineerTo>
<sourcePk>5EEE5E87-AB9C-4B98-C2C9-ACF3CEAC89C1</sourcePk>
<targetPk>8F4F5940-F398-E909-52D4-0529ED6666F0</targetPk>
<identifying>false</identifying>
<optionalSource>false</optionalSource>
<optionalTarget>false</optionalTarget>
<sourceCardinality>1</sourceCardinality>
<sourceEntity>D625F4EE-9B31-9FF5-2180-1B07D0502B31</sourceEntity>
<targetCardinalityString>1</targetCardinalityString>
<targetEntity>B9FFD23B-866D-5541-C47C-BDDA94E29292</targetEntity>
<transferable>true</transferable>
<deleteRule>NO ACTION</deleteRule>
</Relation>