<?xml version = '1.0' encoding = 'UTF-8'?>
<Relation class="oracle.dbtools.crest.model.design.logical.Relation" name="Relation_3" directorySegmentName="seg_0" id="5713BF03-B4A1-9B30-7BEB-E6C2AA5D7AD4">
<createdBy>Administrador</createdBy>
<createdTime>2026-02-03 00:27:05 UTC</createdTime>
<ownerDesignName>Formativa Semana 4</ownerDesignName>
<engineerTo>
<item key="05268D72-EECE-34D2-E2F7-1DF0532D443A" value="true"/>
</engineerTo>
<sourcePk>6C532576-3EFA-F1FC-B500-A36C9E25CE8B</sourcePk>
<identifying>true</identifying>
<optionalSource>false</optionalSource>
<optionalTarget>false</optionalTarget>
<sourceCardinality>1</sourceCardinality>
<sourceEntity>823C842B-ECD2-798F-44DE-13AE02D1E791</sourceEntity>
<targetCardinalityString>*</targetCardinalityString>
<targetEntity>B9FFD23B-866D-5541-C47C-BDDA94E29292</targetEntity>
<transferable>true</transferable>
<deleteRule>NO ACTION</deleteRule>
</Relation>