<?xml version = '1.0' encoding = 'UTF-8'?>
<Relation class="oracle.dbtools.crest.model.design.logical.Relation" name="Relation_9" directorySegmentName="seg_0" id="6287EE2A-11EC-632B-F1E4-658E451E19D3">
<createdBy>Administrador</createdBy>
<createdTime>2026-02-03 00:30:36 UTC</createdTime>
<ownerDesignName>Formativa Semana 4</ownerDesignName>
<engineerTo>
<item key="05268D72-EECE-34D2-E2F7-1DF0532D443A" value="true"/>
</engineerTo>
<sourcePk>5EEE5E87-AB9C-4B98-C2C9-ACF3CEAC89C1</sourcePk>
<identifying>true</identifying>
<optionalSource>true</optionalSource>
<optionalTarget>false</optionalTarget>
<sourceCardinality>1</sourceCardinality>
<sourceEntity>D625F4EE-9B31-9FF5-2180-1B07D0502B31</sourceEntity>
<targetCardinalityString>*</targetCardinalityString>
<targetEntity>403CFBF2-550B-A274-130E-EE5577867C36</targetEntity>
<transferable>true</transferable>
<deleteRule>NO ACTION</deleteRule>
</Relation>