<?xml version = '1.0' encoding = 'UTF-8'?>
<Relation class="oracle.dbtools.crest.model.design.logical.Relation" name="Relation_7" directorySegmentName="seg_0" id="657D934F-7320-3C02-5374-CF6D99611B1A">
<createdBy>Administrador</createdBy>
<createdTime>2026-02-03 00:27:55 UTC</createdTime>
<ownerDesignName>Formativa Semana 4</ownerDesignName>
<engineerTo>
<item key="05268D72-EECE-34D2-E2F7-1DF0532D443A" value="true"/>
</engineerTo>
<sourcePk>CACE82C0-1677-5A1D-5134-E5BD75F231CC</sourcePk>
<identifying>true</identifying>
<optionalSource>false</optionalSource>
<optionalTarget>false</optionalTarget>
<sourceCardinality>1</sourceCardinality>
<sourceEntity>7B82F09D-48E7-568B-0276-D7908D754388</sourceEntity>
<targetCardinalityString>*</targetCardinalityString>
<targetEntity>44059D05-DEA2-95E0-CA97-52C03D7A8A9C</targetEntity>
<transferable>true</transferable>
<deleteRule>NO ACTION</deleteRule>
</Relation>