<?xml version = '1.0' encoding = 'UTF-8'?>
<Relation class="oracle.dbtools.crest.model.design.logical.Relation" name="Relation_11" directorySegmentName="seg_0" id="799E946E-C51F-5112-706E-EFE5FE575BDC">
<createdBy>Administrador</createdBy>
<createdTime>2026-02-03 00:32:09 UTC</createdTime>
<ownerDesignName>Formativa Semana 4</ownerDesignName>
<engineerTo>
<item key="05268D72-EECE-34D2-E2F7-1DF0532D443A" value="true"/>
</engineerTo>
<sourcePk>DFDF144A-F06F-ED58-2857-B9F7B1C314A5</sourcePk>
<identifying>true</identifying>
<optionalSource>true</optionalSource>
<optionalTarget>false</optionalTarget>
<sourceCardinality>1</sourceCardinality>
<sourceEntity>8297EB8B-DC98-8392-9FAF-A3C4DD835985</sourceEntity>
<targetCardinalityString>*</targetCardinalityString>
<targetEntity>44059D05-DEA2-95E0-CA97-52C03D7A8A9C</targetEntity>
<transferable>true</transferable>
<deleteRule>NO ACTION</deleteRule>
</Relation>