<?xml version = '1.0' encoding = 'UTF-8'?>
<Relation class="oracle.dbtools.crest.model.design.logical.Relation" name="Relation_2" directorySegmentName="seg_0" id="84CB2737-31FC-A32F-C4E3-131835E41152">
<createdBy>Administrador</createdBy>
<createdTime>2026-02-03 00:26:44 UTC</createdTime>
<ownerDesignName>Formativa Semana 4</ownerDesignName>
<engineerTo>
<item key="05268D72-EECE-34D2-E2F7-1DF0532D443A" value="true"/>
</engineerTo>
<sourcePk>C1FECDE7-E4B3-3A71-6DF5-8B42F503ED60</sourcePk>
<identifying>false</identifying>
<optionalSource>false</optionalSource>
<optionalTarget>false</optionalTarget>
<sourceCardinality>1</sourceCardinality>
<sourceEntity>12D32EC8-E605-613C-545B-2F73A24BFAA5</sourceEntity>
<targetCardinalityString>*</targetCardinalityString>
<targetEntity>B9FFD23B-866D-5541-C47C-BDDA94E29292</targetEntity>
<transferable>true</transferable>
<deleteRule>NO ACTION</deleteRule>
</Relation>