<?xml version = '1.0' encoding = 'UTF-8'?>
<Relation class="oracle.dbtools.crest.model.design.logical.Relation" name="Relation_4" directorySegmentName="seg_0" id="8C069E26-2491-964A-5F23-419C8A29FAD7">
<createdBy>Administrador</createdBy>
<createdTime>2026-02-03 00:27:15 UTC</createdTime>
<ownerDesignName>Formativa Semana 4</ownerDesignName>
<engineerTo>
<item key="05268D72-EECE-34D2-E2F7-1DF0532D443A" value="true"/>
</engineerTo>
<sourcePk>8F4F5940-F398-E909-52D4-0529ED6666F0</sourcePk>
<identifying>true</identifying>
<optionalSource>false</optionalSource>
<optionalTarget>false</optionalTarget>
<sourceCardinality>1</sourceCardinality>
<sourceEntity>B9FFD23B-866D-5541-C47C-BDDA94E29292</sourceEntity>
<targetCardinalityString>*</targetCardinalityString>
<targetEntity>CAB9C48D-8160-04BB-0C64-02A62B37D43D</targetEntity>
<transferable>true</transferable>
<deleteRule>NO ACTION</deleteRule>
</Relation>