<?xml version = '1.0' encoding = 'UTF-8'?>
<Relation class="oracle.dbtools.crest.model.design.logical.Relation" name="Relation_5" directorySegmentName="seg_0" id="8DA45140-0703-C8F1-9D9B-904A2626FD8E">
<createdBy>Administrador</createdBy>
<createdTime>2026-02-03 00:27:32 UTC</createdTime>
<ownerDesignName>Formativa Semana 4</ownerDesignName>
<engineerTo>
<item key="05268D72-EECE-34D2-E2F7-1DF0532D443A" value="true"/>
</engineerTo>
<sourcePk>DEA96109-794C-DEF4-E2E0-8CE3ABA1BC5C</sourcePk>
<identifying>false</identifying>
<optionalSource>false</optionalSource>
<optionalTarget>false</optionalTarget>
<sourceCardinality>1</sourceCardinality>
<sourceEntity>44059D05-DEA2-95E0-CA97-52C03D7A8A9C</sourceEntity>
<targetCardinalityString>*</targetCardinalityString>
<targetEntity>B9FFD23B-866D-5541-C47C-BDDA94E29292</targetEntity>
<transferable>true</transferable>
<deleteRule>NO ACTION</deleteRule>
</Relation>