<?xml version = '1.0' encoding = 'UTF-8'?>
<Relation class="oracle.dbtools.crest.model.design.logical.Relation" name="Relation_15" directorySegmentName="seg_0" id="C44DA310-2029-1B82-5B8E-8540B49A8B23">
<createdBy>Administrador</createdBy>
<createdTime>2026-02-03 00:45:59 UTC</createdTime>
<ownerDesignName>Formativa Semana 4</ownerDesignName>
<engineerTo>
<item key="05268D72-EECE-34D2-E2F7-1DF0532D443A" value="true"/>
</engineerTo>
<sourcePk>DEA96109-794C-DEF4-E2E0-8CE3ABA1BC5C</sourcePk>
<identifying>true</identifying>
<optionalSource>false</optionalSource>
<optionalTarget>false</optionalTarget>
<sourceCardinality>1</sourceCardinality>
<sourceEntity>44059D05-DEA2-95E0-CA97-52C03D7A8A9C</sourceEntity>
<targetCardinalityString>*</targetCardinalityString>
<targetEntity>D625F4EE-9B31-9FF5-2180-1B07D0502B31</targetEntity>
<transferable>true</transferable>
<deleteRule>NO ACTION</deleteRule>
</Relation>