<?xml version = '1.0' encoding = 'UTF-8'?>
<Relation class="oracle.dbtools.crest.model.design.logical.Relation" name="Relation_6" directorySegmentName="seg_0" id="C958823C-A7AA-3818-3EAA-76C885883387">
<createdBy>Administrador</createdBy>
<createdTime>2026-02-03 00:27:46 UTC</createdTime>
<ownerDesignName>Formativa Semana 4</ownerDesignName>
<engineerTo>
<item key="05268D72-EECE-34D2-E2F7-1DF0532D443A" value="true"/>
</engineerTo>
<sourcePk>497727F0-80F5-14A0-45ED-B889251FE9B9</sourcePk>
<identifying>false</identifying>
<optionalSource>false</optionalSource>
<optionalTarget>false</optionalTarget>
<sourceCardinality>1</sourceCardinality>
<sourceEntity>44A7092E-6B9D-29C3-9CCD-C0909A534D05</sourceEntity>
<targetCardinalityString>*</targetCardinalityString>
<targetEntity>7B82F09D-48E7-568B-0276-D7908D754388</targetEntity>
<transferable>true</transferable>
<deleteRule>NO ACTION</deleteRule>
</Relation>