<?xml version = '1.0' encoding = 'UTF-8'?>
<Relation class="oracle.dbtools.crest.model.design.logical.Relation" name="Relation_1" directorySegmentName="seg_0" id="DD0F70CA-B91B-A88C-A514-FA3C09A1B055">
<createdBy>Administrador</createdBy>
<createdTime>2026-02-03 00:26:31 UTC</createdTime>
<ownerDesignName>Formativa Semana 4</ownerDesignName>
<engineerTo>
<item key="05268D72-EECE-34D2-E2F7-1DF0532D443A" value="true"/>
</engineerTo>
<sourcePk>8F4F5940-F398-E909-52D4-0529ED6666F0</sourcePk>
<targetPk>9C6D8587-5B9B-A133-C337-1B432DEC8320</targetPk>
<identifying>false</identifying>
<optionalSource>false</optionalSource>
<optionalTarget>false</optionalTarget>
<sourceCardinality>1</sourceCardinality>
<sourceEntity>B9FFD23B-866D-5541-C47C-BDDA94E29292</sourceEntity>
<targetCardinalityString>1</targetCardinalityString>
<targetEntity>403CFBF2-550B-A274-130E-EE5577867C36</targetEntity>
<transferable>true</transferable>
<deleteRule>NO ACTION</deleteRule>
</Relation>