<?xml version = '1.0' encoding = 'UTF-8'?>
<Relation class="oracle.dbtools.crest.model.design.logical.Relation" name="POSTULANTE-PROFESION" directorySegmentName="seg_0" id="E3BB1283-3C2D-5553-637D-994A45A71922">
<createdBy>Administrador</createdBy>
<createdTime>2026-02-03 00:36:31 UTC</createdTime>
<ownerDesignName>Formativa Semana 4</ownerDesignName>
<engineerTo>
<item key="05268D72-EECE-34D2-E2F7-1DF0532D443A" value="true"/>
</engineerTo>
<identifying>false</identifying>
<nameOnSource>TIENE</nameOnSource>
<optionalSource>false</optionalSource>
<optionalTarget>false</optionalTarget>
<sourceCardinality>*</sourceCardinality>
<sourceEntity>B9FFD23B-866D-5541-C47C-BDDA94E29292</sourceEntity>
<targetCardinalityString>*</targetCardinalityString>
<targetEntity>B605EF7F-BCDF-EEED-7EC2-0CC024A53DB7</targetEntity>
<transferable>true</transferable>
<deleteRule>NO ACTION</deleteRule>
</Relation>