<?xml version = '1.0' encoding = 'UTF-8'?>
<Relation class="oracle.dbtools.crest.model.design.logical.Relation" name="Relation_14" directorySegmentName="seg_0" id="FB4E5A0C-60EC-1322-DEB2-FB52C230C84F">
<createdBy>Administrador</createdBy>
<createdTime>2026-02-03 00:42:40 UTC</createdTime>
<ownerDesignName>Formativa Semana 4</ownerDesignName>
<engineerTo>
<item key="05268D72-EECE-34D2-E2F7-1DF0532D443A" value="true"/>
</engineerTo>
<sourcePk>497727F0-80F5-14A0-45ED-B889251FE9B9</sourcePk>
<identifying>false</identifying>
<optionalSource>false</optionalSource>
<optionalTarget>false</optionalTarget>
<sourceCardinality>1</sourceCardinality>
<sourceEntity>44A7092E-6B9D-29C3-9CCD-C0909A534D05</sourceEntity>
<targetCardinalityString>*</targetCardinalityString>
<targetEntity>44059D05-DEA2-95E0-CA97-52C03D7A8A9C</targetEntity>
<transferable>true</transferable>
<deleteRule>NO ACTION</deleteRule>
</Relation>