<?xml version = '1.0' encoding = 'UTF-8'?>
<Relation class="oracle.dbtools.crest.model.design.logical.InheritanceRelation" name="Hierarchy_2" directorySegmentName="seg_0" id="049CB9AC-A3FA-4744-4146-3F4F1677637C">
<createdBy>Administrador</createdBy>
<createdTime>2026-02-03 00:28:31 UTC</createdTime>
<ownerDesignName>Formativa Semana 4</ownerDesignName>
<engineerTo>
<item key="05268D72-EECE-34D2-E2F7-1DF0532D443A" value="true"/>
</engineerTo>
<arc>CC2C6356-71FB-E3D3-7C32-FCC9937C8D5F</arc>
<identifying>false</identifying>
<nameOnSource>Super Type</nameOnSource>
<nameOnTarget>Sub Type</nameOnTarget>
<optionalSource>true</optionalSource>
<optionalTarget>true</optionalTarget>
<sourceEntity>403CFBF2-550B-A274-130E-EE5577867C36</sourceEntity>
<targetEntity>87E81143-4BE5-B13D-59BA-406026E5DDA6</targetEntity>
<transferable>true</transferable>
<deleteRule>NO ACTION</deleteRule>
</Relation>