<?xml version = '1.0' encoding = 'UTF-8'?>
<Relation class="oracle.dbtools.crest.model.design.logical.InheritanceRelation" name="Hierarchy_1" directorySegmentName="seg_0" id="B8CAB8DE-4AC0-3FE9-C0A8-4B28121FF8F7">
<createdBy>Administrador</createdBy>
<createdTime>2026-02-03 00:28:21 UTC</createdTime>
<ownerDesignName>Formativa Semana 4</ownerDesignName>
<engineerTo>
<item key="05268D72-EECE-34D2-E2F7-1DF0532D443A" value="true"/>
</engineerTo>
<arc>CC2C6356-71FB-E3D3-7C32-FCC9937C8D5F</arc>
<identifying>false</identifying>
<nameOnSource>Super Type</nameOnSource>
<nameOnTarget>Sub Type</nameOnTarget>
<optionalSource>true</optionalSource>
<optionalTarget>true</optionalTarget>
<sourceEntity>403CFBF2-550B-A274-130E-EE5577867C36</sourceEntity>
<targetEntity>13EB5C40-0352-19AB-9676-FC36A6041D32</targetEntity>
<transferable>true</transferable>
<deleteRule>NO ACTION</deleteRule>
</Relation>