<?xml version = '1.0' encoding = 'UTF-8'?>
<Entity class="oracle.dbtools.crest.model.design.logical.Entity" directorySegmentName="seg_0" id="15511C52-E374-0413-74A6-18002D4F096E" name="Reserva">
<createdBy>benja</createdBy>
<createdTime>2026-01-12 22:06:35 UTC</createdTime>
<ownerDesignName>Semana1</ownerDesignName>
<engineerTo>
<item key="2DBD2206-8F03-AEE2-727B-B2BBB856A28A" value="true"/>
</engineerTo>
<adequatelyNormalized>NO</adequatelyNormalized>
<expectedVolumes>0</expectedVolumes>
<fwdEngineeringStrategyName>Single Table</fwdEngineeringStrategyName>
<growthPercent>0</growthPercent>
<growthType>Year</growthType>
<maxVolumes>9999999</maxVolumes>
<minVolumes>0</minVolumes>
<normalForm>Third</normalForm>
<attributes itemClass="oracle.dbtools.crest.model.design.logical.Attribute">
<Attribute name="Numero_Reserva" id="AC8E0540-4A7C-94CA-B0D6-78D9A8E5C14D">
<createdBy>benja</createdBy>
<createdTime>2026-01-12 22:07:39 UTC</createdTime>
<ownerDesignName>Semana1</ownerDesignName>
<engineerTo>
<item key="2DBD2206-8F03-AEE2-727B-B2BBB856A28A" value="true"/>
</engineerTo>
<useDomainConstraints>false</useDomainConstraints>
<use>1</use>
<logicalDatatype>LOGDT024</logicalDatatype>
<dataTypeSize>30</dataTypeSize>
<ownDataTypeParameters>30,,</ownDataTypeParameters>
</Attribute>
<Attribute name="Fecha_Reserva" id="9113DD53-9539-9593-D1F8-8177CDF736DA">
<createdBy>benja</createdBy>
<createdTime>2026-01-12 22:09:19 UTC</createdTime>
<ownerDesignName>Semana1</ownerDesignName>
<engineerTo>
<item key="2DBD2206-8F03-AEE2-727B-B2BBB856A28A" value="true"/>
</engineerTo>
<useDomainConstraints>false</useDomainConstraints>
<use>1</use>
<logicalDatatype>LOGDT008</logicalDatatype>
<ownDataTypeParameters>,,</ownDataTypeParameters>
</Attribute>
<Attribute name="Fecha_Viaje" id="7C714777-EA4D-46DF-9D90-077CF9D8D5F8">
<createdBy>benja</createdBy>
<createdTime>2026-01-12 22:11:44 UTC</createdTime>
<ownerDesignName>Semana1</ownerDesignName>
<engineerTo>
<item key="2DBD2206-8F03-AEE2-727B-B2BBB856A28A" value="true"/>
</engineerTo>
<useDomainConstraints>false</useDomainConstraints>
<use>1</use>
<logicalDatatype>LOGDT007</logicalDatatype>
<ownDataTypeParameters>,,</ownDataTypeParameters>
</Attribute>
<Attribute name="Estado" id="3A6B3626-6382-D099-AF9F-073C46B03B59">
<createdBy>benja</createdBy>
<createdTime>2026-01-12 22:12:27 UTC</createdTime>
<comment><![CDATA[Confiramada, Nula o Cancelada]]></comment>
<ownerDesignName>Semana1</ownerDesignName>
<engineerTo>
<item key="2DBD2206-8F03-AEE2-727B-B2BBB856A28A" value="true"/>
</engineerTo>
<useDomainConstraints>false</useDomainConstraints>
<use>1</use>
<logicalDatatype>LOGDT024</logicalDatatype>
<dataTypeSize>20</dataTypeSize>
<ownDataTypeParameters>20,,</ownDataTypeParameters>
</Attribute>
<Attribute name="Pasajero_Pasaporte" id="E3173691-16B9-3722-757A-732E9537596D">
<createdBy>benja</createdBy>
<createdTime>2026-01-12 22:13:19 UTC</createdTime>
<ownerDesignName>Semana1</ownerDesignName>
<engineerTo>
<item key="2DBD2206-8F03-AEE2-727B-B2BBB856A28A" value="true"/>
</engineerTo>
<useDomainConstraints>false</useDomainConstraints>
<use>1</use>
<logicalDatatype>LOGDT024</logicalDatatype>
<dataTypeSize>20</dataTypeSize>
<ownDataTypeParameters>20,,</ownDataTypeParameters>
</Attribute>
<Attribute name="Empleado_Rut" id="7ABBEC85-117D-E1EC-53D8-EE17669FFD50">
<createdBy>benja</createdBy>
<createdTime>2026-01-12 22:32:21 UTC</createdTime>
<commentInRDBMS><![CDATA[Ej_ 20555236-6]]></commentInRDBMS>
<ownerDesignName>Semana1</ownerDesignName>
<engineerTo>
<item key="2DBD2206-8F03-AEE2-727B-B2BBB856A28A" value="true"/>
</engineerTo>
<nullsAllowed>true</nullsAllowed>
<useDomainConstraints>false</useDomainConstraints>
<use>1</use>
<logicalDatatype>LOGDT024</logicalDatatype>
<dataTypeSize>12</dataTypeSize>
<ownDataTypeParameters>12,,</ownDataTypeParameters>
</Attribute>
<Attribute name="Numero_Vuelo" id="FA8211EE-50B1-7814-0F34-6607CDFC573B">
<createdBy>benja</createdBy>
<createdTime>2026-01-12 22:32:42 UTC</createdTime>
<ownerDesignName>Semana1</ownerDesignName>
<engineerTo>
<item key="2DBD2206-8F03-AEE2-727B-B2BBB856A28A" value="true"/>
</engineerTo>
<useDomainConstraints>false</useDomainConstraints>
<use>1</use>
<logicalDatatype>LOGDT024</logicalDatatype>
<dataTypeSize>10</dataTypeSize>
<ownDataTypeParameters>10,,</ownDataTypeParameters>
</Attribute>
<Attribute name="Pasaporte" id="BBF7D3B5-F4DB-F4E4-7D54-7C3E939BB5B7">
<createdBy>milenperalta</createdBy>
<createdTime>2026-01-13 02:16:22 UTC</createdTime>
<generatorID>7810083D-E91A-B803-8A94-C58154E0A51E</generatorID>
<ownerDesignName>Semana1</ownerDesignName>
<engineerTo>
<item key="2DBD2206-8F03-AEE2-727B-B2BBB856A28A" value="true"/>
</engineerTo>
<referedAttribute>FC4717F2-AE25-AF85-1B20-260318BD130D</referedAttribute>
<useDomainConstraints>false</useDomainConstraints>
<use>1</use>
<logicalDatatype>LOGDT024</logicalDatatype>
<dataTypeSize>20</dataTypeSize>
<ownDataTypeParameters>20,,</ownDataTypeParameters>
</Attribute>
<Attribute name="Rut" id="44966476-41E7-AD1B-4CBC-E910BB4AB7BA">
<createdBy>milenperalta</createdBy>
<createdTime>2026-01-13 02:16:30 UTC</createdTime>
<comment><![CDATA[ej: 12352468-9]]></comment>
<generatorID>E4B9740A-1CCA-147D-A3C0-683829D4A5E2</generatorID>
<ownerDesignName>Semana1</ownerDesignName>
<engineerTo>
<item key="2DBD2206-8F03-AEE2-727B-B2BBB856A28A" value="true"/>
</engineerTo>
<referedAttribute>6472BF3F-9A26-F6DE-CE49-368F4C53D39F</referedAttribute>
<useDomainConstraints>false</useDomainConstraints>
<use>1</use>
<logicalDatatype>LOGDT024</logicalDatatype>
<dataTypeSize>12</dataTypeSize>
<ownDataTypeParameters>12,,</ownDataTypeParameters>
</Attribute>
<Attribute name="Numero_Vuelo1" id="5E3323F5-2F78-F6E0-12D0-3FA76029867F">
<createdBy>milenperalta</createdBy>
<createdTime>2026-01-13 02:16:35 UTC</createdTime>
<comment><![CDATA[Ej: AS156]]></comment>
<generatorID>A26332B4-8722-74E0-4278-2C80BF4B2476</generatorID>
<ownerDesignName>Semana1</ownerDesignName>
<engineerTo>
<item key="2DBD2206-8F03-AEE2-727B-B2BBB856A28A" value="true"/>
</engineerTo>
<referedAttribute>2C1E148D-80AF-0D14-4EAA-2B401008DE83</referedAttribute>
<useDomainConstraints>false</useDomainConstraints>
<use>1</use>
<logicalDatatype>LOGDT024</logicalDatatype>
<dataTypeSize>10</dataTypeSize>
<ownDataTypeParameters>10,,</ownDataTypeParameters>
</Attribute>
</attributes>
<identifiers itemClass="oracle.dbtools.crest.model.design.logical.CandidateKey">
<identifier id="40381881-3C3B-E864-8257-B402E68FFBC3" name="Reserva PK">
<createdBy>benja</createdBy>
<createdTime>2026-01-12 22:08:36 UTC</createdTime>
<ownerDesignName>Semana1</ownerDesignName>
<engineerTo>
<item key="2DBD2206-8F03-AEE2-727B-B2BBB856A28A" value="true"/>
</engineerTo>
<pk>true</pk>
<usedAttributes>
<attributeRef>AC8E0540-4A7C-94CA-B0D6-78D9A8E5C14D</attributeRef>
</usedAttributes>
</identifier>
</identifiers>
</Entity>
