<?xml version = '1.0' encoding = 'UTF-8'?>
<Entity class="oracle.dbtools.crest.model.design.logical.Entity" directorySegmentName="seg_0" id="A02ECC14-879A-85F6-7384-1282DBAE652D" name="Vuelo">
<createdBy>benja</createdBy>
<createdTime>2026-01-12 22:28:58 UTC</createdTime>
<ownerDesignName>Semana1</ownerDesignName>
<engineerTo>
<item key="2DBD2206-8F03-AEE2-727B-B2BBB856A28A" value="true"/>
</engineerTo>
<adequatelyNormalized>NO</adequatelyNormalized>
<expectedVolumes>0</expectedVolumes>
<fwdEngineeringStrategyName>Single Table</fwdEngineeringStrategyName>
<growthPercent>0</growthPercent>
<growthType>Year</growthType>
<maxVolumes>9999999</maxVolumes>
<minVolumes>0</minVolumes>
<normalForm>Third</normalForm>
<attributes itemClass="oracle.dbtools.crest.model.design.logical.Attribute">
<Attribute name="Numero_Vuelo" id="2C1E148D-80AF-0D14-4EAA-2B401008DE83">
<createdBy>benja</createdBy>
<createdTime>2026-01-12 22:29:05 UTC</createdTime>
<comment><![CDATA[Ej: AS156]]></comment>
<ownerDesignName>Semana1</ownerDesignName>
<engineerTo>
<item key="2DBD2206-8F03-AEE2-727B-B2BBB856A28A" value="true"/>
</engineerTo>
<useDomainConstraints>false</useDomainConstraints>
<use>1</use>
<logicalDatatype>LOGDT024</logicalDatatype>
<dataTypeSize>10</dataTypeSize>
<ownDataTypeParameters>10,,</ownDataTypeParameters>
</Attribute>
<Attribute name="Fecha_Despegue" id="5603F5FB-53EB-1235-4402-38C32254D90C">
<createdBy>benja</createdBy>
<createdTime>2026-01-12 22:30:30 UTC</createdTime>
<ownerDesignName>Semana1</ownerDesignName>
<engineerTo>
<item key="2DBD2206-8F03-AEE2-727B-B2BBB856A28A" value="true"/>
</engineerTo>
<useDomainConstraints>false</useDomainConstraints>
<use>1</use>
<logicalDatatype>LOGDT007</logicalDatatype>
<ownDataTypeParameters>,,</ownDataTypeParameters>
</Attribute>
<Attribute name="Hora_Salida" id="58A4A20B-590A-CD4A-D0A9-AE2EAB9C56AE">
<createdBy>benja</createdBy>
<createdTime>2026-01-12 22:30:56 UTC</createdTime>
<ownerDesignName>Semana1</ownerDesignName>
<engineerTo>
<item key="2DBD2206-8F03-AEE2-727B-B2BBB856A28A" value="true"/>
</engineerTo>
<useDomainConstraints>false</useDomainConstraints>
<use>1</use>
<logicalDatatype>LOGDT014</logicalDatatype>
<ownDataTypeParameters>,,</ownDataTypeParameters>
</Attribute>
<Attribute name="Fecha_Llegada" id="39BA15BB-C1BC-EAEC-F573-5833027393D5">
<createdBy>benja</createdBy>
<createdTime>2026-01-12 22:31:34 UTC</createdTime>
<ownerDesignName>Semana1</ownerDesignName>
<engineerTo>
<item key="2DBD2206-8F03-AEE2-727B-B2BBB856A28A" value="true"/>
</engineerTo>
<useDomainConstraints>false</useDomainConstraints>
<use>1</use>
<logicalDatatype>LOGDT007</logicalDatatype>
<ownDataTypeParameters>,,</ownDataTypeParameters>
</Attribute>
</attributes>
<identifiers itemClass="oracle.dbtools.crest.model.design.logical.CandidateKey">
<identifier id="B8D44854-E2B7-FAD5-EC90-59E89E913E98" name="Vuelo PK">
<createdBy>benja</createdBy>
<createdTime>2026-01-12 22:29:14 UTC</createdTime>
<ownerDesignName>Semana1</ownerDesignName>
<engineerTo>
<item key="2DBD2206-8F03-AEE2-727B-B2BBB856A28A" value="true"/>
</engineerTo>
<pk>true</pk>
<usedAttributes>
<attributeRef>2C1E148D-80AF-0D14-4EAA-2B401008DE83</attributeRef>
</usedAttributes>
</identifier>
</identifiers>
</Entity>
