<?xml version = '1.0' encoding = 'UTF-8'?>
<Entity class="oracle.dbtools.crest.model.design.logical.Entity" directorySegmentName="seg_0" id="B344CE25-9A0E-8560-C352-B07545F1C33A" name="Pasajero">
<createdBy>benja</createdBy>
<createdTime>2026-01-12 21:34:52 UTC</createdTime>
<ownerDesignName>Semana1</ownerDesignName>
<engineerTo>
<item key="2DBD2206-8F03-AEE2-727B-B2BBB856A28A" value="true"/>
</engineerTo>
<adequatelyNormalized>NO</adequatelyNormalized>
<expectedVolumes>0</expectedVolumes>
<fwdEngineeringStrategyName>Single Table</fwdEngineeringStrategyName>
<growthPercent>0</growthPercent>
<growthType>Year</growthType>
<maxVolumes>9999999</maxVolumes>
<minVolumes>0</minVolumes>
<normalForm>Third</normalForm>
<attributes itemClass="oracle.dbtools.crest.model.design.logical.Attribute">
<Attribute name="Pasaporte" id="FC4717F2-AE25-AF85-1B20-260318BD130D">
<createdBy>benja</createdBy>
<createdTime>2026-01-12 21:35:23 UTC</createdTime>
<ownerDesignName>Semana1</ownerDesignName>
<engineerTo>
<item key="2DBD2206-8F03-AEE2-727B-B2BBB856A28A" value="true"/>
</engineerTo>
<useDomainConstraints>false</useDomainConstraints>
<use>1</use>
<logicalDatatype>LOGDT024</logicalDatatype>
<dataTypeSize>20</dataTypeSize>
<ownDataTypeParameters>20,,</ownDataTypeParameters>
</Attribute>
<Attribute name="Nombre_Completo" id="58476F16-FD7F-05D4-2B07-86754D834900">
<createdBy>benja</createdBy>
<createdTime>2026-01-12 21:49:01 UTC</createdTime>
<ownerDesignName>Semana1</ownerDesignName>
<engineerTo>
<item key="2DBD2206-8F03-AEE2-727B-B2BBB856A28A" value="true"/>
</engineerTo>
<useDomainConstraints>false</useDomainConstraints>
<use>1</use>
<logicalDatatype>LOGDT024</logicalDatatype>
<dataTypeSize>150</dataTypeSize>
<ownDataTypeParameters>150,,</ownDataTypeParameters>
</Attribute>
<Attribute name="Fecha_Nacimiento" id="342E33BB-DEF6-27EB-E4DC-B882E5EF2BB6">
<createdBy>benja</createdBy>
<createdTime>2026-01-12 21:51:10 UTC</createdTime>
<ownerDesignName>Semana1</ownerDesignName>
<engineerTo>
<item key="2DBD2206-8F03-AEE2-727B-B2BBB856A28A" value="true"/>
</engineerTo>
<useDomainConstraints>false</useDomainConstraints>
<use>1</use>
<logicalDatatype>LOGDT007</logicalDatatype>
<ownDataTypeParameters>,,</ownDataTypeParameters>
</Attribute>
<Attribute name="Nacionalidad" id="8214ADB4-1D60-43B2-AF14-20D95F28BFE2">
<createdBy>benja</createdBy>
<createdTime>2026-01-12 21:52:14 UTC</createdTime>
<ownerDesignName>Semana1</ownerDesignName>
<engineerTo>
<item key="2DBD2206-8F03-AEE2-727B-B2BBB856A28A" value="true"/>
</engineerTo>
<useDomainConstraints>false</useDomainConstraints>
<use>1</use>
<logicalDatatype>LOGDT024</logicalDatatype>
<dataTypeSize>50</dataTypeSize>
<ownDataTypeParameters>50,,</ownDataTypeParameters>
</Attribute>
<Attribute name="Telefono" id="06703D8C-9BA3-C585-8251-5A9130D7F077">
<createdBy>benja</createdBy>
<createdTime>2026-01-12 21:53:14 UTC</createdTime>
<ownerDesignName>Semana1</ownerDesignName>
<engineerTo>
<item key="2DBD2206-8F03-AEE2-727B-B2BBB856A28A" value="true"/>
</engineerTo>
<nullsAllowed>true</nullsAllowed>
<useDomainConstraints>false</useDomainConstraints>
<use>1</use>
<logicalDatatype>LOGDT024</logicalDatatype>
<dataTypeSize>20</dataTypeSize>
<ownDataTypeParameters>20,,</ownDataTypeParameters>
</Attribute>
</attributes>
<identifiers itemClass="oracle.dbtools.crest.model.design.logical.CandidateKey">
<identifier id="FDE68B78-4320-8FA0-AA9B-9587C76D5634" name="Pasajero PK">
<createdBy>benja</createdBy>
<createdTime>2026-01-12 21:40:47 UTC</createdTime>
<ownerDesignName>Semana1</ownerDesignName>
<engineerTo>
<item key="2DBD2206-8F03-AEE2-727B-B2BBB856A28A" value="true"/>
</engineerTo>
<pk>true</pk>
<usedAttributes>
<attributeRef>FC4717F2-AE25-AF85-1B20-260318BD130D</attributeRef>
</usedAttributes>
</identifier>
</identifiers>
</Entity>
