<?xml version = '1.0' encoding = 'UTF-8'?>
<relationalModel class="oracle.dbtools.crest.model.design.relational.RelationalDesign" name="Relational_1" id="AC922F31-0B67-4C79-57E8-927F5F85E84E" mainViewID="B09D29BF-8341-96BB-8DF9-0A4380D19945">
<createdBy>Administrador</createdBy>
<createdTime>2026-02-04 19:51:20 UTC</createdTime>
<ownerDesignName>Semana5</ownerDesignName>
<shouldBeOpen>false</shouldBeOpen>
<selectedRDBMSSite>32076570-2523-435C-2E92-BF29817DFF70</selectedRDBMSSite>
</relationalModel>