<?xml version = '1.0' encoding = 'UTF-8'?>
<Relation class="oracle.dbtools.crest.model.design.logical.Relation" name="Relation_23" directorySegmentName="seg_0" id="0968295A-90DE-2BD8-7CB6-7591F4551879">
<createdBy>Administrador</createdBy>
<createdTime>2026-02-04 23:33:35 UTC</createdTime>
<ownerDesignName>Semana5</ownerDesignName>
<engineerTo>
<item key="AC922F31-0B67-4C79-57E8-927F5F85E84E" value="true"/>
</engineerTo>
<sourcePk>EA52917E-1EBC-A5A7-C9FE-3CCB7F3ABC72</sourcePk>
<identifying>true</identifying>
<optionalSource>true</optionalSource>
<optionalTarget>false</optionalTarget>
<sourceCardinality>1</sourceCardinality>
<sourceEntity>82991505-9294-7D62-9D1D-2855CDE01879</sourceEntity>
<targetCardinalityString>*</targetCardinalityString>
<targetEntity>FD2C7D6F-C39B-87BC-9FAE-E6D926269448</targetEntity>
<transferable>true</transferable>
<deleteRule>NO ACTION</deleteRule>
</Relation>