<?xml version = '1.0' encoding = 'UTF-8'?>
<Relation class="oracle.dbtools.crest.model.design.logical.Relation" name="Relation_22" directorySegmentName="seg_0" id="45B08C27-9794-10B6-2C49-BDED07599382">
<createdBy>Administrador</createdBy>
<createdTime>2026-02-04 23:32:01 UTC</createdTime>
<ownerDesignName>Semana5</ownerDesignName>
<engineerTo>
<item key="AC922F31-0B67-4C79-57E8-927F5F85E84E" value="true"/>
</engineerTo>
<sourcePk>EA52917E-1EBC-A5A7-C9FE-3CCB7F3ABC72</sourcePk>
<identifying>true</identifying>
<optionalSource>true</optionalSource>
<optionalTarget>false</optionalTarget>
<sourceCardinality>1</sourceCardinality>
<sourceEntity>82991505-9294-7D62-9D1D-2855CDE01879</sourceEntity>
<targetCardinalityString>*</targetCardinalityString>
<targetEntity>5FEB5CCF-3C4B-02A3-703C-956A7AF263FD</targetEntity>
<transferable>true</transferable>
<deleteRule>NO ACTION</deleteRule>
</Relation>