<?xml version = '1.0' encoding = 'UTF-8'?>
<Relation class="oracle.dbtools.crest.model.design.logical.Relation" name="Relation_19" directorySegmentName="seg_0" id="52A10D40-68B9-DED2-F30F-485AB320F051">
<createdBy>Administrador</createdBy>
<createdTime>2026-02-04 21:48:21 UTC</createdTime>
<ownerDesignName>Semana5</ownerDesignName>
<engineerTo>
<item key="AC922F31-0B67-4C79-57E8-927F5F85E84E" value="true"/>
</engineerTo>
<sourcePk>E830974F-33DE-E23F-8D1E-4AA119CBF3FE</sourcePk>
<identifying>true</identifying>
<optionalSource>false</optionalSource>
<optionalTarget>false</optionalTarget>
<sourceCardinality>1</sourceCardinality>
<sourceEntity>FD2C7D6F-C39B-87BC-9FAE-E6D926269448</sourceEntity>
<targetCardinalityString>*</targetCardinalityString>
<targetEntity>527348B9-A31B-8EF4-A8A9-E1D3F6056535</targetEntity>
<transferable>true</transferable>
<deleteRule>NO ACTION</deleteRule>
</Relation>