<?xml version = '1.0' encoding = 'UTF-8'?>
<Relation class="oracle.dbtools.crest.model.design.logical.Relation" name="Relation_29" directorySegmentName="seg_0" id="62B5FA8E-74D2-6C15-252F-5C748A5BC5CA">
<createdBy>Administrador</createdBy>
<createdTime>2026-02-05 03:07:44 UTC</createdTime>
<ownerDesignName>Semana5</ownerDesignName>
<engineerTo>
<item key="AC922F31-0B67-4C79-57E8-927F5F85E84E" value="true"/>
</engineerTo>
<sourcePk>734D17D6-CA96-DEB5-CA81-79713BB24DAC</sourcePk>
<identifying>false</identifying>
<optionalSource>true</optionalSource>
<optionalTarget>false</optionalTarget>
<sourceCardinality>1</sourceCardinality>
<sourceEntity>527348B9-A31B-8EF4-A8A9-E1D3F6056535</sourceEntity>
<targetCardinalityString>*</targetCardinalityString>
<targetEntity>5C4A2550-5D23-07AA-5CB8-21FBD37476BC</targetEntity>
<transferable>true</transferable>
<deleteRule>NO ACTION</deleteRule>
</Relation>