<?xml version = '1.0' encoding = 'UTF-8'?>
<Relation class="oracle.dbtools.crest.model.design.logical.Relation" name="COMUNA-SUCURSAL" directorySegmentName="seg_0" id="8B2EE663-D168-4B6F-1379-300C47805544">
<createdBy>Administrador</createdBy>
<createdTime>2026-02-04 20:10:30 UTC</createdTime>
<ownerDesignName>Semana5</ownerDesignName>
<engineerTo>
<item key="AC922F31-0B67-4C79-57E8-927F5F85E84E" value="true"/>
</engineerTo>
<sourcePk>EA52917E-1EBC-A5A7-C9FE-3CCB7F3ABC72</sourcePk>
<identifying>true</identifying>
<nameOnSource>tiene</nameOnSource>
<optionalSource>true</optionalSource>
<optionalTarget>false</optionalTarget>
<sourceCardinality>1</sourceCardinality>
<sourceEntity>82991505-9294-7D62-9D1D-2855CDE01879</sourceEntity>
<targetCardinalityString>*</targetCardinalityString>
<targetEntity>8CD102B7-4C73-BED4-E7F6-4EEE576ACAF3</targetEntity>
<transferable>true</transferable>
<deleteRule>NO ACTION</deleteRule>
</Relation>