<?xml version = '1.0' encoding = 'UTF-8'?>
<Relation class="oracle.dbtools.crest.model.design.logical.Relation" name="Relation_16" directorySegmentName="seg_0" id="8FF1EA0D-0019-9F7F-AD5B-1B2EDC0C80BC">
<createdBy>Administrador</createdBy>
<createdTime>2026-02-04 21:38:20 UTC</createdTime>
<ownerDesignName>Semana5</ownerDesignName>
<engineerTo>
<item key="AC922F31-0B67-4C79-57E8-927F5F85E84E" value="true"/>
</engineerTo>
<sourcePk>1F857576-9921-582A-D9A8-6F5E52DB6596</sourcePk>
<identifying>true</identifying>
<nameOnSource>tiene</nameOnSource>
<nameOnTarget>pertenece</nameOnTarget>
<optionalSource>false</optionalSource>
<optionalTarget>false</optionalTarget>
<sourceCardinality>1</sourceCardinality>
<sourceEntity>00DEA05D-5145-E3B5-284E-08354764FFC7</sourceEntity>
<targetCardinalityString>*</targetCardinalityString>
<targetEntity>EFF99D37-977D-61D3-55E8-A97AFC8FB496</targetEntity>
<transferable>true</transferable>
<deleteRule>NO ACTION</deleteRule>
</Relation>