<?xml version = '1.0' encoding = 'UTF-8'?>
<Relation class="oracle.dbtools.crest.model.design.logical.Relation" name="Relation_27" directorySegmentName="seg_0" id="AC12693B-57CF-7E22-B5F4-43A444B06C4A">
<createdBy>Administrador</createdBy>
<createdTime>2026-02-05 03:02:40 UTC</createdTime>
<ownerDesignName>Semana5</ownerDesignName>
<engineerTo>
<item key="AC922F31-0B67-4C79-57E8-927F5F85E84E" value="true"/>
</engineerTo>
<identifying>false</identifying>
<optionalSource>true</optionalSource>
<optionalTarget>false</optionalTarget>
<sourceCardinality>*</sourceCardinality>
<sourceEntity>58CA8E54-0E2D-E83C-BD73-37A4C44A20C3</sourceEntity>
<targetCardinalityString>*</targetCardinalityString>
<targetEntity>527348B9-A31B-8EF4-A8A9-E1D3F6056535</targetEntity>
<transferable>true</transferable>
<deleteRule>NO ACTION</deleteRule>
</Relation>