<?xml version = '1.0' encoding = 'UTF-8'?>
<Relation class="oracle.dbtools.crest.model.design.logical.Relation" name="Relation_25" directorySegmentName="seg_0" id="B00A739F-F338-F56C-7F6A-F7D028B376E3">
<createdBy>Administrador</createdBy>
<createdTime>2026-02-04 23:39:25 UTC</createdTime>
<ownerDesignName>Semana5</ownerDesignName>
<engineerTo>
<item key="AC922F31-0B67-4C79-57E8-927F5F85E84E" value="true"/>
</engineerTo>
<sourcePk>04765308-61FE-33D8-D619-D8271C3B5E8B</sourcePk>
<identifying>true</identifying>
<optionalSource>true</optionalSource>
<optionalTarget>false</optionalTarget>
<sourceCardinality>1</sourceCardinality>
<sourceEntity>8CD102B7-4C73-BED4-E7F6-4EEE576ACAF3</sourceEntity>
<targetCardinalityString>*</targetCardinalityString>
<targetEntity>58CA8E54-0E2D-E83C-BD73-37A4C44A20C3</targetEntity>
<transferable>true</transferable>
<deleteRule>NO ACTION</deleteRule>
</Relation>