<?xml version = '1.0' encoding = 'UTF-8'?>
<Relation class="oracle.dbtools.crest.model.design.logical.Relation" name="Relation_20" directorySegmentName="seg_0" id="C1E503BA-2AF6-1DFF-B668-A315558D9BC2">
<createdBy>Administrador</createdBy>
<createdTime>2026-02-04 21:49:09 UTC</createdTime>
<ownerDesignName>Semana5</ownerDesignName>
<engineerTo>
<item key="AC922F31-0B67-4C79-57E8-927F5F85E84E" value="true"/>
</engineerTo>
<sourcePk>5D26D17B-B91F-1CA8-7A96-97BB8DE18259</sourcePk>
<identifying>true</identifying>
<optionalSource>false</optionalSource>
<optionalTarget>false</optionalTarget>
<sourceCardinality>1</sourceCardinality>
<sourceEntity>D947E743-AD83-BF89-AC11-EB680047A3AA</sourceEntity>
<targetCardinalityString>*</targetCardinalityString>
<targetEntity>58CA8E54-0E2D-E83C-BD73-37A4C44A20C3</targetEntity>
<transferable>true</transferable>
<deleteRule>NO ACTION</deleteRule>
</Relation>