<?xml version = '1.0' encoding = 'UTF-8'?>
<Relation class="oracle.dbtools.crest.model.design.logical.Relation" name="Relation_30" directorySegmentName="seg_0" id="C7FEA04F-E4CA-0D26-218D-49327FF5F12D">
<createdBy>Administrador</createdBy>
<createdTime>2026-02-05 03:08:01 UTC</createdTime>
<ownerDesignName>Semana5</ownerDesignName>
<engineerTo>
<item key="AC922F31-0B67-4C79-57E8-927F5F85E84E" value="true"/>
</engineerTo>
<sourcePk>4DCE14EB-64CD-01D0-83C8-A2490C4CABB8</sourcePk>
<identifying>false</identifying>
<optionalSource>true</optionalSource>
<optionalTarget>false</optionalTarget>
<sourceCardinality>1</sourceCardinality>
<sourceEntity>58CA8E54-0E2D-E83C-BD73-37A4C44A20C3</sourceEntity>
<targetCardinalityString>*</targetCardinalityString>
<targetEntity>5C4A2550-5D23-07AA-5CB8-21FBD37476BC</targetEntity>
<transferable>true</transferable>
<deleteRule>NO ACTION</deleteRule>
</Relation>