<?xml version = '1.0' encoding = 'UTF-8'?>
<Relation class="oracle.dbtools.crest.model.design.logical.Relation" name="Relation_17" directorySegmentName="seg_0" id="D13803F6-DE02-734D-330A-5CAF6F8156DF">
<createdBy>Administrador</createdBy>
<createdTime>2026-02-04 21:46:52 UTC</createdTime>
<ownerDesignName>Semana5</ownerDesignName>
<engineerTo>
<item key="AC922F31-0B67-4C79-57E8-927F5F85E84E" value="true"/>
</engineerTo>
<sourcePk>2D1B3CFD-BE46-3120-83FB-BF822013BF88</sourcePk>
<identifying>true</identifying>
<optionalSource>false</optionalSource>
<optionalTarget>false</optionalTarget>
<sourceCardinality>1</sourceCardinality>
<sourceEntity>EFF99D37-977D-61D3-55E8-A97AFC8FB496</sourceEntity>
<targetCardinalityString>*</targetCardinalityString>
<targetEntity>58CA8E54-0E2D-E83C-BD73-37A4C44A20C3</targetEntity>
<transferable>true</transferable>
<deleteRule>NO ACTION</deleteRule>
</Relation>