<?xml version = '1.0' encoding = 'UTF-8'?>
<Relation class="oracle.dbtools.crest.model.design.logical.Relation" name="Relation_18" directorySegmentName="seg_0" id="ECC57DBA-7C67-4ECF-E2C6-4301C6B7B441">
<createdBy>Administrador</createdBy>
<createdTime>2026-02-04 21:47:31 UTC</createdTime>
<ownerDesignName>Semana5</ownerDesignName>
<engineerTo>
<item key="AC922F31-0B67-4C79-57E8-927F5F85E84E" value="true"/>
</engineerTo>
<identifying>false</identifying>
<optionalSource>false</optionalSource>
<optionalTarget>false</optionalTarget>
<sourceCardinality>*</sourceCardinality>
<sourceEntity>6DE54EC5-B090-7F82-937D-860992266DB1</sourceEntity>
<targetCardinalityString>*</targetCardinalityString>
<targetEntity>58CA8E54-0E2D-E83C-BD73-37A4C44A20C3</targetEntity>
<transferable>true</transferable>
<deleteRule>NO ACTION</deleteRule>
</Relation>