<?xml version = '1.0' encoding = 'UTF-8'?>
<Relation class="oracle.dbtools.crest.model.design.logical.Relation" name="Relation_2" directorySegmentName="seg_0" id="F26DD836-BE5C-0D1B-AB30-7CCA6E5CA032">
<createdBy>Administrador</createdBy>
<createdTime>2026-02-04 20:42:39 UTC</createdTime>
<ownerDesignName>Semana5</ownerDesignName>
<engineerTo>
<item key="AC922F31-0B67-4C79-57E8-927F5F85E84E" value="true"/>
</engineerTo>
<sourcePk>CF177C27-B9F9-D047-6F99-1B2B4CEC5115</sourcePk>
<identifying>true</identifying>
<nameOnSource>tiene</nameOnSource>
<optionalSource>false</optionalSource>
<optionalTarget>false</optionalTarget>
<sourceCardinality>1</sourceCardinality>
<sourceEntity>2849A431-E24F-F8DD-B6F8-11584A8C0841</sourceEntity>
<targetCardinalityString>*</targetCardinalityString>
<targetEntity>82991505-9294-7D62-9D1D-2855CDE01879</targetEntity>
<transferable>true</transferable>
<deleteRule>NO ACTION</deleteRule>
</Relation>