<?xml version = '1.0' encoding = 'UTF-8'?>
<Relation class="oracle.dbtools.crest.model.design.logical.Relation" name="Relation_3" directorySegmentName="seg_0" id="FA881311-30E3-B037-7A3B-F7E4BC13831C">
<createdBy>Administrador</createdBy>
<createdTime>2026-02-04 21:23:14 UTC</createdTime>
<ownerDesignName>Semana5</ownerDesignName>
<engineerTo>
<item key="AC922F31-0B67-4C79-57E8-927F5F85E84E" value="true"/>
</engineerTo>
<sourcePk>7F02466B-3214-4744-737C-052FA7918A97</sourcePk>
<identifying>true</identifying>
<nameOnSource>gestiona</nameOnSource>
<optionalSource>false</optionalSource>
<optionalTarget>false</optionalTarget>
<sourceCardinality>1</sourceCardinality>
<sourceEntity>5FEB5CCF-3C4B-02A3-703C-956A7AF263FD</sourceEntity>
<targetCardinalityString>*</targetCardinalityString>
<targetEntity>58CA8E54-0E2D-E83C-BD73-37A4C44A20C3</targetEntity>
<transferable>true</transferable>
<deleteRule>NO ACTION</deleteRule>
</Relation>