<?xml version = '1.0' encoding = 'UTF-8'?>
<Relation class="oracle.dbtools.crest.model.design.logical.InheritanceRelation" name="Hierarchy_2" directorySegmentName="seg_0" id="DA073490-B0CF-52AF-0BA2-57632EBFE535">
<createdBy>Administrador</createdBy>
<createdTime>2026-02-04 20:17:18 UTC</createdTime>
<ownerDesignName>Semana5</ownerDesignName>
<engineerTo>
<item key="AC922F31-0B67-4C79-57E8-927F5F85E84E" value="true"/>
</engineerTo>
<arc>C002CB83-6247-53FE-1138-B16F6CA74CDB</arc>
<identifying>false</identifying>
<nameOnSource>Super Type</nameOnSource>
<nameOnTarget>Sub Type</nameOnTarget>
<optionalSource>true</optionalSource>
<optionalTarget>true</optionalTarget>
<sourceEntity>5FEB5CCF-3C4B-02A3-703C-956A7AF263FD</sourceEntity>
<targetEntity>BB70E8F6-B6E7-5FCA-6332-2683D31073B6</targetEntity>
<transferable>true</transferable>
<deleteRule>NO ACTION</deleteRule>
</Relation>